<aetgt:getResponse xmlns:aetgt="http://schemas.active-endpoints.com/appmodules/repository/2010/10/avrepository.xsd"
                   xmlns:types1="http://schemas.active-endpoints.com/appmodules/repository/2010/10/avrepository.xsd">
   <types1:Item>
      <types1:EntryId>Xxpr1Iw8jIw8jIw-gt-408899-2020-04-15T20:11:19.796Z::po.xml</types1:EntryId>
      <types1:Name>StudentCurriculum-1</types1:Name>
      <types1:MimeType>application/xml+processobject</types1:MimeType>
      <types1:Description/>
      <types1:AppliesTo/>
      <types1:Tags/>
      <types1:VersionLabel>1.0</types1:VersionLabel>
      <types1:State>CURRENT</types1:State>
      <types1:ProcessGroup/>
      <types1:CreatedBy>sramsett@gmu.edu</types1:CreatedBy>
      <types1:CreationDate>2020-04-15T20:11:20Z</types1:CreationDate>
      <types1:ModifiedBy/>
      <types1:PublicationStatus>unpublished</types1:PublicationStatus>
      <types1:AutosaveExists>false</types1:AutosaveExists>
      <types1:Entry>
         <processObject xmlns="http://schemas.active-endpoints.com/appmodules/screenflow/2011/06/avosHostEnvironment.xsd"
                        xmlns:aetgt="http://schemas.informatica.com/socrates/processobject/factory/2019/07/internal/infaProcessObjectFactory.xsd"
                        xmlns:internal2="http://schemas.informatica.com/socrates/processobject/factory/2019/07/internal/infaProcessObjectFactory.xsd"
                        isByCopy="true"
                        name="StudentCurriculum-1">
            <description xmlns:ns2="http://schemas.active-endpoints.com/appmodules/screenflow/2011/07/avosCommon.xsd">This object was generated from [StudentCurriculum complex type] located in the [StudentCurriculum-v1-swagger.xsd] source XML schema.</description>
            <detail>
               <field label="student" name="student" type="reference">
                  <options>
                     <option xmlns:ns2="http://schemas.active-endpoints.com/appmodules/screenflow/2011/07/avosCommon.xsd"
                             name="referenceTo">$po:Student</option>
                     <option name="guid">7Zfsous18QQlrdKBpPdx6n</option>
                     <option name="relationshipName">Child</option>
                  </options>
               </field>
               <field label="programs" name="programs" type="objectlist">
                  <options>
                     <option xmlns:ns2="http://schemas.active-endpoints.com/appmodules/screenflow/2011/07/avosCommon.xsd"
                             name="referenceTo">$po:Curriculum</option>
                     <option name="guid">g7kbqYTWikHi4XBjrrR3Ub</option>
                     <option name="relationshipName">Child</option>
                  </options>
               </field>
            </detail>
         </processObject>
      </types1:Entry>
      <types1:GUID>dJIIshfdYWtiUeifD7vzYw</types1:GUID>
      <types1:DisplayName>StudentCurriculum</types1:DisplayName>
   </types1:Item>
   <types1:CurrentServerDateTime>2020-06-23T19:59:48.121Z</types1:CurrentServerDateTime>
</aetgt:getResponse>
