<aetgt:getResponse xmlns:aetgt="http://schemas.active-endpoints.com/appmodules/repository/2010/10/avrepository.xsd"
                   xmlns:types1="http://schemas.active-endpoints.com/appmodules/repository/2010/10/avrepository.xsd">
   <types1:Item>
      <types1:EntryId>MZgpDqotxGomUhG-gt-371038-2020-04-15T20:11:19.623Z::po.xml</types1:EntryId>
      <types1:Name>StudentCurriculumV1Response-1</types1:Name>
      <types1:ParentFlowIds>8ZAZf5kck8jKBme-gt-2176808-2020-04-10T16:54:41.963Z::pd.xml</types1:ParentFlowIds>
      <types1:MimeType>application/xml+processobject</types1:MimeType>
      <types1:Description>This object was generated from [StudentCurriculum_v1Response complex type] located in the [StudentCurriculum-v1-swagger.xsd] source XML schema.</types1:Description>
      <types1:AppliesTo/>
      <types1:Tags/>
      <types1:VersionLabel>1.0</types1:VersionLabel>
      <types1:State>CURRENT</types1:State>
      <types1:ProcessGroup/>
      <types1:CreatedBy>sramsett@gmu.edu</types1:CreatedBy>
      <types1:CreationDate>2020-04-15T20:11:20Z</types1:CreationDate>
      <types1:ModifiedBy>mlulis@gmu.edu.dev</types1:ModifiedBy>
      <types1:ModificationDate>2020-04-22T20:52:04Z</types1:ModificationDate>
      <types1:PublicationStatus>unpublished</types1:PublicationStatus>
      <types1:AutosaveExists>false</types1:AutosaveExists>
      <types1:Entry>
         <processObject xmlns="http://schemas.active-endpoints.com/appmodules/screenflow/2011/06/avosHostEnvironment.xsd"
                        displayName="StudentCurriculumV1Response"
                        isByCopy="true"
                        name="StudentCurriculumV1Response-1">
            <description>This object was generated from [StudentCurriculum_v1Response complex type] located in the [StudentCurriculum-v1-swagger.xsd] source XML schema.</description>
            <tags/>
            <detail>
               <field label="metadata" name="metadata" type="reference">
                  <options>
                     <option name="referenceTo">$po:MetadataInfo</option>
                     <option name="guid">1zxxcPzMaeUgt3LjgnBlKR</option>
                     <option name="relationshipName">Child</option>
                  </options>
               </field>
               <field label="data" name="data" type="objectlist">
                  <options>
                     <option name="referenceTo">$po:StudentCurriculum-1</option>
                     <option name="guid">dJIIshfdYWtiUeifD7vzYw</option>
                     <option name="relationshipName">Child</option>
                  </options>
               </field>
            </detail>
         </processObject>
      </types1:Entry>
      <types1:GUID>0GRMgKPxrwUjlorJ5cpjge</types1:GUID>
      <types1:DisplayName>StudentCurriculumV1Response</types1:DisplayName>
   </types1:Item>
   <types1:CurrentServerDateTime>2020-06-23T19:59:48.446Z</types1:CurrentServerDateTime>
</aetgt:getResponse>
