<aetgt:getResponse xmlns:aetgt="http://schemas.active-endpoints.com/appmodules/repository/2010/10/avrepository.xsd"
                   xmlns:types1="http://schemas.active-endpoints.com/appmodules/repository/2010/10/avrepository.xsd">
   <types1:Item>
      <types1:EntryId>iUQbgdwUiQLnzYL-gt-1660387-2018-09-05T16:42:30.132Z::pd.xml</types1:EntryId>
      <types1:Name>createXMLConfig-1</types1:Name>
      <types1:MimeType>application/xml+process</types1:MimeType>
      <types1:Description/>
      <types1:AppliesTo/>
      <types1:Tags/>
      <types1:VersionLabel>1.0</types1:VersionLabel>
      <types1:State>CURRENT</types1:State>
      <types1:ProcessGroup/>
      <types1:CreatedBy>smanes@informatica.com.demo.ga</types1:CreatedBy>
      <types1:CreationDate>2018-09-05T16:42:30Z</types1:CreationDate>
      <types1:ModifiedBy>smanes@informatica.com.demo.ga</types1:ModifiedBy>
      <types1:ModificationDate>2019-04-02T15:18:23Z</types1:ModificationDate>
      <types1:PublicationStatus>unpublished</types1:PublicationStatus>
      <types1:AutosaveExists>false</types1:AutosaveExists>
      <types1:Entry>
         <process xmlns="http://schemas.active-endpoints.com/appmodules/screenflow/2010/10/avosScreenflow.xsd"
                  xmlns:list="urn:activevos:spi:list:functions"
                  displayName="createXMLConfig"
                  name="createXMLConfig-1">
            <appliesTo/>
            <description/>
            <tags/>
            <generator>Informatica Process Designer 9</generator>
            <input>
               <parameter description="" name="inp_user" required="true" type="reference">
                  <options>
                     <option name="referenceTo">$po:User</option>
                     <option name="required">false</option>
                     <option name="isCopy">true</option>
                     <option name="guid">8VZKmnawV4wePqJEgJTvuJ</option>
                  </options>
               </parameter>
            </input>
            <notes/>
            <deployment suspendOnFault="false" tracingLevel="none">
               <rest/>
            </deployment>
            <flow id="a">
               <start id="b">
                  <link id="jjg9vgkg" targetId="jjg9vgkf"/>
               </start>
               <assignment id="jjg9vgkf">
                  <title>Assignment 1</title>
                  <link id="jjg9vgkh" targetId="c"/>
               </assignment>
               <end id="c"/>
            </flow>
         </process>
      </types1:Entry>
      <types1:GUID>2FkMj1iLHgSgID63Eb9s0A</types1:GUID>
      <types1:DisplayName>createXMLConfig</types1:DisplayName>
   </types1:Item>
   <types1:CurrentServerDateTime>2019-04-23T19:00:32.063Z</types1:CurrentServerDateTime>
</aetgt:getResponse>
