{"EntryId":{"$t":"cmYsGuDoWn2sqeE-gt-663877-2018-06-21T05:02:04.42Z::pd.xml"},"Name":{"$t":"Export_from_IICS"},"MimeType":{"$t":"application\/xml+process"},"Description":{},"AppliesTo":{},"Tags":{},"VersionLabel":{"$t":"1.0"},"State":{"$t":"CURRENT"},"ProcessGroup":{},"CreatedBy":{"$t":"sorabh@na1.dm-us.org"},"CreationDate":{"$t":"2018-06-21T05:02:04Z"},"ModifiedBy":{"$t":"sorabh@na1.dm-us.org"},"ModificationDate":{"$t":"2018-07-31T09:55:31Z"},"PublicationStatus":{"$t":"unpublished"},"AutosaveExists":{"$t":"false"},"Entry":{"process":{"displayName":"Export from IICS","name":"Export_from_IICS","xmlns":"http:\/\/schemas.active-endpoints.com\/appmodules\/screenflow\/2010\/10\/avosScreenflow.xsd","xmlns$aetgt":"http:\/\/schemas.active-endpoints.com\/appmodules\/repository\/2010\/10\/avrepository.xsd","xmlns$list":"urn:activevos:spi:list:functions","appliesTo":{},"description":{},"tags":{},"generator":{"$t":"Informatica Process Designer 9"},"input":{"parameter":[{"description":"","name":"ExportOrgHostName","required":"true","type":"string","options":{"option":{"name":"required","$t":"false"}}},{"description":"","name":"IICSSessionId","required":"true","type":"string","options":{"option":{"name":"required","$t":"false"}}},{"description":"","name":"ExportAssetLookupRequest","required":"true","type":"reference","options":{"option":[{"name":"referenceTo","$t":"IICS-REST-API-actions:LookUpObjectRequest"},{"name":"required","$t":"false"},{"name":"isCopy","$t":"true"},{"name":"guid","$t":"8aOwbKjI2W7gAcny4H27ew"}]}}]},"output":{"field":{"description":"","name":"ExportAssetLookupResponse","type":"reference","options":{"option":[{"name":"referenceTo","$t":"IICS-REST-API-actions:LookUpResponse"},{"name":"required","$t":"false"},{"name":"isCopy","$t":"true"},{"name":"guid","$t":"8aOwbKjI2W7gAcny4H27ew"}]}}},"tempFields":{"field":[{"description":"","name":"LoginRequest","type":"reference","options":{"option":[{"name":"referenceTo","$t":"IICS-REST-API-actions:LoginRequest"},{"name":"required","$t":"false"},{"name":"isCopy","$t":"true"},{"name":"guid","$t":"8aOwbKjI2W7gAcny4H27ew"}]}},{"description":"","name":"LookupRequest","type":"reference","options":{"option":[{"name":"referenceTo","$t":"IICS-REST-API-actions:LookUpRequest"},{"name":"required","$t":"false"},{"name":"isCopy","$t":"true"},{"name":"guid","$t":"8aOwbKjI2W7gAcny4H27ew"}]}},{"description":"","name":"StartExportJobRequest","type":"reference","options":{"option":[{"name":"referenceTo","$t":"IICS-REST-API-actions:StartExportJobRequest"},{"name":"required","$t":"false"},{"name":"isCopy","$t":"true"},{"name":"guid","$t":"8aOwbKjI2W7gAcny4H27ew"}]}},{"description":"","name":"UploadImportPackageRequest","type":"reference","options":{"option":[{"name":"referenceTo","$t":"IICS-REST-API-actions:UploadImportPackageRequest"},{"name":"required","$t":"false"},{"name":"isCopy","$t":"true"},{"name":"guid","$t":"8aOwbKjI2W7gAcny4H27ew"}]}}]},"notes":{},"deployment":{"suspendOnFault":"false","tracingLevel":"verbose","rest":{}},"flow":{"id":"a","start":{"id":"b","link":{"id":"jio4map4","targetId":"ji5r8c63"}},"service":[{"id":"ji5r8c63","title":{"$t":"Lookup Asset to be Exported"},"serviceName":{"$t":"IICS-REST-API-actions:PublicCoreV3LookupPost"},"serviceGUID":{"$t":"8aOwbKjI2W7gAcny4H27ew"},"serviceInput":{"parameter":[{"name":"INFA_SESSION_ID","source":"field","updatable":"true","$t":"input.IICSSessionId"},{"name":"body","source":"field","$t":"input.ExportAssetLookupRequest"},{"name":"hostName","source":"field","updatable":"true","$t":"input.ExportOrgHostName"}]},"link":{"id":"jib6vzj5","targetId":"jib6vzj4"}},{"id":"jibamrwa","title":{"$t":"Start Export"},"serviceName":{"$t":"IICS-REST-API-actions:PublicCoreV3ExportPost"},"serviceGUID":{"$t":"8aOwbKjI2W7gAcny4H27ew"},"serviceInput":{"parameter":[{"name":"INFA_SESSION_ID","source":"field","updatable":"true","$t":"input.IICSSessionId"},{"name":"body","source":"field","$t":"temp.StartExportJobRequest"},{"name":"hostName","source":"field","updatable":"true","$t":"input.ExportOrgHostName"}]},"link":{"id":"jidyy8om","targetId":"jidyy8ol"}},{"id":"jidyy8oq","title":{"$t":"Get Export Job Status"},"serviceName":{"$t":"IICS-REST-API-actions:PublicCoreV3ExportIdGet"},"serviceGUID":{"$t":"8aOwbKjI2W7gAcny4H27ew"},"serviceInput":{"parameter":[{"name":"hostName","source":"field","updatable":"true","$t":"output.LoginResponse[1]\/products[1]\/baseApiUrl"},{"name":"INFA_SESSION_ID","source":"field","updatable":"true","$t":"output.LoginResponse[1]\/userInfo[1]\/sessionId"},{"name":"id","source":"field","updatable":"true","$t":"output.StartExportJobResponse[1]\/id"}]},"link":{"id":"jidyy8p5","targetId":"jidyy8p4"}}],"assignment":{"id":"jib6vzj4","title":{"$t":"Create Export Request"},"operation":[{"source":"field","to":"temp.StartExportJobRequest[1]\/objects[1]\/id","$t":"output.LookUpResponse[1]\/objects[1]\/id"},{"source":"formula","to":"temp.StartExportJobRequest[1]\/name","expression":{"language":"XQuery","$t":"util:getProcessId()"}},{"source":"formula","to":"temp.StartExportJobRequest[1]\/objects","expression":{"language":"XQuery","$t":"for $x in $output.LookUpResponse[1]\/objects\nreturn \"{$x\/id}\"\n\nfor $i in $OutputVariableName\/\/orders\n\nreturn\n\n<orders><patientid>{$i\/patientid\/text()}<\/patientid><\/orders>\n"}}],"link":{"id":"jibamrwb","targetId":"jibamrwa"}},"wait":{"id":"jidyy8ol","title":{"$t":"Wait 5 seconds"},"duration":{"source":"formula","function":{"name":"duration_expression","arg":[{"name":"value","$t":"5"},{"name":"scale","$t":"S"},{"name":"businessDays"}]}},"link":{"id":"jidyy8or","targetId":"jidyy8oq"}},"container":{"id":"jidyy8p4","type":"exclusive","title":{"$t":"Export Status"},"flow":[{"id":"jidyy8p8","service":[{"id":"jidyy8r5","title":{"$t":"Download the Export Package"},"serviceName":{"$t":"IICS-REST-API-actions:PublicCoreV3ExportIdPackageGet"},"serviceGUID":{"$t":"8aOwbKjI2W7gAcny4H27ew"},"serviceInput":{"parameter":[{"name":"hostName","source":"field","updatable":"true","$t":"output.LoginResponse[1]\/products[1]\/baseApiUrl"},{"name":"INFA_SESSION_ID","source":"field","updatable":"true","$t":"output.LoginResponse[1]\/userInfo[1]\/sessionId"},{"name":"id","source":"field","updatable":"true","$t":"output.StartExportJobResponse[1]\/id"}]},"link":{"id":"jidyy8v6","targetId":"jidyy8v5"}},{"id":"jidyy8u5","title":{"$t":"Upload the Import Package"},"serviceName":{"$t":"IICS-REST-API-actions:PublicCoreV3ImportPackagePost"},"serviceGUID":{"$t":"8aOwbKjI2W7gAcny4H27ew"},"serviceInput":{"parameter":[{"name":"INFA_SESSION_ID","source":"field","updatable":"true","$t":"output.LoginResponse[1]\/userInfo[1]\/sessionId"},{"name":"package","source":"field","updatable":"true","$t":"output.ExportPackageAs Attachment"},{"name":"hostName","source":"field","updatable":"true","$t":"output.LoginResponse[1]\/products[1]\/baseApiUrl"}]},"link":{"id":"jimwu15u","targetId":"jimwu14v"}},{"id":"jimwu14v","title":{"$t":"Start Import"},"serviceName":{"$t":"IICS-REST-API-actions:PublicCoreV3ImportIdGet"},"serviceGUID":{"$t":"8aOwbKjI2W7gAcny4H27ew"},"serviceInput":{"parameter":[{"name":"INFA_SESSION_ID","source":"field","updatable":"true","$t":"output.LoginResponse[1]\/userInfo[1]\/sessionId"},{"name":"id","source":"field","updatable":"true","$t":"output.UploadImportPackageResponse[1]\/jobId"},{"name":"hostName","source":"field","updatable":"true","$t":"output.LoginResponse[1]\/products[1]\/baseApiUrl"}]},"link":{"id":"jimwu160","targetId":"jimwu15z"}},{"id":"jimwu167","title":{"$t":"Get Import Job Status"},"serviceName":{"$t":"IICS-REST-API-actions:PublicCoreV3ImportIdExpandObjectsGet"},"serviceGUID":{"$t":"8aOwbKjI2W7gAcny4H27ew"},"serviceInput":{"parameter":[{"name":"hostName","source":"field","updatable":"true","$t":"output.LoginResponse[1]\/products[1]\/baseApiUrl"},{"name":"INFA_SESSION_ID","source":"field","updatable":"true","$t":"output.LoginResponse[1]\/userInfo[1]\/sessionId"},{"name":"id","source":"field","updatable":"true","$t":"output.UploadImportPackageResponse[1]\/jobId"}]},"link":{"id":"jimxvmhe","targetId":"jimxvmgk"}}],"assignment":{"id":"jidyy8v5","title":{"$t":"Create UploadImportPackage Request"},"operation":[{"source":"constant","to":"temp.UploadImportPackageRequest[1]\/PartName","$t":"package"},{"source":"field","to":"temp.UploadImportPackageRequest[1]\/Content","$t":"output.ExportPackageAs Attachment"}],"link":{"id":"jidyy8v7","targetId":"jidyy8u5"}},"wait":{"id":"jimwu15z","title":{"$t":"Wait 5 seconds"},"duration":{"source":"formula","function":{"name":"duration_expression","arg":[{"name":"value","$t":"5"},{"name":"scale","$t":"S"},{"name":"businessDays"}]}},"link":{"id":"jimwu168","targetId":"jimwu167"}},"container":{"id":"jimxvmgk","type":"exclusive","title":{"$t":"Import Status"},"flow":[{"id":"jimxvmgn","service":{"id":"jimxvmjy","title":{"$t":"Logout of IICS"},"serviceName":{"$t":"IICS-REST-API-actions:PublicCoreV3LogoutPost"},"serviceGUID":{"$t":"8aOwbKjI2W7gAcny4H27ew"},"serviceInput":{"parameter":[{"name":"IDS_SESSION_ID","source":"field","updatable":"true","$t":"output.LoginResponse[1]\/userInfo[1]\/sessionId"},{"name":"hostName","source":"field","updatable":"true","$t":"output.LoginResponse[1]\/products[1]\/baseApiUrl"}]},"link":{"id":"jimxvmjz","targetId":"jimxvmii"}},"assignment":{"id":"jimxvmii","title":{"$t":"Assign Output"},"operation":[{"source":"field","to":"output.LoginState","$t":"output.LoginResponse[1]\/userInfo[1]\/status"},{"source":"field","to":"output.ExportState","$t":"output.GetExportJobStatusResponse[1]\/status[1]\/state"},{"source":"field","to":"output.ImportState","$t":"output.GetImportJobStatusResponse[1]\/status[1]\/state"}],"link":{"id":"jimxvmjx","targetId":"jimxvmix"}},"end":{"id":"jimxvmix"}},{"id":"jimxvmgq","wait":{"id":"jimxvmhf","title":{"$t":"Wait 5 seconds"},"duration":{"source":"formula","function":{"name":"duration_expression","arg":[{"name":"value","$t":"5"},{"name":"scale","$t":"S"},{"name":"businessDays"}]}},"link":{"id":"jimxvmhz","targetId":"jimxvmhx"}},"jumpTo":{"id":"jimxvmhx","link":{"id":"jimxvmhy","targetId":"jimwu167"}}}],"link":[{"id":"jimxvmgm","targetId":"jimxvmgn","type":"containerLink","condition":{"source":"formula","function":{"name":"contains","arg":[{"name":"left","$t":"{$output.GetImportJobStatusResponse[1]\/status[1]\/state}"},{"name":"right","$t":"SUCCESSFUL"}]}}},{"id":"jimxvmgp","targetId":"jimxvmgq","type":"containerLink"}]}},{"id":"jidyy8pb","wait":{"id":"jidyy8q5","title":{"$t":"Wait 5 seconds"},"duration":{"source":"formula","function":{"name":"duration_expression","arg":[{"name":"value","$t":"5"},{"name":"scale","$t":"S"},{"name":"businessDays"}]}},"link":{"id":"jidyy8q6","targetId":"jidyy8px"}},"jumpTo":{"id":"jidyy8px","link":{"id":"jidyy8py","targetId":"jidyy8oq"}}}],"link":[{"id":"jidyy8p7","targetId":"jidyy8p8","type":"containerLink","condition":{"source":"formula","function":{"name":"string-equals","arg":[{"name":"left","$t":"{$output.GetExportJobStatusResponse[1]\/status[1]\/state}"},{"name":"right","$t":"SUCCESSFUL"}]}}},{"id":"jidyy8pa","targetId":"jidyy8pb","type":"containerLink"}]}}}},"GUID":{"$t":"0Q5fv41zeVekumZCjqsM43"},"DisplayName":{"$t":"Export from IICS"}}