<aetgt:getResponse xmlns:aetgt="http://schemas.active-endpoints.com/appmodules/repository/2010/10/avrepository.xsd"
                   xmlns:types1="http://schemas.active-endpoints.com/appmodules/repository/2010/10/avrepository.xsd">
   <types1:Item>
      <types1:EntryId>TCOshBnJKoJBUht-gt-746424-2019-03-12T21:26:43.731Z::svc.xml</types1:EntryId>
      <types1:Name>CreateAXJournal</types1:Name>
      <types1:MimeType>application/xml+businesssconnector</types1:MimeType>
      <types1:Description/>
      <types1:AppliesTo/>
      <types1:Tags/>
      <types1:VersionLabel>1.0</types1:VersionLabel>
      <types1:State>CURRENT</types1:State>
      <types1:ProcessGroup/>
      <types1:CreatedBy>smanes@informatica.com.demo.ga</types1:CreatedBy>
      <types1:CreationDate>2019-03-12T21:26:44Z</types1:CreationDate>
      <types1:ModifiedBy/>
      <types1:PublicationStatus>unpublished</types1:PublicationStatus>
      <types1:AutosaveExists>false</types1:AutosaveExists>
      <types1:Entry>
         <businessConnector xmlns="http://schemas.informatica.com/socrates/data-services/2014/05/business-connector-model.xsd"
                            agentOnly="false"
                            debug="false"
                            displayName="CreateAXJournal"
                            label=""
                            name="CreateAXJournal"
                            uuid="bb2aed7e-179f-489d-9797-dd2e9df6d718">
            <description/>
            <tags/>
            <connectionAttributes xmlns="http://schemas.informatica.com/appmodules/screenflow/2014/04/avosConnectors.xsd">
               <connectionAttribute description=""
                                    masked="false"
                                    name="service_url"
                                    required="true"
                                    testWith="https://tbpaifdev.saasplaza.com/MicrosoftDynamicsAXAif60/TBPHAPServices/xppservice.svc"
                                    type="string"/>
               <connectionAttribute description=""
                                    masked="false"
                                    name="username"
                                    required="true"
                                    testWith=""
                                    type="string"/>
               <connectionAttribute description=""
                                    masked="true"
                                    name="password"
                                    required="true"
                                    testWith=""
                                    type="string"/>
            </connectionAttributes>
            <actions>
               <action category=""
                       failOnError="true"
                       forSearch="false"
                       isAbstract="true"
                       label="BaseAction"
                       maxRedirects="100"
                       name="BaseAction"
                       preemptiveAuth="true"
                       responseEncoding="">
                  <description/>
                  <input/>
                  <binding>
                     <restSimpleBinding multiUsing="semicolonSeparated" url="{$service_url}" verb="POST">
                        <httpHeaders>
                           <header name="Content-Type">text/xml; charset=utf-8</header>
                           <header name="Authorization">concat("Basic ", util:base64Encode(concat ($username ,":",$password),"UTF-8" ))</header>
                        </httpHeaders>
                        <body/>
                     </restSimpleBinding>
                  </binding>
                  <output/>
               </action>
               <action category=""
                       failOnError="true"
                       forSearch="false"
                       inherits="BaseAction"
                       label="create"
                       maxRedirects="100"
                       name="create"
                       preemptiveAuth="true"
                       responseEncoding="">
                  <description/>
                  <inheritanceMetadata>
                     <section type="output">
                        <section type="outputFields"/>
                     </section>
                     <section type="restSimpleBinding">
                        <section type="body">
                           <attribute inherit="overwrite" name="content" type="content"/>
                        </section>
                        <section type="httpHeaders">
                           <attribute inherit="inherit" name="Content-Type" type="header"/>
                           <attribute inherit="inherit" name="Authorization" type="header"/>
                        </section>
                        <section type="otherParams"/>
                     </section>
                  </inheritanceMetadata>
                  <input>
                     <parameter name="TBPHAPServiceCreateRequest"
                                required="false"
                                testWith="&lt;TBPHAPServiceCreateRequest_AnonymousType&gt;&#xA;   &lt;document&gt;&#xA;      &lt;companyId&gt;&lt;/companyId&gt;&#xA;      &lt;currencyCode&gt;&lt;/currencyCode&gt;&#xA;      &lt;documentDate&gt;&lt;/documentDate&gt;&#xA;      &lt;documentType&gt;&lt;/documentType&gt;&#xA;      &lt;dueDate&gt;&lt;/dueDate&gt;&#xA;      &lt;grossTotal&gt;&lt;/grossTotal&gt;&#xA;      &lt;invoiceId&gt;&lt;/invoiceId&gt;&#xA;      &lt;payment&gt;&lt;/payment&gt;&#xA;      &lt;paymentMethod&gt;&lt;/paymentMethod&gt;&#xA;      &lt;remitToAddressAttention&gt;&lt;/remitToAddressAttention&gt;&#xA;      &lt;remitToAddressCity&gt;&lt;/remitToAddressCity&gt;&#xA;      &lt;remitToAddressCode&gt;&lt;/remitToAddressCode&gt;&#xA;      &lt;remitToAddressCountry&gt;&lt;/remitToAddressCountry&gt;&#xA;      &lt;remitToAddressName&gt;&lt;/remitToAddressName&gt;&#xA;      &lt;remitToAddressState&gt;&lt;/remitToAddressState&gt;&#xA;      &lt;remitToAddressStreet1&gt;&lt;/remitToAddressStreet1&gt;&#xA;      &lt;salesTaxAmount&gt;&lt;/salesTaxAmount&gt;&#xA;      &lt;vendName&gt;&lt;/vendName&gt;&#xA;      &lt;parmInvoiceLines&gt;&#xA;         &lt;APInvoiceJournalLine&gt;&#xA;            &lt;accountType&gt;&lt;/accountType&gt;&#xA;            &lt;actualTaxAmount&gt;&lt;/actualTaxAmount&gt;&#xA;            &lt;assetId&gt;&lt;/assetId&gt;&#xA;            &lt;description&gt;&lt;/description&gt;&#xA;            &lt;distributedHandlingAmount&gt;&lt;/distributedHandlingAmount&gt;&#xA;            &lt;distributedMiscAmount&gt;&lt;/distributedMiscAmount&gt;&#xA;            &lt;distributedShippingAmount&gt;&lt;/distributedShippingAmount&gt;&#xA;            &lt;distributedTaxAmount&gt;&lt;/distributedTaxAmount&gt;&#xA;            &lt;lineNum&gt;&lt;/lineNum&gt;&#xA;            &lt;lineTotal&gt;&lt;/lineTotal&gt;&#xA;            &lt;offsetAccountCode&gt;&lt;/offsetAccountCode&gt;&#xA;            &lt;poHeaderNum&gt;&lt;/poHeaderNum&gt;&#xA;            &lt;segment1str&gt;&lt;/segment1str&gt;&#xA;            &lt;segment2str&gt;&lt;/segment2str&gt;&#xA;            &lt;segment3str&gt;&lt;/segment3str&gt;&#xA;            &lt;segment4str&gt;&lt;/segment4str&gt;&#xA;            &lt;segment5str&gt;&lt;/segment5str&gt;&#xA;            &lt;segment6str&gt;&lt;/segment6str&gt;&#xA;            &lt;taxCode&gt;&lt;/taxCode&gt;&#xA;            &lt;parmSplitLines&gt;&#xA;               &lt;Allocation&gt;&#xA;                  &lt;accountCode&gt;&lt;/accountCode&gt;&#xA;                  &lt;accountName&gt;&lt;/accountName&gt;&#xA;                  &lt;amount&gt;&lt;/amount&gt;&#xA;                  &lt;currencyCode&gt;&lt;/currencyCode&gt;&#xA;                  &lt;distributedHandlingAmount&gt;&lt;/distributedHandlingAmount&gt;&#xA;                  &lt;distributedMiscAmount&gt;&lt;/distributedMiscAmount&gt;&#xA;                  &lt;distributedShippingAmount&gt;&lt;/distributedShippingAmount&gt;&#xA;                  &lt;distributedTaxAmount&gt;&lt;/distributedTaxAmount&gt;&#xA;                  &lt;lineNum&gt;&lt;/lineNum&gt;&#xA;                  &lt;segment1str&gt;&lt;/segment1str&gt;&#xA;                  &lt;segment2str&gt;&lt;/segment2str&gt;&#xA;                  &lt;segment3str&gt;&lt;/segment3str&gt;&#xA;                  &lt;segment4str&gt;&lt;/segment4str&gt;&#xA;                  &lt;segment5str&gt;&lt;/segment5str&gt;&#xA;                  &lt;segment6str&gt;&lt;/segment6str&gt;&#xA;               &lt;/Allocation&gt;&#xA;            &lt;/parmSplitLines&gt;&#xA;         &lt;/APInvoiceJournalLine&gt;&#xA;      &lt;/parmInvoiceLines&gt;&#xA;   &lt;/document&gt;&#xA;&lt;/TBPHAPServiceCreateRequest_AnonymousType&gt;"
                                type="reference">
                        <options>
                           <option name="referenceTo">TBPHAPServiceCreateRequest_AnonymousType</option>
                        </options>
                     </parameter>
                  </input>
                  <binding>
                     <restSimpleBinding url="{$service_url}" verb="POST">
                        <httpHeaders>
                           <header name="SOAPAction">http://schemas.microsoft.com/dynamics/2008/01/services/TBPHAPService/create</header>
                        </httpHeaders>
                        <body>&lt;soap:Envelope xmlns:soap="http://schemas.xmlsoap.org/soap/envelope/"&gt;
   &lt;soap:Header/&gt;
   &lt;soap:Body&gt;
      &lt;ns:TBPHAPServiceCreateRequest xmlns:ns="http://schemas.microsoft.com/dynamics/2008/01/services"&gt;
            &lt;ns:document&gt;
                &lt;ns1:companyId xmlns:ns1="http://schemas.datacontract.org/2004/07/Dynamics.Ax.Application"&gt;{$TBPHAPServiceCreateRequest/document/companyId/text()}&lt;/ns1:companyId&gt;
                &lt;ns1:currencyCode xmlns:ns1="http://schemas.datacontract.org/2004/07/Dynamics.Ax.Application"&gt;{$TBPHAPServiceCreateRequest/document/currencyCode/text()}&lt;/ns1:currencyCode&gt;
                &lt;ns1:documentDate xmlns:ns1="http://schemas.datacontract.org/2004/07/Dynamics.Ax.Application"&gt;{$TBPHAPServiceCreateRequest/document/documentDate/text()}&lt;/ns1:documentDate&gt;
                &lt;ns1:documentType xmlns:ns1="http://schemas.datacontract.org/2004/07/Dynamics.Ax.Application"&gt;{$TBPHAPServiceCreateRequest/document/documentType/text()}&lt;/ns1:documentType&gt;
                &lt;ns1:dueDate xmlns:ns1="http://schemas.datacontract.org/2004/07/Dynamics.Ax.Application"&gt;{$TBPHAPServiceCreateRequest/document/dueDate/text()}&lt;/ns1:dueDate&gt;
                &lt;ns1:grossTotal xmlns:ns1="http://schemas.datacontract.org/2004/07/Dynamics.Ax.Application"&gt;{$TBPHAPServiceCreateRequest/document/grossTotal/text()}&lt;/ns1:grossTotal&gt;
                &lt;ns1:invoiceId xmlns:ns1="http://schemas.datacontract.org/2004/07/Dynamics.Ax.Application"&gt;{$TBPHAPServiceCreateRequest/document/invoiceId/text()}&lt;/ns1:invoiceId&gt;
                &lt;ns1:parmInvoiceLines xmlns:ns1="http://schemas.datacontract.org/2004/07/Dynamics.Ax.Application"&gt;
                    {
                        for $APInvoiceJournalLine in $TBPHAPServiceCreateRequest/document/parmInvoiceLines/APInvoiceJournalLine
                        return
                        &lt;ns1:APInvoiceJournalLine&gt;
                            { (:this is example of handling optional elemnt that requres value :)
                            if (empty($APInvoiceJournalLine/accountType/text())) then ()
                            else 
                            &lt;ns1:accountType&gt;{$APInvoiceJournalLine/accountType/text()}&lt;/ns1:accountType&gt;
                            }
                            &lt;ns1:actualTaxAmount&gt;{$APInvoiceJournalLine/actualTaxAmount/text()}&lt;/ns1:actualTaxAmount&gt;
                            &lt;ns1:assetId&gt;{$APInvoiceJournalLine/assetId/text()}&lt;/ns1:assetId&gt;
                            &lt;ns1:description&gt;{$APInvoiceJournalLine/description/text()}&lt;/ns1:description&gt;
                            &lt;ns1:distributedHandlingAmount&gt;{$APInvoiceJournalLine/distributedHandlingAmount/text()}&lt;/ns1:distributedHandlingAmount&gt;
                            &lt;ns1:distributedMiscAmount&gt;{$APInvoiceJournalLine/distributedMiscAmount/text()}&lt;/ns1:distributedMiscAmount&gt;
                            &lt;ns1:distributedShippingAmount&gt;{$APInvoiceJournalLine/distributedShippingAmount/text()}&lt;/ns1:distributedShippingAmount&gt;
                            &lt;ns1:distributedTaxAmount&gt;{$APInvoiceJournalLine/distributedTaxAmount/text()}&lt;/ns1:distributedTaxAmount&gt;
                            &lt;ns1:lineNum&gt;{$APInvoiceJournalLine/lineNum/text()}&lt;/ns1:lineNum&gt;
                            &lt;ns1:lineTotal&gt;{$APInvoiceJournalLine/lineTotal/text()}&lt;/ns1:lineTotal&gt;
                            &lt;ns1:offsetAccountCode&gt;{$APInvoiceJournalLine/offsetAccountCode/text()}&lt;/ns1:offsetAccountCode&gt;
                            &lt;ns1:parmSplitLines&gt;
                                {
                                    for $Allocation in $APInvoiceJournalLine/parmSplitLines/Allocation
                                    return
                                    &lt;ns1:Allocation&gt;
                                        &lt;ns1:accountCode&gt;{$Allocation/accountCode/text()}&lt;/ns1:accountCode&gt;
                                        &lt;ns1:accountName&gt;{$Allocation/accountName/text()}&lt;/ns1:accountName&gt;
                                        &lt;ns1:amount&gt;{$Allocation/amount/text()}&lt;/ns1:amount&gt;
                                        &lt;ns1:currencyCode&gt;{$Allocation/currencyCode/text()}&lt;/ns1:currencyCode&gt;
                                        &lt;ns1:distributedHandlingAmount&gt;{$Allocation/distributedHandlingAmount/text()}&lt;/ns1:distributedHandlingAmount&gt;
                                        &lt;ns1:distributedMiscAmount&gt;{$Allocation/distributedMiscAmount/text()}&lt;/ns1:distributedMiscAmount&gt;
                                        &lt;ns1:distributedShippingAmount&gt;{$Allocation/distributedShippingAmount/text()}&lt;/ns1:distributedShippingAmount&gt;
                                        &lt;ns1:distributedTaxAmount&gt;{$Allocation/distributedTaxAmount/text()}&lt;/ns1:distributedTaxAmount&gt;
                                        &lt;ns1:lineNum&gt;{$Allocation/lineNum/text()}&lt;/ns1:lineNum&gt;
                                        &lt;ns1:segment1str&gt;{$Allocation/segment1str/text()}&lt;/ns1:segment1str&gt;
                                        &lt;ns1:segment2str&gt;{$Allocation/segment2str/text()}&lt;/ns1:segment2str&gt;
                                        &lt;ns1:segment3str&gt;{$Allocation/segment3str/text()}&lt;/ns1:segment3str&gt;
                                        &lt;ns1:segment4str&gt;{$Allocation/segment4str/text()}&lt;/ns1:segment4str&gt;
                                        &lt;ns1:segment5str&gt;{$Allocation/segment5str/text()}&lt;/ns1:segment5str&gt;
                                        &lt;ns1:segment6str&gt;{$Allocation/segment6str/text()}&lt;/ns1:segment6str&gt;
                                    &lt;/ns1:Allocation&gt;
                                }
                            &lt;/ns1:parmSplitLines&gt;
                            &lt;ns1:poHeaderNum&gt;{$APInvoiceJournalLine/poHeaderNum/text()}&lt;/ns1:poHeaderNum&gt;
                            &lt;ns1:segment1str&gt;{$APInvoiceJournalLine/segment1str/text()}&lt;/ns1:segment1str&gt;
                            &lt;ns1:segment2str&gt;{$APInvoiceJournalLine/segment2str/text()}&lt;/ns1:segment2str&gt;
                            &lt;ns1:segment3str&gt;{$APInvoiceJournalLine/segment3str/text()}&lt;/ns1:segment3str&gt;
                            &lt;ns1:segment4str&gt;{$APInvoiceJournalLine/segment4str/text()}&lt;/ns1:segment4str&gt;
                            &lt;ns1:segment5str&gt;{$APInvoiceJournalLine/segment5str/text()}&lt;/ns1:segment5str&gt;
                            &lt;ns1:segment6str&gt;{$APInvoiceJournalLine/segment6str/text()}&lt;/ns1:segment6str&gt;
                            &lt;ns1:taxCode&gt;{$APInvoiceJournalLine/taxCode/text()}&lt;/ns1:taxCode&gt;
                        &lt;/ns1:APInvoiceJournalLine&gt;
                    }
                &lt;/ns1:parmInvoiceLines&gt;
                &lt;ns1:payment xmlns:ns1="http://schemas.datacontract.org/2004/07/Dynamics.Ax.Application"&gt;{$TBPHAPServiceCreateRequest/document/payment/text()}&lt;/ns1:payment&gt;
                &lt;ns1:paymentMethod xmlns:ns1="http://schemas.datacontract.org/2004/07/Dynamics.Ax.Application"&gt;{$TBPHAPServiceCreateRequest/document/paymentMethod/text()}&lt;/ns1:paymentMethod&gt;
                &lt;ns1:remitToAddressAttention xmlns:ns1="http://schemas.datacontract.org/2004/07/Dynamics.Ax.Application"&gt;{$TBPHAPServiceCreateRequest/document/remitToAddressAttention/text()}&lt;/ns1:remitToAddressAttention&gt;
                &lt;ns1:remitToAddressCity xmlns:ns1="http://schemas.datacontract.org/2004/07/Dynamics.Ax.Application"&gt;{$TBPHAPServiceCreateRequest/document/remitToAddressCity/text()}&lt;/ns1:remitToAddressCity&gt;
                &lt;ns1:remitToAddressCode xmlns:ns1="http://schemas.datacontract.org/2004/07/Dynamics.Ax.Application"&gt;{$TBPHAPServiceCreateRequest/document/remitToAddressCode/text()}&lt;/ns1:remitToAddressCode&gt;
                &lt;ns1:remitToAddressCountry xmlns:ns1="http://schemas.datacontract.org/2004/07/Dynamics.Ax.Application"&gt;{$TBPHAPServiceCreateRequest/document/remitToAddressCountry/text()}&lt;/ns1:remitToAddressCountry&gt;
                &lt;ns1:remitToAddressName xmlns:ns1="http://schemas.datacontract.org/2004/07/Dynamics.Ax.Application"&gt;{$TBPHAPServiceCreateRequest/document/remitToAddressName/text()}&lt;/ns1:remitToAddressName&gt;
                &lt;ns1:remitToAddressState xmlns:ns1="http://schemas.datacontract.org/2004/07/Dynamics.Ax.Application"&gt;{$TBPHAPServiceCreateRequest/document/remitToAddressState/text()}&lt;/ns1:remitToAddressState&gt;
                &lt;ns1:remitToAddressStreet1 xmlns:ns1="http://schemas.datacontract.org/2004/07/Dynamics.Ax.Application"&gt;{$TBPHAPServiceCreateRequest/document/remitToAddressStreet1/text()}&lt;/ns1:remitToAddressStreet1&gt;
                &lt;ns1:salesTaxAmount xmlns:ns1="http://schemas.datacontract.org/2004/07/Dynamics.Ax.Application"&gt;{$TBPHAPServiceCreateRequest/document/salesTaxAmount/text()}&lt;/ns1:salesTaxAmount&gt;
                &lt;ns1:vendName xmlns:ns1="http://schemas.datacontract.org/2004/07/Dynamics.Ax.Application"&gt;{$TBPHAPServiceCreateRequest/document/vendName/text()}&lt;/ns1:vendName&gt;
            &lt;/ns:document&gt;
        &lt;/ns:TBPHAPServiceCreateRequest&gt;
   &lt;/soap:Body&gt;
&lt;/soap:Envelope&gt;</body>
                     </restSimpleBinding>
                  </binding>
                  <output>
                     <field description="" name="TBPHAPServiceCreateResponse" type="reference">
                        <options>
                           <option name="referenceTo">TBPHAPServiceCreateResponse_AnonymousType</option>
                        </options>
                        <xquery>{util:simplifyXml(//*[local-name()='TBPHAPServiceCreateResponse'])}</xquery>
                     </field>
                  </output>
               </action>
            </actions>
            <objects>
               <processObject xmlns="http://schemas.active-endpoints.com/appmodules/screenflow/2011/06/avosHostEnvironment.xsd"
                              isByCopy="true"
                              name="APInvoiceJournal">
                  <description/>
                  <detail>
                     <field name="companyId" type="string"/>
                     <field name="currencyCode" type="string"/>
                     <field name="documentDate" type="datetime"/>
                     <field name="documentType" type="string"/>
                     <field name="dueDate" type="datetime"/>
                     <field name="grossTotal" type="double"/>
                     <field name="invoiceId" type="string"/>
                     <field name="payment" type="string"/>
                     <field name="paymentMethod" type="string"/>
                     <field name="remitToAddressAttention" type="string"/>
                     <field name="remitToAddressCity" type="string"/>
                     <field name="remitToAddressCode" type="string"/>
                     <field name="remitToAddressCountry" type="string"/>
                     <field name="remitToAddressName" type="string"/>
                     <field name="remitToAddressState" type="string"/>
                     <field name="remitToAddressStreet1" type="string"/>
                     <field name="salesTaxAmount" type="double"/>
                     <field name="vendName" type="string"/>
                     <field name="parmInvoiceLines" type="reference">
                        <options>
                           <option name="referenceTo">ArrayOfAPInvoiceJournalLine</option>
                           <option name="relationshipName">Child</option>
                        </options>
                     </field>
                  </detail>
               </processObject>
               <processObject xmlns="http://schemas.active-endpoints.com/appmodules/screenflow/2011/06/avosHostEnvironment.xsd"
                              isByCopy="true"
                              name="APInvoiceJournalLine">
                  <description/>
                  <detail>
                     <field name="accountType" type="string"/>
                     <field name="actualTaxAmount" type="double"/>
                     <field name="assetId" type="string"/>
                     <field name="description" type="string"/>
                     <field name="distributedHandlingAmount" type="double"/>
                     <field name="distributedMiscAmount" type="double"/>
                     <field name="distributedShippingAmount" type="double"/>
                     <field name="distributedTaxAmount" type="double"/>
                     <field name="lineNum" type="double"/>
                     <field name="lineTotal" type="double"/>
                     <field name="offsetAccountCode" type="string"/>
                     <field name="poHeaderNum" type="string"/>
                     <field name="segment1str" type="string"/>
                     <field name="segment2str" type="string"/>
                     <field name="segment3str" type="string"/>
                     <field name="segment4str" type="string"/>
                     <field name="segment5str" type="string"/>
                     <field name="segment6str" type="string"/>
                     <field name="taxCode" type="string"/>
                     <field name="parmSplitLines" type="reference">
                        <options>
                           <option name="referenceTo">ArrayOfAllocation</option>
                           <option name="relationshipName">Child</option>
                        </options>
                     </field>
                  </detail>
               </processObject>
               <processObject xmlns="http://schemas.active-endpoints.com/appmodules/screenflow/2011/06/avosHostEnvironment.xsd"
                              isByCopy="true"
                              name="Allocation">
                  <description/>
                  <detail>
                     <field name="accountCode" type="string"/>
                     <field name="accountName" type="string"/>
                     <field name="amount" type="double"/>
                     <field name="currencyCode" type="string"/>
                     <field name="distributedHandlingAmount" type="double"/>
                     <field name="distributedMiscAmount" type="double"/>
                     <field name="distributedShippingAmount" type="double"/>
                     <field name="distributedTaxAmount" type="double"/>
                     <field name="lineNum" type="double"/>
                     <field name="segment1str" type="string"/>
                     <field name="segment2str" type="string"/>
                     <field name="segment3str" type="string"/>
                     <field name="segment4str" type="string"/>
                     <field name="segment5str" type="string"/>
                     <field name="segment6str" type="string"/>
                  </detail>
               </processObject>
               <processObject xmlns="http://schemas.active-endpoints.com/appmodules/screenflow/2011/06/avosHostEnvironment.xsd"
                              isByCopy="true"
                              name="ArrayOfAPInvoiceJournalLine">
                  <description/>
                  <detail>
                     <field name="APInvoiceJournalLine" type="objectlist">
                        <options>
                           <option name="referenceTo">APInvoiceJournalLine</option>
                           <option name="relationshipName">Child</option>
                        </options>
                     </field>
                  </detail>
               </processObject>
               <processObject xmlns="http://schemas.active-endpoints.com/appmodules/screenflow/2011/06/avosHostEnvironment.xsd"
                              isByCopy="true"
                              name="ArrayOfAllocation">
                  <description/>
                  <detail>
                     <field name="Allocation" type="objectlist">
                        <options>
                           <option name="referenceTo">Allocation</option>
                           <option name="relationshipName">Child</option>
                        </options>
                     </field>
                  </detail>
               </processObject>
               <processObject xmlns="http://schemas.active-endpoints.com/appmodules/screenflow/2011/06/avosHostEnvironment.xsd"
                              isByCopy="true"
                              name="TBPHAPServiceCreateRequest_AnonymousType">
                  <description/>
                  <detail>
                     <field name="document" type="reference">
                        <options>
                           <option name="referenceTo">APInvoiceJournal</option>
                           <option name="relationshipName">Child</option>
                        </options>
                     </field>
                  </detail>
               </processObject>
               <processObject xmlns="http://schemas.active-endpoints.com/appmodules/screenflow/2011/06/avosHostEnvironment.xsd"
                              isByCopy="true"
                              name="TBPHAPServiceCreateResponse_AnonymousType">
                  <description/>
                  <detail>
                     <field name="response" type="boolean"/>
                  </detail>
               </processObject>
            </objects>
         </businessConnector>
      </types1:Entry>
      <types1:GUID>6Iq4W39XGrNkDho36sUJAx</types1:GUID>
      <types1:DisplayName>CreateAXJournal</types1:DisplayName>
   </types1:Item>
   <types1:CurrentServerDateTime>2019-03-20T18:33:24.715Z</types1:CurrentServerDateTime>
</aetgt:getResponse>
