<aetgt:getResponse xmlns:aetgt="http://schemas.active-endpoints.com/appmodules/repository/2010/10/avrepository.xsd"
                   xmlns:types1="http://schemas.active-endpoints.com/appmodules/repository/2010/10/avrepository.xsd">
   <types1:Item>
      <types1:EntryId>HBDwXtqdsQR6kbe-gt-747740-2019-03-12T21:26:45.4Z::conn.xml</types1:EntryId>
      <types1:Name>CreateAXJournal</types1:Name>
      <types1:ParentFlowIds>CCTLPXUCZ4nzYLn-gt-746470-2019-03-12T21:26:47.463Z::pd.xml</types1:ParentFlowIds>
      <types1:MimeType>application/xml+connection</types1:MimeType>
      <types1:Description/>
      <types1:AppliesTo/>
      <types1:Tags/>
      <types1:VersionLabel>1.0</types1:VersionLabel>
      <types1:State>CURRENT</types1:State>
      <types1:ProcessGroup/>
      <types1:CreatedBy>smanes@informatica.com.demo.ga</types1:CreatedBy>
      <types1:CreationDate>2019-03-12T21:26:45Z</types1:CreationDate>
      <types1:ModifiedBy/>
      <types1:PublicationStatus>unpublished</types1:PublicationStatus>
      <types1:AutosaveExists>false</types1:AutosaveExists>
      <types1:Entry>
         <connection xmlns="http://schemas.informatica.com/socrates/data-services/2014/04/avosConnections.xsd"
                     displayName="CreateAXJournal"
                     label="CreateAXJournal"
                     name="CreateAXJournal">
            <description/>
            <tags/>
            <agent/>
            <attributes>
               <attribute encrypted="false"
                          name="service_url"
                          value="https://tbpaifdev.saasplaza.com/MicrosoftDynamicsAXAif60/TBPHAPServices/xppservice.svc"/>
               <attribute encrypted="false" name="username" value="test"/>
               <attribute encrypted="true" name="password" value=""/>
            </attributes>
            <businessConnector xmlns="http://schemas.informatica.com/appmodules/screenflow/2014/04/avosConnectors.xsd"
                               agentOnly="false"
                               connectorPath="project:/rt.connector/CreateAXJournal/CreateAXJournal_svcDef.xml"
                               guid="6Iq4W39XGrNkDho36sUJAx"
                               name="CreateAXJournal"
                               supportsConnectionTest="false"
                               uuid="bb2aed7e-179f-489d-9797-dd2e9df6d718">
               <description/>
            </businessConnector>
         </connection>
      </types1:Entry>
      <types1:GUID>9ZJExhiriCriAXUt8mmdSW</types1:GUID>
      <types1:DisplayName>CreateAXJournal</types1:DisplayName>
   </types1:Item>
   <types1:CurrentServerDateTime>2019-03-20T18:33:25.338Z</types1:CurrentServerDateTime>
</aetgt:getResponse>
