<aetgt:getResponse xmlns:aetgt="http://schemas.active-endpoints.com/appmodules/repository/2010/10/avrepository.xsd"
                   xmlns:types1="http://schemas.active-endpoints.com/appmodules/repository/2010/10/avrepository.xsd">
   <types1:Item>
      <types1:EntryId>qlGwm7iUQbgdwUi-gt-263568-2018-09-17T22:13:28.268Z::pd.xml</types1:EntryId>
      <types1:Name>CloudTask</types1:Name>
      <types1:MimeType>application/xml+process</types1:MimeType>
      <types1:Description/>
      <types1:AppliesTo/>
      <types1:Tags>.agent:PSVW12PRD1</types1:Tags>
      <types1:VersionLabel>1.0</types1:VersionLabel>
      <types1:State>CURRENT</types1:State>
      <types1:ProcessGroup/>
      <types1:CreatedBy>smanes@informatica.com.demo.ga</types1:CreatedBy>
      <types1:CreationDate>2018-09-17T22:13:28Z</types1:CreationDate>
      <types1:ModifiedBy>smanes@informatica.com.demo.ga</types1:ModifiedBy>
      <types1:ModificationDate>2018-09-17T22:50:34Z</types1:ModificationDate>
      <types1:PublicationStatus>published</types1:PublicationStatus>
      <types1:PublishedBy>smanes@informatica.com.demo.ga</types1:PublishedBy>
      <types1:PublicationDate>2018-09-17T22:50:43Z</types1:PublicationDate>
      <types1:PublishedContributionId>project:/spi.CloudTask/CloudTask.pd.xml</types1:PublishedContributionId>
      <types1:AutosaveExists>false</types1:AutosaveExists>
      <types1:Entry>
         <process xmlns="http://schemas.active-endpoints.com/appmodules/screenflow/2010/10/avosScreenflow.xsd"
                  xmlns:list="urn:activevos:spi:list:functions"
                  displayName="CloudTask"
                  name="CloudTask">
            <appliesTo/>
            <description/>
            <tags>.agent:PSVW12PRD1</tags>
            <generator>Informatica Process Designer 9</generator>
            <notes/>
            <deployment suspendOnFault="false" tracingLevel="verbose">
               <targetLocation>PSVW12PRD1</targetLocation>
               <rest>
                  <allowedUsers>
                     <user>smanes@informatica.com.demo.ga</user>
                  </allowedUsers>
               </rest>
            </deployment>
            <flow id="a">
               <start id="b">
                  <link id="jm6uih2l" targetId="jm6uih2k"/>
               </start>
               <service id="jm6uih2k">
                  <title>Run Cloud Task</title>
                  <serviceName>ICSExecuteTask</serviceName>
                  <serviceGUID/>
                  <serviceInput>
                     <parameter name="Task Name" source="constant">mct_WS_Load [MCT]</parameter>
                     <parameter name="Wait for Task to Complete" source="constant">true</parameter>
                     <parameter name="Fail on Cloud Task Errors" source="constant">true</parameter>
                     <parameter name="GUID" source="constant">1AKqhBWpBZVhnUs7pj2FwE</parameter>
                  </serviceInput>
                  <link id="jm6uih2m" targetId="c"/>
               </service>
               <end id="c"/>
            </flow>
         </process>
      </types1:Entry>
      <types1:GUID>56rjnCODEXKh7U6toX1Cs8</types1:GUID>
      <types1:DisplayName>CloudTask</types1:DisplayName>
   </types1:Item>
   <types1:CurrentServerDateTime>2019-03-01T16:43:07.958Z</types1:CurrentServerDateTime>
</aetgt:getResponse>
