<aetgt:getResponse xmlns:aetgt="http://schemas.active-endpoints.com/appmodules/repository/2010/10/avrepository.xsd"
                   xmlns:types1="http://schemas.active-endpoints.com/appmodules/repository/2010/10/avrepository.xsd">
   <types1:Item>
      <types1:EntryId>vFpGY2KsJlv58pI-gt-2134703-2018-10-30T16:35:38.339Z::pd.xml</types1:EntryId>
      <types1:Name>COH_XML_Parser</types1:Name>
      <types1:MimeType>application/xml+process</types1:MimeType>
      <types1:Description/>
      <types1:AppliesTo/>
      <types1:Tags>.anonymous</types1:Tags>
      <types1:VersionLabel>1.0</types1:VersionLabel>
      <types1:State>CURRENT</types1:State>
      <types1:ProcessGroup/>
      <types1:CreatedBy>smanes@informatica.com.demo.ga</types1:CreatedBy>
      <types1:CreationDate>2018-10-30T16:35:38Z</types1:CreationDate>
      <types1:ModifiedBy>smanes@informatica.com.demo.ga</types1:ModifiedBy>
      <types1:ModificationDate>2018-10-30T17:51:45Z</types1:ModificationDate>
      <types1:PublicationStatus>published</types1:PublicationStatus>
      <types1:PublishedBy>smanes@informatica.com.demo.ga</types1:PublishedBy>
      <types1:PublicationDate>2018-10-30T17:51:55Z</types1:PublicationDate>
      <types1:PublishedContributionId>project:/spi.COH_XML_Parser/COH_XML_Parser.pd.xml</types1:PublishedContributionId>
      <types1:AutosaveExists>false</types1:AutosaveExists>
      <types1:Entry>
         <process xmlns="http://schemas.active-endpoints.com/appmodules/screenflow/2010/10/avosScreenflow.xsd"
                  xmlns:list="urn:activevos:spi:list:functions"
                  displayName="COH_XML_Parser"
                  name="COH_XML_Parser">
            <appliesTo/>
            <description/>
            <tags>.anonymous</tags>
            <generator>Informatica Process Designer 9</generator>
            <output>
               <field description="" name="o_xml" type="reference">
                  <options>
                     <option name="referenceTo">$po:$any</option>
                     <option name="required">false</option>
                     <option name="isCopy">true</option>
                  </options>
               </field>
               <field description="" name="o_objs" type="objectlist">
                  <options>
                     <option name="referenceTo">$po:candidate</option>
                     <option hide="true" name="multiSelect">true</option>
                     <option name="required">false</option>
                     <option name="isCopy">true</option>
                     <option name="guid">6Yxt8Wr8jIIjL1LQWhwyyu</option>
                  </options>
               </field>
            </output>
            <tempFields>
               <field description="" name="t_xml" type="reference">
                  <options>
                     <option name="referenceTo">$po:$any</option>
                     <option name="required">false</option>
                     <option name="isCopy">true</option>
                  </options>
               </field>
            </tempFields>
            <notes/>
            <deployment suspendOnFault="false" tracingLevel="verbose">
               <rest>
                  <allowAnonymousAccess/>
               </rest>
            </deployment>
            <flow id="a">
               <start id="b">
                  <link id="jnvzp45m" targetId="jnvzp45l"/>
               </start>
               <assignment id="jnvzp45l">
                  <title>Assignment to t_xml, o_objs</title>
                  <operation source="formula" to="temp.t_xml">
                     <expression language="XQuery">&lt;root&gt;
	&lt;_1&gt;
		&lt;firstname&gt;James&lt;/firstname&gt;
		&lt;lastlogin /&gt;
		&lt;middlename&gt;S&lt;/middlename&gt;
		&lt;photo /&gt;
		&lt;orcid /&gt;
		&lt;pid&gt;3770711&lt;/pid&gt;
		&lt;userid&gt;144998&lt;/userid&gt;
		&lt;lastname&gt;Andersen&lt;/lastname&gt;
		&lt;employmentstatus&gt;Full Time&lt;/employmentstatus&gt;
		&lt;photo_thumb /&gt;
		&lt;rank /&gt;
		&lt;position&gt;Division Chief, Plastic Surgery in Department of Surgery&lt;/position&gt;
		&lt;email&gt;jandersen@coh.org&lt;/email&gt;
		&lt;primaryunit&gt;44&lt;/primaryunit&gt;
	&lt;/_1&gt;
	&lt;_2&gt;
		&lt;firstname&gt;Tami&lt;/firstname&gt;
		&lt;lastlogin /&gt;
		&lt;middlename /&gt;
		&lt;photo /&gt;
		&lt;orcid /&gt;
		&lt;pid&gt;3770716&lt;/pid&gt;
		&lt;userid&gt;145995&lt;/userid&gt;
		&lt;lastname&gt;Case&lt;/lastname&gt;
		&lt;employmentstatus&gt;Staff&lt;/employmentstatus&gt;
		&lt;photo_thumb /&gt;
		&lt;rank /&gt;
		&lt;position /&gt;
		&lt;email&gt;tcase@coh.org&lt;/email&gt;
		&lt;primaryunit&gt;1&lt;/primaryunit&gt;
	&lt;/_2&gt;
	&lt;_3&gt;
		&lt;firstname&gt;Donald&lt;/firstname&gt;
		&lt;lastlogin&gt;2017-02-01&lt;/lastlogin&gt;
		&lt;middlename&gt;S&lt;/middlename&gt;
		&lt;photo /&gt;
		&lt;orcid /&gt;
		&lt;pid&gt;3285705&lt;/pid&gt;
		&lt;userid&gt;149799&lt;/userid&gt;
		&lt;lastname&gt;David&lt;/lastname&gt;
		&lt;employmentstatus&gt;Inactive&lt;/employmentstatus&gt;
		&lt;photo_thumb /&gt;
		&lt;rank /&gt;
		&lt;position /&gt;
		&lt;email&gt;ddavid@coh.org&lt;/email&gt;
		&lt;primaryunit&gt;26&lt;/primaryunit&gt;
	&lt;/_3&gt;
	&lt;_4&gt;
		&lt;firstname&gt;Gina&lt;/firstname&gt;
		&lt;lastlogin /&gt;
		&lt;middlename /&gt;
		&lt;photo /&gt;
		&lt;orcid /&gt;
		&lt;pid&gt;3770747&lt;/pid&gt;
		&lt;userid&gt;159087&lt;/userid&gt;
		&lt;lastname&gt;Lewis&lt;/lastname&gt;
		&lt;employmentstatus&gt;Staff&lt;/employmentstatus&gt;
		&lt;photo_thumb /&gt;
		&lt;rank /&gt;
		&lt;position /&gt;
		&lt;email&gt;glewis@coh.org&lt;/email&gt;
		&lt;primaryunit&gt;1&lt;/primaryunit&gt;
	&lt;/_4&gt;
	&lt;_5&gt;
		&lt;firstname&gt;Michael&lt;/firstname&gt;
		&lt;lastlogin&gt;2017-05-03&lt;/lastlogin&gt;
		&lt;middlename&gt;W&lt;/middlename&gt;
		&lt;photo /&gt;
		&lt;orcid /&gt;
		&lt;pid&gt;3770783&lt;/pid&gt;
		&lt;userid&gt;159863&lt;/userid&gt;
		&lt;lastname&gt;Lew&lt;/lastname&gt;
		&lt;employmentstatus&gt;Full Time&lt;/employmentstatus&gt;
		&lt;photo_thumb /&gt;
		&lt;rank /&gt;
		&lt;position&gt;Chair, Department of Anesthesiology&lt;/position&gt;
		&lt;email&gt;mlew@coh.org&lt;/email&gt;
		&lt;primaryunit&gt;20&lt;/primaryunit&gt;
	&lt;/_5&gt;
	&lt;_6&gt;
		&lt;firstname&gt;Leonard&lt;/firstname&gt;
		&lt;lastlogin /&gt;
		&lt;middlename /&gt;
		&lt;photo /&gt;
		&lt;orcid /&gt;
		&lt;pid&gt;3770802&lt;/pid&gt;
		&lt;userid&gt;171322&lt;/userid&gt;
		&lt;lastname&gt;Chen&lt;/lastname&gt;
		&lt;employmentstatus&gt;Staff&lt;/employmentstatus&gt;
		&lt;photo_thumb /&gt;
		&lt;rank /&gt;
		&lt;position /&gt;
		&lt;email&gt;lechen@coh.org&lt;/email&gt;
		&lt;primaryunit&gt;1&lt;/primaryunit&gt;
	&lt;/_6&gt;
	&lt;_7&gt;
		&lt;firstname&gt;Wei&lt;/firstname&gt;
		&lt;lastlogin&gt;2017-07-20&lt;/lastlogin&gt;
		&lt;middlename /&gt;
		&lt;photo /&gt;
		&lt;orcid /&gt;
		&lt;pid&gt;3770699&lt;/pid&gt;
		&lt;userid&gt;173179&lt;/userid&gt;
		&lt;lastname&gt;Feng&lt;/lastname&gt;
		&lt;employmentstatus&gt;Full Time&lt;/employmentstatus&gt;
		&lt;photo_thumb /&gt;
		&lt;rank /&gt;
		&lt;position /&gt;
		&lt;email&gt;wfeng@coh.org&lt;/email&gt;
		&lt;primaryunit&gt;24&lt;/primaryunit&gt;
	&lt;/_7&gt;
	&lt;_8&gt;
		&lt;firstname&gt;Dean&lt;/firstname&gt;
		&lt;lastlogin /&gt;
		&lt;middlename&gt;W&lt;/middlename&gt;
		&lt;photo /&gt;
		&lt;orcid /&gt;
		&lt;pid&gt;3770796&lt;/pid&gt;
		&lt;userid&gt;176511&lt;/userid&gt;
		&lt;lastname&gt;Lim&lt;/lastname&gt;
		&lt;employmentstatus&gt;Full Time&lt;/employmentstatus&gt;
		&lt;photo_thumb /&gt;
		&lt;rank /&gt;
		&lt;position /&gt;
		&lt;email&gt;dlim@coh.org&lt;/email&gt;
		&lt;primaryunit&gt;36&lt;/primaryunit&gt;
	&lt;/_8&gt;
	&lt;_9&gt;
		&lt;firstname&gt;Stephen&lt;/firstname&gt;
		&lt;lastlogin /&gt;
		&lt;middlename&gt;C&lt;/middlename&gt;
		&lt;photo /&gt;
		&lt;orcid /&gt;
		&lt;pid&gt;3770777&lt;/pid&gt;
		&lt;userid&gt;176610&lt;/userid&gt;
		&lt;lastname&gt;Koehler&lt;/lastname&gt;
		&lt;employmentstatus&gt;Full Time&lt;/employmentstatus&gt;
		&lt;photo_thumb /&gt;
		&lt;rank /&gt;
		&lt;position /&gt;
		&lt;email&gt;skoehler@coh.org&lt;/email&gt;
		&lt;primaryunit&gt;35&lt;/primaryunit&gt;
	&lt;/_9&gt;
	&lt;_10&gt;
		&lt;firstname&gt;Houri&lt;/firstname&gt;
		&lt;lastlogin&gt;2017-08-01&lt;/lastlogin&gt;
		&lt;middlename /&gt;
		&lt;photo /&gt;
		&lt;orcid /&gt;
		&lt;pid&gt;3996378&lt;/pid&gt;
		&lt;userid&gt;198818&lt;/userid&gt;
		&lt;lastname&gt;Yeghiayan&lt;/lastname&gt;
		&lt;employmentstatus&gt;Staff&lt;/employmentstatus&gt;
		&lt;photo_thumb /&gt;
		&lt;rank /&gt;
		&lt;position /&gt;
		&lt;email&gt;hyeghiayan@coh.org&lt;/email&gt;
		&lt;primaryunit&gt;1&lt;/primaryunit&gt;
	&lt;/_10&gt;
&lt;/root&gt;</expression>
                  </operation>
                  <operation source="formula" to="output.o_objs">
                     <expression language="XQuery">for $x in $temp.t_xml/*
return 
&lt;candidate&gt;
   &lt;firstname&gt;{$x/firstname}&lt;/firstname&gt;
   &lt;middlename&gt;{$x/middlename}&lt;/middlename&gt;
&lt;/candidate&gt;

</expression>
                  </operation>
                  <link id="jnvzp45n" targetId="c"/>
               </assignment>
               <end id="c"/>
            </flow>
         </process>
      </types1:Entry>
      <types1:GUID>aEnwgBugTEskMuSveqDfWW</types1:GUID>
      <types1:DisplayName>COH_XML_Parser</types1:DisplayName>
   </types1:Item>
   <types1:CurrentServerDateTime>2019-03-01T16:43:08.149Z</types1:CurrentServerDateTime>
</aetgt:getResponse>
