<aetgt:getResponse xmlns:aetgt="http://schemas.active-endpoints.com/appmodules/repository/2010/10/avrepository.xsd"
                   xmlns:types1="http://schemas.active-endpoints.com/appmodules/repository/2010/10/avrepository.xsd">
   <types1:Item>
      <types1:EntryId>3pi9uAls2z8Uuop-gt-803497-2019-02-15T17:27:17.873Z::conn.xml</types1:EntryId>
      <types1:Name>IICS-Rest-API</types1:Name>
      <types1:ParentFlowIds>CJfTBbcgp5OjG4a-gt-539599-2019-02-13T17:36:08.845Z::pd.xml</types1:ParentFlowIds>
      <types1:MimeType>application/xml+connection</types1:MimeType>
      <types1:Description/>
      <types1:AppliesTo/>
      <types1:Tags/>
      <types1:VersionLabel>1.0</types1:VersionLabel>
      <types1:State>CURRENT</types1:State>
      <types1:ProcessGroup/>
      <types1:CreatedBy>smanes@informatica.com.demo.ga</types1:CreatedBy>
      <types1:CreationDate>2019-02-15T17:27:18Z</types1:CreationDate>
      <types1:ModifiedBy/>
      <types1:PublicationStatus>published</types1:PublicationStatus>
      <types1:PublishedBy>smanes@informatica.com.demo.ga</types1:PublishedBy>
      <types1:PublicationDate>2019-02-26T20:19:02Z</types1:PublicationDate>
      <types1:PublishedContributionId>project:/rt.connection/IICS-Rest-API/IICS-Rest-API.conn.xml</types1:PublishedContributionId>
      <types1:AutosaveExists>false</types1:AutosaveExists>
      <types1:Entry>
         <connection xmlns="http://schemas.informatica.com/socrates/data-services/2014/04/avosConnections.xsd"
                     displayName="IICS-Rest-API"
                     label="IICS-Rest-API"
                     name="IICS-Rest-API">
            <description/>
            <tags/>
            <agent/>
            <attributes>
               <attribute encrypted="false"
                          name="baseURL"
                          value="https://dm-us.informaticacloud.com/ma"/>
               <attribute encrypted="false"
                          name="userName"
                          value="smanes@informatica.com.demo.ga"/>
               <attribute encrypted="false" name="password" value="Architect123"/>
            </attributes>
            <businessConnector xmlns="http://schemas.informatica.com/appmodules/screenflow/2014/04/avosConnectors.xsd"
                               agentOnly="false"
                               connectorPath="project:/rt.connector/Rest_API/Rest_API_svcDef.xml"
                               guid="4ZLtkLp9TaHcJFz5VAfX0k"
                               name="Rest_API"
                               supportsConnectionTest="false"
                               uuid="666728e4-1db5-43d7-833b-563f3634c277">
               <description/>
            </businessConnector>
         </connection>
      </types1:Entry>
      <types1:GUID>8UcL8T8bYxWdlfftHsxQWC</types1:GUID>
      <types1:DisplayName>IICS-Rest-API</types1:DisplayName>
   </types1:Item>
   <types1:CurrentServerDateTime>2019-03-01T16:43:08.138Z</types1:CurrentServerDateTime>
</aetgt:getResponse>
