<aetgt:getResponse xmlns:aetgt="http://schemas.active-endpoints.com/appmodules/repository/2010/10/avrepository.xsd"
                   xmlns:types1="http://schemas.active-endpoints.com/appmodules/repository/2010/10/avrepository.xsd">
   <types1:Item>
      <types1:EntryId>5kchzt1Y6tMFygl-gt-169138-2018-11-19T17:05:16.906Z::pd.xml</types1:EntryId>
      <types1:Name>OBMLeadSyncConvert</types1:Name>
      <types1:MimeType>application/xml+process</types1:MimeType>
      <types1:Description>Synchronizes updates to Lead records with LEAD_DATA DB table.  Will also execute the ConvertLead action on Lead records that have "Ready to Convert" = TRUE.</types1:Description>
      <types1:AppliesTo>Salesforce:Lead</types1:AppliesTo>
      <types1:Tags/>
      <types1:VersionLabel>1.0</types1:VersionLabel>
      <types1:State>CURRENT</types1:State>
      <types1:ProcessGroup/>
      <types1:CreatedBy>smanes@informatica.com.demo.ga</types1:CreatedBy>
      <types1:CreationDate>2018-11-19T17:05:17Z</types1:CreationDate>
      <types1:ModifiedBy/>
      <types1:PublicationStatus>unpublished</types1:PublicationStatus>
      <types1:AutosaveExists>false</types1:AutosaveExists>
      <types1:Entry>
         <process xmlns="http://schemas.active-endpoints.com/appmodules/screenflow/2010/10/avosScreenflow.xsd"
                  xmlns:list="urn:activevos:spi:list:functions"
                  displayName="OBMLeadSyncConvert"
                  name="OBMLeadSyncConvert"
                  runAsUser="$system">
            <appliesTo>Salesforce:Lead</appliesTo>
            <description>Synchronizes updates to Lead records with LEAD_DATA DB table.  Will also execute the ConvertLead action on Lead records that have "Ready to Convert" = TRUE.</description>
            <generator>Informatica Process Designer 8</generator>
            <output>
               <field name="outAccountID" type="string">
                  <options>
                     <option name="required">false</option>
                  </options>
               </field>
               <field name="outOpportunityID" type="string">
                  <options>
                     <option name="required">false</option>
                  </options>
               </field>
               <field name="outContactID" type="string">
                  <options>
                     <option name="required">false</option>
                  </options>
               </field>
            </output>
            <tempFields>
               <field name="LeadDB" type="reference">
                  <options>
                     <option name="referenceTo">AzureDB:LEAD_DATA</option>
                     <option name="required">false</option>
                  </options>
               </field>
            </tempFields>
            <notes/>
            <deployment suspendOnFault="false" tracingLevel="normal">
               <rest>
                  <allowAnonymousAccess/>
               </rest>
            </deployment>
            <flow id="a">
               <start id="b">
                  <link id="icyalufb" targetId="icyalufa"/>
               </start>
               <container id="icyalufa" type="exclusive">
                  <title>Ready to Convert</title>
                  <flow id="icybjbkl">
                     <service id="icybjbks">
                        <title>Convert Lead</title>
                        <serviceName>Salesforce:sfConvertLeadService</serviceName>
                        <serviceInput/>
                     </service>
                     <link id="icybjbkm" targetId="icyalufa" type="containerLink"/>
                  </flow>
                  <flow id="icybjbko">
                     <link id="icybjbkp" targetId="icyalufa" type="containerLink"/>
                  </flow>
                  <link id="icybjbki" targetId="icybjbkl" type="containerLink">
                     <condition source="formula">
                        <function name="true">
                           <arg name="field">{$Paid_Indicator__c}</arg>
                        </function>
                     </condition>
                  </link>
                  <link id="icybjbkj" targetId="icybjbko" type="containerLink">
                     <condition source="formula">
                        <function name="false">
                           <arg name="field">{$Paid_Indicator__c}</arg>
                        </function>
                     </condition>
                  </link>
                  <link id="icybjbm4" targetId="icybjblu"/>
               </container>
               <assignment id="icybjblu">
                  <title>Query for Row in LEAD_DATA DB table</title>
                  <operation source="query" to="temp.LeadDB">
                     <query from="AzureDB:LEAD_DATA">
                        <where>ID = {$Source_ID__c}</where>
                     </query>
                  </operation>
                  <link id="icybjbmk" targetId="icybjbmj"/>
               </assignment>
               <assignment id="icybjbmj">
                  <title>Update Fields in LEAD_DATA DB table</title>
                  <operation source="field" to="temp.LeadDB.first_name">FirstName</operation>
                  <operation source="field" to="temp.LeadDB.last_name">LastName</operation>
                  <operation source="field" to="temp.LeadDB.company">Company</operation>
                  <operation source="field" to="temp.LeadDB.title">Title</operation>
                  <operation source="field" to="temp.LeadDB.phone">Phone</operation>
                  <operation source="field" to="temp.LeadDB.email">Email</operation>
                  <operation source="field" to="temp.LeadDB.website">Website</operation>
                  <operation source="field" to="temp.LeadDB.lead_status">Status</operation>
                  <operation source="field" to="temp.LeadDB.sfdc_account_id">ConvertedAccountId</operation>
                  <operation source="field" to="temp.LeadDB.sfdc_contact_id">ConvertedContactId</operation>
                  <operation source="field" to="temp.LeadDB.address_street">Street</operation>
                  <operation source="field" to="temp.LeadDB.address_city">City</operation>
                  <operation source="field" to="temp.LeadDB.address_state">State</operation>
                  <operation source="field" to="temp.LeadDB.address_zip">PostalCode</operation>
                  <operation source="field" to="temp.LeadDB.address_country">Country</operation>
                  <link id="icybjbmr" targetId="d"/>
               </assignment>
               <end id="d"/>
            </flow>
         </process>
      </types1:Entry>
      <types1:GUID>hT7YahPVOWOjXO73aIIsu0</types1:GUID>
      <types1:DisplayName>OBMLeadSyncConvert</types1:DisplayName>
   </types1:Item>
   <types1:CurrentServerDateTime>2019-03-01T16:43:07.84Z</types1:CurrentServerDateTime>
</aetgt:getResponse>
