<aetgt:getResponse xmlns:aetgt="http://schemas.active-endpoints.com/appmodules/repository/2010/10/avrepository.xsd"
                   xmlns:types1="http://schemas.active-endpoints.com/appmodules/repository/2010/10/avrepository.xsd">
   <types1:Item>
      <types1:EntryId>9uk1SwEYrwn2H0F-gt-169148-2018-11-19T17:05:16.981Z::pd.xml</types1:EntryId>
      <types1:Name>OBMLeadCreated</types1:Name>
      <types1:MimeType>application/xml+process</types1:MimeType>
      <types1:Description>Create or Update LEAD_DATA DB table row.  Populates sfdc_lead_id on Leads created from DB insert.  Creates entire record for Leads created in SFDC</types1:Description>
      <types1:AppliesTo>Salesforce:Lead</types1:AppliesTo>
      <types1:Tags/>
      <types1:VersionLabel>1.0</types1:VersionLabel>
      <types1:State>CURRENT</types1:State>
      <types1:ProcessGroup/>
      <types1:CreatedBy>smanes@informatica.com.demo.ga</types1:CreatedBy>
      <types1:CreationDate>2018-11-19T17:05:17Z</types1:CreationDate>
      <types1:ModifiedBy/>
      <types1:PublicationStatus>unpublished</types1:PublicationStatus>
      <types1:AutosaveExists>false</types1:AutosaveExists>
      <types1:Entry>
         <process xmlns="http://schemas.active-endpoints.com/appmodules/screenflow/2010/10/avosScreenflow.xsd"
                  xmlns:list="urn:activevos:spi:list:functions"
                  displayName="OBMLeadCreated"
                  name="OBMLeadCreated"
                  runAsUser="$system">
            <appliesTo>Salesforce:Lead</appliesTo>
            <description>Create or Update LEAD_DATA DB table row.  Populates sfdc_lead_id on Leads created from DB insert.  Creates entire record for Leads created in SFDC</description>
            <generator>Informatica Process Designer 8</generator>
            <tempFields>
               <field name="LeadDB" type="reference">
                  <options>
                     <option name="referenceTo">AzureDB:LEAD_DATA</option>
                     <option name="required">false</option>
                  </options>
               </field>
            </tempFields>
            <notes/>
            <deployment suspendOnFault="false" tracingLevel="normal">
               <rest/>
            </deployment>
            <flow id="a">
               <start id="b">
                  <link id="link1" targetId="c"/>
               </start>
               <assignment id="c">
                  <title>Query for Row in LEAD_DATA DB table</title>
                  <operation source="query" to="temp.LeadDB">
                     <query from="AzureDB:LEAD_DATA">
                        <where>ID = {$Source_ID__c}</where>
                     </query>
                  </operation>
                  <link id="icy9cux8" targetId="icy9cux7"/>
               </assignment>
               <container id="icy9cux7" type="exclusive">
                  <title>LeadDB</title>
                  <flow id="icy9cuxd">
                     <assignment id="icy9cuz9">
                        <title>Set sfdc_lead_id in LEAD_DATA DB table</title>
                        <operation source="field" to="temp.LeadDB.sfdc_lead_id">Id</operation>
                     </assignment>
                     <link id="icy9cuxe" targetId="icy9cux7" type="containerLink"/>
                  </flow>
                  <flow id="icy9cuxg">
                     <create id="icy9cuxf">
                        <title>Create Record in LEAD_DATA DB table</title>
                        <entityName>AzureDB:LEAD_DATA</entityName>
                        <createInput>
                           <parameter name="first_name" source="field" updatable="true">FirstName</parameter>
                           <parameter name="last_name" source="field" updatable="true">LastName</parameter>
                           <parameter name="company" source="field" updatable="true">Company</parameter>
                           <parameter name="title" source="field" updatable="true">Title</parameter>
                           <parameter name="email" source="field" updatable="true">Email</parameter>
                           <parameter name="phone" source="field" updatable="true">Phone</parameter>
                           <parameter name="address_street" source="field" updatable="true">Street</parameter>
                           <parameter name="address_city" source="field" updatable="true">City</parameter>
                           <parameter name="address_state" source="field" updatable="true">State</parameter>
                           <parameter name="address_zip" source="field" updatable="true">PostalCode</parameter>
                           <parameter name="address_country" source="field" updatable="true">Country</parameter>
                           <parameter name="website" source="field" updatable="true">Website</parameter>
                           <parameter name="created_datetime" source="formula" updatable="true">
                              <function name="datetime_from_today">
                                 <arg name="days">0</arg>
                                 <arg name="hours">12</arg>
                                 <arg name="minutes">0</arg>
                                 <arg name="busDays">false</arg>
                              </function>
                           </parameter>
                           <parameter name="sfdc_lead_id" source="field">Id</parameter>
                           <parameter name="lead_status" source="field" updatable="true">Status</parameter>
                        </createInput>
                        <link id="icz04xu7" targetId="icz04xu6"/>
                     </create>
                     <assignment id="icz04xu6">
                        <title>Set Source ID on SFDC Lead Record</title>
                        <operation source="field" to="Source_ID__c">output.Created LEAD_DATA.ID</operation>
                     </assignment>
                     <link id="icy9cuxh" targetId="icy9cux7" type="containerLink"/>
                  </flow>
                  <link id="icy9cuxa" targetId="icy9cuxd" type="containerLink">
                     <condition source="formula">
                        <function name="set">
                           <arg name="field">{$temp.LeadDB}</arg>
                        </function>
                     </condition>
                  </link>
                  <link id="icy9cuxb" targetId="icy9cuxg" type="containerLink">
                     <condition source="formula">
                        <function name="unset">
                           <arg name="field">{$temp.LeadDB}</arg>
                        </function>
                     </condition>
                  </link>
                  <link id="icy9cuzr" targetId="d"/>
               </container>
               <end id="d"/>
            </flow>
         </process>
      </types1:Entry>
      <types1:GUID>jlNddRDvFK4iHzHpwLc26o</types1:GUID>
      <types1:DisplayName>OBMLeadCreated</types1:DisplayName>
   </types1:Item>
   <types1:CurrentServerDateTime>2019-03-01T16:43:07.977Z</types1:CurrentServerDateTime>
</aetgt:getResponse>
