{"EntryId":{"$t":"oHXbeKLUaaaaabb-gt-54532-2018-08-14T19:34:31.235Z::pd.xml"},"Name":{"$t":"Marketo_Get_Folder_Metadata-1"},"MimeType":{"$t":"application\/xml+process"},"Description":{"$t":"This process fetches all the folder details. It will first login to Marketo System using Marketo Authentication API and invoke actions using the Asset API."},"AppliesTo":{},"Tags":{"$t":".anonymous"},"VersionLabel":{"$t":"1.0"},"State":{"$t":"CURRENT"},"ProcessGroup":{},"CreatedBy":{"$t":"gstasko@svccon.com"},"CreationDate":{"$t":"2018-08-14T19:34:31Z"},"ModifiedBy":{},"PublicationStatus":{"$t":"unpublished"},"AutosaveExists":{"$t":"false"},"Entry":{"process":{"displayName":"Marketo Get Folder Metadata","name":"Marketo_Get_Folder_Metadata-1","xmlns":"http:\/\/schemas.active-endpoints.com\/appmodules\/screenflow\/2010\/10\/avosScreenflow.xsd","xmlns$aetgt":"http:\/\/schemas.active-endpoints.com\/appmodules\/repository\/2010\/10\/avrepository.xsd","xmlns$list":"urn:activevos:spi:list:functions","appliesTo":{},"description":{"$t":"This process fetches all the folder details. It will first login to Marketo System using Marketo Authentication API and invoke actions using the Asset API."},"tags":{"$t":".anonymous"},"generator":{"$t":"Informatica Process Designer 9"},"input":{"parameter":[{"description":"Client ID needed to gain access to Marketo system","name":"Client ID","required":"true","type":"string","options":{"option":{"name":"required","$t":"false"}}},{"description":"Client Secret needed to gain access to Marketo system","name":"Client Secret","required":"true","type":"string","options":{"option":{"name":"required","$t":"false"}}},{"description":"Grant Type needed to gain access to Marketo system","name":"Grant Type","required":"true","type":"string","options":{"option":{"name":"required","$t":"false"}}}]},"output":{"field":[{"description":"Status of the actions","name":"Status Message","type":"string","options":{"option":{"name":"required","$t":"false"}}},{"description":"","name":"Folder Description","type":"string","options":{"option":{"name":"required","$t":"false"}}}]},"notes":{},"deployment":{"suspendOnFault":"false","tracingLevel":"verbose","rest":{"allowAnonymousAccess":{}}},"flow":{"id":"a","start":{"id":"b","link":{"id":"jk8n7xqi","targetId":"jk8n7xqh"}},"service":[{"id":"jk8n7xqh","title":{"$t":"Get Marketo Access Token"},"serviceName":{"$t":"Marketo-Authentication-API-actions-1:identityUsingGET"},"serviceGUID":{"$t":"gHaNbW5ESmziYZ2phzGved"},"serviceInput":{"parameter":[{"name":"client_id","source":"field","updatable":"true","$t":"input.Client ID"},{"name":"client_secret","source":"field","updatable":"true","$t":"input.Client Secret"},{"name":"grant_type","source":"field","updatable":"true","$t":"input.Grant Type"}]},"link":{"id":"jk8n7xqu","targetId":"jk8n7xqt"}},{"id":"jk8n7xqt","title":{"$t":"Get Folder Metadata"},"serviceName":{"$t":"Marketo-Asset-API-actions-1:getFolderUsingGET"},"serviceGUID":{"$t":"8q1dsQXUkY9g3qmImmk8Cb"},"serviceInput":{"parameter":{"name":"access_token","source":"field","updatable":"true","$t":"output.access_token"}},"link":{"id":"jk8n7xrn","targetId":"jk8n7xrm"}}],"container":{"id":"jk8n7xrm","type":"exclusive","title":{"$t":"Did we fetch the Folders?"},"flow":[{"id":"jk8n7xrw","assignment":{"id":"jk8n7xse","title":{"$t":"Success"},"operation":[{"source":"formula","to":"output.Status Message","expression":{"language":"XQuery","$t":"fn:concat(\"Folder details are available. The first folder name is \", $output.ResponseOfFolderResponse[1]\/result[1]\/name   )"}},{"source":"field","to":"output.Folder Description","$t":"output.ResponseOfFolderResponse[1]\/result[1]\/description"}]},"link":{"id":"jk8n7xrx","targetId":"jk8n7xrm","type":"containerLink"}},{"id":"jk8n7xry","assignment":{"id":"jk8n7xsx","title":{"$t":"Failure"},"operation":{"source":"constant","to":"output.Status Message","$t":"Folders could not be fetched."}},"link":{"id":"jk8n7xrz","targetId":"jk8n7xrm","type":"containerLink"}}],"link":[{"id":"jk8n7xrp","targetId":"jk8n7xrw","type":"containerLink","condition":{"source":"formula","function":{"name":"true","arg":{"name":"field","$t":"{$output.ResponseOfFolderResponse[1]\/success}"}}}},{"id":"jk8n7xrs","targetId":"jk8n7xry","type":"containerLink","condition":{"source":"formula","function":{"name":"false","arg":{"name":"field","$t":"{$output.ResponseOfFolderResponse[1]\/success}"}}}},{"id":"jk8n7xro","targetId":"c"}]},"end":{"id":"c"}}}},"GUID":{"$t":"1aa4aLiosQOh6wJSwQ0ZMI"},"DisplayName":{"$t":"Marketo Get Folder Metadata"}}