{"EntryId":{"$t":"wVMZlNaaabdvhxi-gt-34889-2018-07-16T21:24:49.357Z::pd.xml"},"Name":{"$t":"E2TProcess"},"MimeType":{"$t":"application\/xml+process"},"Description":{},"AppliesTo":{},"Tags":{"$t":".anonymous"},"VersionLabel":{"$t":"1.0"},"State":{"$t":"CURRENT"},"ProcessGroup":{},"CreatedBy":{"$t":"smanes@informatica.com.demo.ga"},"CreationDate":{"$t":"2018-07-16T21:24:49Z"},"ModifiedBy":{"$t":"smanes@informatica.com.demo.ga"},"ModificationDate":{"$t":"2018-07-16T21:26:35Z"},"PublicationStatus":{"$t":"unpublished"},"AutosaveExists":{"$t":"false"},"Entry":{"process":{"displayName":"E2TProcess","name":"E2TProcess","xmlns":"http:\/\/schemas.active-endpoints.com\/appmodules\/screenflow\/2010\/10\/avosScreenflow.xsd","xmlns$aetgt":"http:\/\/schemas.active-endpoints.com\/appmodules\/repository\/2010\/10\/avrepository.xsd","xmlns$list":"urn:activevos:spi:list:functions","appliesTo":{},"description":{},"tags":{"$t":".anonymous"},"generator":{"$t":"Informatica Process Designer 9"},"notes":{},"deployment":{"suspendOnFault":"false","tracingLevel":"none","rest":{"allowAnonymousAccess":{}}},"flow":{"id":"a","start":{"id":"b","link":{"id":"jjos0uo3","targetId":"jjos0uo2"}},"service":{"id":"jjos0uo2","title":{"$t":"GetToken"},"serviceName":{"$t":"value-not-set"},"serviceGUID":{},"serviceInput":{},"link":{"id":"jjos0uo4","targetId":"c"}},"end":{"id":"c"}}}},"GUID":{"$t":"7ZSyV8NmqcNjkDMcqfVZgX"},"DisplayName":{"$t":"E2TProcess"}}