{"EntryId":{"$t":"shLSVMTonQYWeIs-gt-1626293-2018-08-30T17:11:16.302Z::tf.xml"},"Name":{"$t":"Taskflow1-1"},"MimeType":{"$t":"application\/xml+taskflow"},"Description":{},"AppliesTo":{},"Tags":{},"VersionLabel":{"$t":"1.0"},"State":{"$t":"CURRENT"},"ProcessGroup":{},"CreatedBy":{"$t":"cgorrepati@informatica.com.demo.iics"},"CreationDate":{"$t":"2018-08-30T17:11:16Z"},"ModifiedBy":{"$t":"cgorrepati@informatica.com.demo.iics"},"ModificationDate":{"$t":"2018-08-30T20:17:08Z"},"PublicationStatus":{"$t":"published"},"PublishedBy":{"$t":"cgorrepati@informatica.com.demo.iics"},"PublicationDate":{"$t":"2018-09-04T19:05:26Z"},"PublishedContributionId":{"$t":"project:\/tf.Taskflow1-1\/Taskflow1-1.tf.xml"},"AutosaveExists":{"$t":"false"},"Entry":{"taskflow":{"displayName":"TestSchedule","name":"Taskflow1-1","xmlns":"http:\/\/schemas.active-endpoints.com\/appmodules\/screenflow\/2010\/10\/avosScreenflow.xsd","xmlns$aetgt":"http:\/\/schemas.active-endpoints.com\/appmodules\/repository\/2010\/10\/avrepository.xsd","xmlns$list":"urn:activevos:spi:list:functions","appliesTo":{},"description":{},"tags":{},"generator":{"$t":"Informatica Process Designer 9"},"input":{"parameter":[{"description":"","name":"Data Task 1","type":"reference","options":{"option":{"name":"referenceTo","$t":"$po:TestSchedule1"}}},{"description":"","name":"Data Task 2","type":"reference","options":{"option":{"name":"referenceTo","$t":"$po:TestSchedule2"}}}]},"notes":{},"deployment":{"suspendOnFault":"true","tracingLevel":"verbose","rest":{}},"flow":{"id":"a","start":{"id":"b","link":{"id":"jlgtqbur","targetId":"jlgtqbv4"}},"eventContainer":[{"id":"jlgtqbv4","service":{"id":"jlgtqbuq","title":{"$t":"Data Task 1"},"serviceName":{"$t":"ICSExecuteDataTask"},"serviceInput":{"parameter":[{"name":"Wait for Task to Complete","source":"constant","updatable":"true","$t":"true"},{"name":"Max Wait","source":"constant","updatable":"true","$t":"86400"},{"name":"Task Name","source":"constant","updatable":"true","$t":"TestSchedule1"},{"name":"GUID","source":"constant","updatable":"true","$t":"5ZlCOI0766hbvd7i1mxpiu"},{"name":"Task Type","source":"constant","updatable":"true","$t":"SAAS_DSS"},{"name":"Has Inout Parameters","source":"constant","updatable":"true","$t":"false"},{"name":"taskField","source":"nested","operation":{"source":"field","to":"TestSchedule1","$t":"input.Data Task 1"}}]},"serviceOutput":{"operation":[{"source":"field","to":"input.Data Task 1\/output","$t":"Success Source Rows"},{"source":"field","to":"input.Data Task 1\/output\/Object_Name","$t":"Object Name"},{"source":"field","to":"input.Data Task 1\/output\/Run_Id","$t":"Run Id"},{"source":"field","to":"input.Data Task 1\/output\/Log_Id","$t":"Log Id"},{"source":"field","to":"input.Data Task 1\/output\/Task_Status","$t":"Task Status"},{"source":"field","to":"input.Data Task 1\/output\/Success_Source_Rows","$t":"Success Source Rows"},{"source":"field","to":"input.Data Task 1\/output\/Failed_Source_Rows","$t":"Failed Source Rows"},{"source":"field","to":"input.Data Task 1\/output\/Success_Target_Rows","$t":"Success Target Rows"},{"source":"field","to":"input.Data Task 1\/output\/Failed_Target_Rows","$t":"Failed Target Rows"},{"source":"field","to":"input.Data Task 1\/output\/Start_Time","$t":"Start Time"},{"source":"field","to":"input.Data Task 1\/output\/End_Time","$t":"End Time"},{"source":"field","to":"input.Data Task 1\/output\/Error_Message","$t":"Error Message"}]}},"link":{"id":"jlgtqbux","targetId":"jlgtqbvb"},"events":{"catch":[{"faultField":"input.Data Task 1\/fault","id":"jlgtqbv2","interrupting":"true","name":"error","suspend":{}},{"faultField":"input.Data Task 1\/fault","id":"jlgtqbv3","interrupting":"true","name":"warning"}]}},{"id":"jlgtqbvb","service":{"id":"jlgtqbuw","title":{"$t":"Data Task 2"},"serviceName":{"$t":"ICSExecuteDataTask"},"serviceInput":{"parameter":[{"name":"Wait for Task to Complete","source":"constant","updatable":"true","$t":"true"},{"name":"Max Wait","source":"constant","updatable":"true","$t":"86400"},{"name":"Task Name","source":"constant","updatable":"true","$t":"TestSchedule2"},{"name":"GUID","source":"constant","updatable":"true","$t":"1B97DJOGMtMiPAzPuc8ZS1"},{"name":"Task Type","source":"constant","updatable":"true","$t":"MCT"},{"name":"Has Inout Parameters","source":"constant","updatable":"true","$t":"false"},{"name":"taskField","source":"nested","operation":{"source":"field","to":"TestSchedule2","$t":"input.Data Task 2"}}]},"serviceOutput":{"operation":[{"source":"field","to":"input.Data Task 2\/output","$t":"Success Source Rows"},{"source":"field","to":"input.Data Task 2\/output\/Object_Name","$t":"Object Name"},{"source":"field","to":"input.Data Task 2\/output\/Run_Id","$t":"Run Id"},{"source":"field","to":"input.Data Task 2\/output\/Log_Id","$t":"Log Id"},{"source":"field","to":"input.Data Task 2\/output\/Task_Status","$t":"Task Status"},{"source":"field","to":"input.Data Task 2\/output\/Success_Source_Rows","$t":"Success Source Rows"},{"source":"field","to":"input.Data Task 2\/output\/Failed_Source_Rows","$t":"Failed Source Rows"},{"source":"field","to":"input.Data Task 2\/output\/Success_Target_Rows","$t":"Success Target Rows"},{"source":"field","to":"input.Data Task 2\/output\/Failed_Target_Rows","$t":"Failed Target Rows"},{"source":"field","to":"input.Data Task 2\/output\/Start_Time","$t":"Start Time"},{"source":"field","to":"input.Data Task 2\/output\/End_Time","$t":"End Time"},{"source":"field","to":"input.Data Task 2\/output\/Error_Message","$t":"Error Message"}]}},"link":{"id":"jlgtqbuy","targetId":"c"},"events":{"catch":[{"faultField":"input.Data Task 2\/fault","id":"jlgtqbv9","interrupting":"true","name":"error","suspend":{}},{"faultField":"input.Data Task 2\/fault","id":"jlgtqbva","interrupting":"true","name":"warning"}]}}],"end":{"id":"c"}},"dependencies":{"processObject":[{"displayName":"TestSchedule1","isByCopy":"true","name":"TestSchedule1","xmlns":"http:\/\/schemas.active-endpoints.com\/appmodules\/screenflow\/2011\/06\/avosHostEnvironment.xsd","description":{},"tags":{},"detail":{"field":[{"label":"Output Parameters","name":"output","type":"reference"},{"label":"Fault","name":"fault","type":"reference"}]}},{"displayName":"TestSchedule2","isByCopy":"true","name":"TestSchedule2","xmlns":"http:\/\/schemas.active-endpoints.com\/appmodules\/screenflow\/2011\/06\/avosHostEnvironment.xsd","description":{},"tags":{},"detail":{"field":[{"label":"Output Parameters","name":"output","type":"reference"},{"label":"Fault","name":"fault","type":"reference"}]}}]}}},"GUID":{"$t":"1l7EWxq1Sbif169AsCtpIL"},"DisplayName":{"$t":"TestSchedule"}}