{"EntryId":{"$t":"0clmbcjIw8jIw8j-gt-3395268-2018-09-15T20:20:36.995Z::svc.xml"},"Name":{"$t":"Get_Inventory_Detail"},"MimeType":{"$t":"application\/xml+businesssconnector"},"Description":{"$t":"Connector to interact with InventoryService"},"AppliesTo":{},"Tags":{},"VersionLabel":{"$t":"1.0"},"State":{"$t":"CURRENT"},"ProcessGroup":{},"CreatedBy":{"$t":"sagarwal@svccon.com"},"CreationDate":{"$t":"2018-09-15T20:20:37Z"},"ModifiedBy":{},"PublicationStatus":{"$t":"published"},"PublishedBy":{"$t":"sagarwal@svccon.com"},"PublicationDate":{"$t":"2018-09-15T20:28:14Z"},"PublishedContributionId":{"$t":"project:\/rt.connector\/Get_Inventory_Detail\/Get_Inventory_Detail_svcDef.xml"},"AutosaveExists":{"$t":"false"},"Entry":{"businessConnector":{"agentOnly":"false","debug":"false","displayName":"Get Inventory Detail","label":"","name":"Get_Inventory_Detail","uuid":"95147721-a125-409e-9cd4-43b7dd92f804","xmlns":"http:\/\/schemas.informatica.com\/socrates\/data-services\/2014\/05\/business-connector-model.xsd","xmlns$aetgt":"http:\/\/schemas.active-endpoints.com\/appmodules\/repository\/2010\/10\/avrepository.xsd","description":{"$t":"Connector to interact with InventoryService"},"tags":{},"connectionAttributes":{"xmlns":"http:\/\/schemas.informatica.com\/appmodules\/screenflow\/2014\/04\/avosConnectors.xsd"},"actions":{"action":{"category":"","failOnError":"true","forSearch":"false","label":"getInventoryDetail","maxRedirects":"100","name":"getInventoryDetail","preemptiveAuth":"true","responseEncoding":"","description":{"$t":"Returns item pricing details given item name."},"input":{"parameter":{"label":"Item Name","name":"ItemName","required":"false","testWith":"","type":"string"}},"binding":{"restSimpleBinding":{"multiUsing":"semicolonSeparated","url":"https:\/\/na1.ai.dm-us.informaticacloud.com\/active-bpel\/public\/rt\/6w10pMc8bwmkGpCQs9xkSM\/Inventory_Detail_Service","verb":"GET"}},"output":{"field":[{"description":"Boolean flag to indicate if item was found.","name":"ItemFound","type":"boolean","xquery":{"$t":"{string(\/\/status) = \"found\"}"}},{"description":"ItemDetail only if item was found.","name":"Item","type":"reference","options":{"option":{"name":"referenceTo","$t":"ItemDetail"}},"xquery":{"$t":"<ItemDetail>\n   <name>{string(\/\/name\/text())}<\/name>\n   <costprice>{string(\/\/cost\/text())}<\/costprice>\n   <sellprice>{string(\/\/sell\/text())}<\/sellprice>\n   <commission>{string(\/\/comm\/text())}<\/commission>\n   <salesperson>{string(\/\/salesperson\/text())}<\/salesperson>\n<\/ItemDetail>"}}]}}},"objects":{"processObject":{"isByCopy":"true","name":"ItemDetail","xmlns":"http:\/\/schemas.active-endpoints.com\/appmodules\/screenflow\/2011\/06\/avosHostEnvironment.xsd","description":{},"detail":{"field":[{"name":"name","type":"string"},{"name":"costprice","type":"double"},{"name":"sellprice","type":"double"},{"name":"commission","type":"double"},{"name":"salesperson","type":"string"}]}}}}},"GUID":{"$t":"0SiA7KhZ6o2hJnAdG6mgog"},"DisplayName":{"$t":"Get Inventory Detail"}}