{"EntryId":{"$t":"mumf6S3wOLIFvuk-gt-490588-2018-09-15T20:20:37.208Z::conn.xml"},"Name":{"$t":"Get-Inventory-Detail"},"MimeType":{"$t":"application\/xml+connection"},"Description":{},"AppliesTo":{},"Tags":{},"VersionLabel":{"$t":"1.0"},"State":{"$t":"CURRENT"},"ProcessGroup":{},"CreatedBy":{"$t":"sagarwal@svccon.com"},"CreationDate":{"$t":"2018-09-15T20:20:37Z"},"ModifiedBy":{},"PublicationStatus":{"$t":"published"},"PublishedBy":{"$t":"sagarwal@svccon.com"},"PublicationDate":{"$t":"2018-09-15T20:28:17Z"},"PublishedContributionId":{"$t":"project:\/rt.connection\/Get-Inventory-Detail\/Get-Inventory-Detail.conn.xml"},"AutosaveExists":{"$t":"false"},"Entry":{"connection":{"displayName":"Get-Inventory-Detail","label":"Get-Inventory-Detail","name":"Get-Inventory-Detail","xmlns":"http:\/\/schemas.informatica.com\/socrates\/data-services\/2014\/04\/avosConnections.xsd","xmlns$aetgt":"http:\/\/schemas.active-endpoints.com\/appmodules\/repository\/2010\/10\/avrepository.xsd","description":{},"tags":{},"agent":{},"attributes":{},"businessConnector":{"agentOnly":"false","connectorPath":"project:\/rt.connector\/Get_Inventory_Detail\/Get_Inventory_Detail_svcDef.xml","guid":"0SiA7KhZ6o2hJnAdG6mgog","name":"Get_Inventory_Detail","supportsConnectionTest":"false","uuid":"95147721-a125-409e-9cd4-43b7dd92f804","xmlns":"http:\/\/schemas.informatica.com\/appmodules\/screenflow\/2014\/04\/avosConnectors.xsd","description":{"$t":"Connector to interact with InventoryService"}}}},"GUID":{"$t":"2tyYddlJhO3erl2ZRYvOqx"},"DisplayName":{"$t":"Get-Inventory-Detail"}}