<aetgt:getResponse xmlns:aetgt="http://schemas.active-endpoints.com/appmodules/repository/2010/10/avrepository.xsd"
                   xmlns:types1="http://schemas.active-endpoints.com/appmodules/repository/2010/10/avrepository.xsd">
   <types1:Item>
      <types1:EntryId>kTjFIMeINciZBpD-gt-972803-2019-05-31T16:22:33.165Z::svc.xml</types1:EntryId>
      <types1:Name>IICS-RESTV2-IU</types1:Name>
      <types1:MimeType>application/xml+businesssconnector</types1:MimeType>
      <types1:Description/>
      <types1:AppliesTo/>
      <types1:Tags/>
      <types1:VersionLabel>1.0</types1:VersionLabel>
      <types1:State>CURRENT</types1:State>
      <types1:ProcessGroup/>
      <types1:CreatedBy>dsabella.dev</types1:CreatedBy>
      <types1:CreationDate>2019-05-31T16:22:33Z</types1:CreationDate>
      <types1:ModifiedBy/>
      <types1:PublicationStatus>unpublished</types1:PublicationStatus>
      <types1:AutosaveExists>false</types1:AutosaveExists>
      <types1:Entry>
         <businessConnector xmlns="http://schemas.informatica.com/socrates/data-services/2014/05/business-connector-model.xsd"
                            agentOnly="false"
                            debug="false"
                            displayName="IICS-RESTV2-IU"
                            label=""
                            name="IICS-RESTV2-IU"
                            uuid="1a36ee48-2859-4c86-b5eb-da33bdd16f64">
            <description/>
            <tags/>
            <connectionAttributes xmlns="http://schemas.informatica.com/appmodules/screenflow/2014/04/avosConnectors.xsd">
               <connectionAttribute description=""
                                    masked="false"
                                    name="LoginURL"
                                    required="true"
                                    testWith="https://dm-us.informaticacloud.com/ma/api/v2/user/login"
                                    type="string"/>
               <connectionAttribute description=""
                                    masked="false"
                                    name="Username"
                                    required="true"
                                    testWith="mpatel@informatica.com"
                                    type="string"/>
               <connectionAttribute description=""
                                    masked="true"
                                    name="Password"
                                    required="true"
                                    testWith=""
                                    type="string"/>
            </connectionAttributes>
            <actions>
               <action category=""
                       failOnError="true"
                       forSearch="false"
                       label="login"
                       maxRedirects="100"
                       name="login"
                       preemptiveAuth="true"
                       responseEncoding="">
                  <description/>
                  <input>
                     <parameter name="dummy" required="false" testWith="" type="string"/>
                  </input>
                  <binding>
                     <restSimpleBinding multiUsing="semicolonSeparated" url="{$LoginURL}" verb="POST">
                        <httpHeaders>
                           <header name="Content-Type">application/json</header>
                        </httpHeaders>
                        <body>{{
"@type": "login",
 "username": "{$Username}",
 "password": "{$Password }"
}}</body>
                     </restSimpleBinding>
                  </binding>
                  <output>
                     <field description=""
                            name="serverUrl"
                            property="serverUrl"
                            type="string"/>
                     <field description=""
                            name="icSessionId"
                            property="icSessionId"
                            type="string"/>
                  </output>
               </action>
               <action category=""
                       failOnError="true"
                       forSearch="false"
                       label="MCTTaskDetail"
                       maxRedirects="100"
                       name="MCTTaskDetail"
                       preemptiveAuth="true"
                       responseEncoding="">
                  <description/>
                  <input>
                     <parameter name="icSessionId"
                                nogen="true"
                                required="false"
                                testWith="3yrbjHvSHAIeWNwJ0C7q8W"
                                type="string"/>
                     <parameter name="icServerURL"
                                required="false"
                                testWith="https://use4.dm-us.informaticacloud.com/saas"
                                type="string"/>
                  </input>
                  <binding>
                     <restSimpleBinding multiUsing="semicolonSeparated"
                                        url="{$icServerURL}/api/v2/mttask/name/_mct_double"
                                        verb="GET">
                        <httpHeaders>
                           <header name="icSessionId">{$icSessionId}</header>
                           <header name="Content-Type">application/xml</header>
                        </httpHeaders>
                     </restSimpleBinding>
                  </binding>
                  <output/>
               </action>
               <action category=""
                       failOnError="true"
                       forSearch="false"
                       label="CreateMCT"
                       maxRedirects="100"
                       name="CreateMCT"
                       preemptiveAuth="true"
                       responseEncoding="">
                  <description/>
                  <input>
                     <parameter name="icSessionId"
                                required="false"
                                testWith="hUQ0dVfsHwWjUQlfu30mWj"
                                type="string"/>
                     <parameter name="icServerURL"
                                required="false"
                                testWith="https://use4.dm-us.informaticacloud.com/saas"
                                type="string"/>
                     <parameter name="sourceFile"
                                required="false"
                                testWith="input.txt"
                                type="string"/>
                     <parameter name="targetFile"
                                required="false"
                                testWith="output.txt"
                                type="string"/>
                     <parameter name="taskName" required="false" testWith="auto" type="string"/>
                  </input>
                  <binding>
                     <restSimpleBinding multiUsing="semicolonSeparated"
                                        url="{$icServerURL}/api/v2/mttask"
                                        verb="POST">
                        <httpHeaders>
                           <header name="icSessionId">{$icSessionId}</header>
                           <header name="Content-Type">application/xml</header>
                        </httpHeaders>
                        <body>&lt;mtTask&gt;
    &lt;name&gt;{$taskName}&lt;/name&gt;
    &lt;mappingId&gt;000V2Z1700000000004H&lt;/mappingId&gt;
    &lt;runtimeEnvironmentId&gt;000V2Z2500000000000J&lt;/runtimeEnvironmentId&gt;
    &lt;parameters&gt;
        &lt;parameter&gt;
            &lt;name&gt;$NewSource$&lt;/name&gt;
            &lt;type&gt;EXTENDED_SOURCE&lt;/type&gt;
            &lt;extendedObject&gt;
                &lt;object&gt;
                    &lt;name&gt;{$sourceFile}&lt;/name&gt;
                &lt;/object&gt;
            &lt;/extendedObject&gt;
        &lt;/parameter&gt;
        &lt;parameter&gt;
            &lt;name&gt;$NewTarget$&lt;/name&gt;
            &lt;type&gt;TARGET&lt;/type&gt;
            &lt;targetObject&gt;{$targetFile}&lt;/targetObject&gt;
        &lt;/parameter&gt;
    &lt;/parameters&gt;
&lt;/mtTask&gt;</body>
                     </restSimpleBinding>
                  </binding>
                  <output>
                     <field description=""
                            name="HTTPStatusCode"
                            responseStatusCode="true"
                            type="string"/>
                     <field description="" name="TaskId" property="id" type="string"/>
                  </output>
               </action>
            </actions>
            <objects/>
         </businessConnector>
      </types1:Entry>
      <types1:GUID>ixxpdvddLWaeqxk5o9fqGQ</types1:GUID>
      <types1:DisplayName>IICS-RESTV2-IU</types1:DisplayName>
   </types1:Item>
   <types1:CurrentServerDateTime>2019-06-10T21:06:49.603Z</types1:CurrentServerDateTime>
</aetgt:getResponse>
