<aetgt:getResponse xmlns:aetgt="http://schemas.active-endpoints.com/appmodules/repository/2010/10/avrepository.xsd"
                   xmlns:types1="http://schemas.active-endpoints.com/appmodules/repository/2010/10/avrepository.xsd">
   <types1:Item>
      <types1:EntryId>bf6A1vyoY2G7QnG-gt-11028061-2019-06-10T14:01:03.031Z::pd.xml</types1:EntryId>
      <types1:Name>Process1</types1:Name>
      <types1:MimeType>application/xml+process</types1:MimeType>
      <types1:Description/>
      <types1:AppliesTo/>
      <types1:Tags/>
      <types1:VersionLabel>1.0</types1:VersionLabel>
      <types1:State>CURRENT</types1:State>
      <types1:ProcessGroup/>
      <types1:CreatedBy>dsabella.dev</types1:CreatedBy>
      <types1:CreationDate>2019-06-10T14:01:03Z</types1:CreationDate>
      <types1:ModifiedBy/>
      <types1:PublicationStatus>unpublished</types1:PublicationStatus>
      <types1:AutosaveExists>false</types1:AutosaveExists>
      <types1:Entry>
         <process xmlns="http://schemas.active-endpoints.com/appmodules/screenflow/2010/10/avosScreenflow.xsd"
                  xmlns:list="urn:activevos:spi:list:functions"
                  displayName="Process1"
                  name="Process1">
            <appliesTo/>
            <description/>
            <tags/>
            <generator>Informatica Process Designer 11</generator>
            <notes/>
            <deployment suspendOnFault="false" tracingLevel="none">
               <rest/>
            </deployment>
            <flow id="a">
               <start id="b">
                  <link id="jwqfzlxe" targetId="jwqfzlxd"/>
               </start>
               <container id="jwqfzlxd" type="parallel">
                  <title>Parallel Paths 1</title>
                  <flow id="jwqfzlxh">
                     <service id="jwqfzlxq">
                        <title>Run Cloud Task</title>
                        <serviceName>ICSExecuteTask</serviceName>
                        <serviceGUID/>
                        <serviceInput>
                           <parameter name="Task Name" source="constant"/>
                           <parameter name="Wait for Task to Complete" source="constant">false</parameter>
                           <parameter name="Fail on Cloud Task Errors" source="constant">false</parameter>
                           <parameter name="GUID" source="constant"/>
                        </serviceInput>
                     </service>
                     <link id="jwqfzlxi" targetId="jwqfzlxd" type="containerLink"/>
                  </flow>
                  <flow id="jwqfzlxk">
                     <link id="jwqfzlxl" targetId="jwqfzlxd" type="containerLink"/>
                  </flow>
                  <link id="jwqfzlxg" targetId="jwqfzlxh" type="containerLink"/>
                  <link id="jwqfzlxj" targetId="jwqfzlxk" type="containerLink"/>
                  <link id="jwqfzlxf" targetId="c"/>
               </container>
               <end id="c"/>
            </flow>
         </process>
      </types1:Entry>
      <types1:GUID>kcscqscy4K6jUlqqzmOfan</types1:GUID>
      <types1:DisplayName>Process1</types1:DisplayName>
   </types1:Item>
   <types1:CurrentServerDateTime>2019-06-10T21:06:49.588Z</types1:CurrentServerDateTime>
</aetgt:getResponse>
