{"EntryId":{"$t":"bdreAFLK2D86Cjq-gt-57749-2018-07-17T20:31:03.402Z::conn.xml"},"Name":{"$t":"Git-Contents-API-actions"},"ParentFlowIds":{"$t":"77duD2L5SeE1KoJ-gt-57189-2018-07-17T20:31:03.694Z::pd.xml,PsxKlFmVSciY3Ax-gt-57199-2018-07-17T20:31:03.767Z::pd.xml"},"MimeType":{"$t":"application\/xml+connection"},"Description":{},"AppliesTo":{},"Tags":{},"VersionLabel":{"$t":"1.0"},"State":{"$t":"CURRENT"},"ProcessGroup":{},"CreatedBy":{"$t":"smanes@informatica.com.demo.ga"},"CreationDate":{"$t":"2018-07-17T20:31:03Z"},"ModifiedBy":{"$t":"smanes@informatica.com.demo.ga"},"ModificationDate":{"$t":"2018-09-05T15:39:35Z"},"PublicationStatus":{"$t":"published"},"PublishedBy":{"$t":"smanes@informatica.com.demo.ga"},"PublicationDate":{"$t":"2018-09-05T15:39:46Z"},"PublishedContributionId":{"$t":"project:\/rt.connection\/Git-Contents-API-actions\/Git-Contents-API-actions.conn.xml"},"AutosaveExists":{"$t":"false"},"Entry":{"connection":{"displayName":"Git-Contents-API-actions","label":"Git-Contents-API-actions","name":"Git-Contents-API-actions","xmlns":"http:\/\/schemas.informatica.com\/socrates\/data-services\/2014\/04\/avosConnections.xsd","xmlns$aetgt":"http:\/\/schemas.active-endpoints.com\/appmodules\/repository\/2010\/10\/avrepository.xsd","description":{},"tags":{},"agent":{},"attributes":{"attribute":[{"encrypted":"false","name":"username","value":"sagarwal@informatica.com"},{"encrypted":"false","name":"password","value":"InfaCloud9"},{"encrypted":"false","name":"baseURL","value":"https:\/\/api.github.com"},{"encrypted":"false","name":"owner","value":"sagarwal1980"},{"encrypted":"false","name":"repo","value":"Informatica-Cloud-Application-Integration"},{"encrypted":"false","name":"branch","value":"master"}]},"businessConnector":{"agentOnly":"false","connectorPath":"project:\/rt.connector\/Git_Contents_API\/Git_Contents_API_svcDef.xml","name":"Git_Contents_API","supportsConnectionTest":"false","uuid":"516eedb8-1d47-46a1-bbaa-8a74613884e3","xmlns":"http:\/\/schemas.informatica.com\/appmodules\/screenflow\/2014\/04\/avosConnectors.xsd","description":{"$t":"This service connectors provides actions for Git Contents API. Refer https:\/\/developer.github.com\/v3\/repos\/contents\/"}}}},"GUID":{"$t":"8jRzOupAseJfbqdA3PHqqG"},"DisplayName":{"$t":"Git-Contents-API-actions"}}