{"EntryId":{"$t":"hFIMeINciZBpDUQ-gt-140730-2018-07-17T20:31:02.812Z::conn.xml"},"Name":{"$t":"IICS-REST-API-actions"},"ParentFlowIds":{"$t":"77duD2L5SeE1KoJ-gt-57189-2018-07-17T20:31:03.694Z::pd.xml,PsxKlFmVSciY3Ax-gt-57199-2018-07-17T20:31:03.767Z::pd.xml"},"MimeType":{"$t":"application\/xml+connection"},"Description":{"$t":"s"},"AppliesTo":{},"Tags":{},"VersionLabel":{"$t":"1.0"},"State":{"$t":"CURRENT"},"ProcessGroup":{},"CreatedBy":{"$t":"smanes@informatica.com.demo.ga"},"CreationDate":{"$t":"2018-07-17T20:31:03Z"},"ModifiedBy":{"$t":"smanes@informatica.com.demo.ga"},"ModificationDate":{"$t":"2018-08-22T17:40:47Z"},"PublicationStatus":{"$t":"published"},"PublishedBy":{"$t":"smanes@informatica.com.demo.ga"},"PublicationDate":{"$t":"2018-08-31T21:12:58Z"},"PublishedContributionId":{"$t":"project:\/rt.connection\/IICS-REST-API-actions\/IICS-REST-API-actions.conn.xml"},"AutosaveExists":{"$t":"false"},"Entry":{"connection":{"displayName":"IICS-REST-API-actions","label":"IICS-REST-API-actions","name":"IICS-REST-API-actions","xmlns":"http:\/\/schemas.informatica.com\/socrates\/data-services\/2014\/04\/avosConnections.xsd","xmlns$aetgt":"http:\/\/schemas.active-endpoints.com\/appmodules\/repository\/2010\/10\/avrepository.xsd","description":{"$t":"s"},"tags":{},"agent":{},"attributes":{},"businessConnector":{"agentOnly":"false","connectorPath":"project:\/rt.connector\/IICS_REST_API\/IICS_REST_API_svcDef.xml","name":"IICS_REST_API","supportsConnectionTest":"false","uuid":"d7548bc0-06f3-49dd-a1d3-19f011e362d4","xmlns":"http:\/\/schemas.informatica.com\/appmodules\/screenflow\/2014\/04\/avosConnectors.xsd","description":{"$t":"This service defines actions to connect to IICS through REST API"}}}},"GUID":{"$t":"1sV4HmNDyqfdE8CMkuit6g"},"DisplayName":{"$t":"IICS-REST-API-actions"}}