{
  "name" : "NetSuite-1536772468318",
  "sourceOrgId" : "7IJhF8s0e6bdUq4GnCuF8F",
  "sourceOrgName" : "Informatica",
  "exportedObjects" : [ {
    "objectGuid" : "39gMLFkxnIbkXL43IDhs4X",
    "objectName" : "NetSuite Customer Lookup by ID",
    "objectType" : "PROCESS",
    "path" : "/Explore/NetSuite",
    "metadata" : {
      "modelVersion" : {
        "major" : 1,
        "minor" : 0
      },
      "repoInfo" : {
        "repoHandle" : "Ykaaa-gt-509191-2018-09-12T16:36:50.807Z::pd.xml"
      },
      "objectRefs" : [ "0QDLgUjQsw7h3jyQB8FgWP" ],
      "contextAttributes" : null,
      "additionalInfo" : {
        "description" : "Retrieve a single customer record using a NetSuite ID. That is the only input required.\n\nThe NetSuite credentials are specified in the Connection.",
        "contentType" : "application/json; charset=utf-8",
        "documentState" : "VALID"
      },
      "objectExistence" : "WITH_DEPENDENCIES"
    }
  }, {
    "objectGuid" : "2oNkED2IhLWh58JGzTlwwx",
    "objectName" : "NetSuite Customer Update",
    "objectType" : "PROCESS",
    "path" : "/Explore/NetSuite",
    "metadata" : {
      "modelVersion" : {
        "major" : 1,
        "minor" : 0
      },
      "repoInfo" : {
        "repoHandle" : "Um8zbgdwUiQLnzY-gt-509181-2018-09-12T16:36:50.756Z::pd.xml"
      },
      "objectRefs" : [ "0QDLgUjQsw7h3jyQB8FgWP" ],
      "contextAttributes" : null,
      "additionalInfo" : {
        "description" : "Takes as input the NetSuite customer number, customer name, and the new phone number.\n\nThe NetSuite credentials are specified in the Connection.",
        "contentType" : "application/json; charset=utf-8",
        "documentState" : "VALID"
      },
      "objectExistence" : "WITH_DEPENDENCIES"
    }
  }, {
    "objectGuid" : "0QDLgUjQsw7h3jyQB8FgWP",
    "objectName" : "NetSuite-API-actions",
    "objectType" : "AI_CONNECTION",
    "path" : "/Explore/NetSuite",
    "metadata" : {
      "modelVersion" : {
        "major" : 1,
        "minor" : 0
      },
      "repoInfo" : {
        "repoHandle" : "FvfQtvTxhFdw8jI-gt-2858452-2018-09-12T16:36:50.513Z::conn.xml"
      },
      "objectRefs" : [ "49UhfgjB98PbCn2AZMFmQg" ],
      "contextAttributes" : null,
      "additionalInfo" : {
        "description" : "",
        "contentType" : "application/json; charset=utf-8",
        "documentState" : "INVALID"
      },
      "objectExistence" : "WITH_DEPENDENCIES"
    }
  }, {
    "objectGuid" : "49UhfgjB98PbCn2AZMFmQg",
    "objectName" : "NetSuite API",
    "objectType" : "AI_SERVICE_CONNECTOR",
    "path" : "/Explore/NetSuite",
    "metadata" : {
      "modelVersion" : {
        "major" : 1,
        "minor" : 0
      },
      "repoInfo" : {
        "repoHandle" : "wOQohJvsGRvDINc-gt-2869292-2018-09-12T16:42:47.369Z::svc.xml"
      },
      "objectRefs" : [ ],
      "contextAttributes" : null,
      "additionalInfo" : {
        "description" : "Provides NetSuite Services: Get, Create, Update, Search - Items, Records, and Transactions.",
        "contentType" : "Binary",
        "documentState" : "VALID"
      },
      "objectExistence" : "WITH_DEPENDENCIES"
    }
  }, {
    "objectGuid" : "1BYkjQMGIMdcohkStr1C8t",
    "objectName" : "NetSuite",
    "objectType" : "Project",
    "path" : "/Explore",
    "metadata" : {
      "modelVersion" : {
        "major" : 0,
        "minor" : 0
      },
      "repoInfo" : null,
      "objectRefs" : [ ],
      "contextAttributes" : [ ],
      "additionalInfo" : {
        "description" : "",
        "contentType" : "Binary",
        "documentState" : "COMPLETE"
      },
      "objectExistence" : "WITHOUT_DEPENDENCIES"
    }
  } ]
}