{
  "name" : "NetSuiteConnectorPackage-0918.zip",
  "sourceOrgId" : "aDdeKzHZEoQdwATn5hMqI8",
  "sourceOrgName" : "CAI Service Connectors",
  "exportedObjects" : [ {
    "objectGuid" : "8spuUhBKbr7c1M8WAsYyIg",
    "objectName" : "NetSuite-API-actions",
    "objectType" : "AI_CONNECTION",
    "path" : "/Explore/NetSuite",
    "metadata" : {
      "modelVersion" : {
        "major" : 1,
        "minor" : 0
      },
      "repoInfo" : {
        "repoHandle" : "AT4W6jKsJlv58pI-gt-173515-2018-08-30T01:20:13.421Z::conn.xml"
      },
      "objectRefs" : [ "0u3VMenOFtqcwAJhQ5tWwA" ],
      "contextAttributes" : null,
      "additionalInfo" : {
        "description" : "",
        "contentType" : null,
        "documentState" : "VALID"
      },
      "objectExistence" : "WITH_DEPENDENCIES"
    }
  }, {
    "objectGuid" : "708rgZzDF7pkKBTXtiOEOy",
    "objectName" : "NetSuite Customer Lookup by ID",
    "objectType" : "PROCESS",
    "path" : "/Explore/NetSuite",
    "metadata" : {
      "modelVersion" : {
        "major" : 1,
        "minor" : 0
      },
      "repoInfo" : {
        "repoHandle" : "UJQhtGci3zymbdu-gt-805825-2018-08-30T01:20:13.752Z::pd.xml"
      },
      "objectRefs" : [ "8spuUhBKbr7c1M8WAsYyIg" ],
      "contextAttributes" : null,
      "additionalInfo" : {
        "description" : "Retrieve a single customer record using their NetSuite ID. That is the only input required.",
        "contentType" : null,
        "documentState" : "VALID"
      },
      "objectExistence" : "WITH_DEPENDENCIES"
    }
  }, {
    "objectGuid" : "6qYG2gSOngqbX4ovMdxIkc",
    "objectName" : "NetSuite Customer Update",
    "objectType" : "PROCESS",
    "path" : "/Explore/NetSuite",
    "metadata" : {
      "modelVersion" : {
        "major" : 1,
        "minor" : 0
      },
      "repoInfo" : {
        "repoHandle" : "w4ARW8UBM7zsZvE-gt-796963-2018-08-30T01:20:13.59Z::pd.xml"
      },
      "objectRefs" : [ "8spuUhBKbr7c1M8WAsYyIg" ],
      "contextAttributes" : null,
      "additionalInfo" : {
        "description" : "Takes as input the NetSuite customer number, customer name, and the new phone number.",
        "contentType" : null,
        "documentState" : "VALID"
      },
      "objectExistence" : "WITH_DEPENDENCIES"
    }
  }, {
    "objectGuid" : "0u3VMenOFtqcwAJhQ5tWwA",
    "objectName" : "NetSuite API",
    "objectType" : "AI_SERVICE_CONNECTOR",
    "path" : "/Explore/NetSuite",
    "metadata" : {
      "modelVersion" : {
        "major" : 1,
        "minor" : 0
      },
      "repoInfo" : {
        "repoHandle" : "pw0VPNzUzeA8rJ4-gt-173507-2018-08-30T01:20:13.252Z::svc.xml"
      },
      "objectRefs" : [ ],
      "contextAttributes" : null,
      "additionalInfo" : {
        "description" : "Provides NetSuite Services: Get, Create, Update, Search - Items, Records, and Transactions.",
        "contentType" : null,
        "documentState" : "VALID"
      },
      "objectExistence" : "WITH_DEPENDENCIES"
    }
  }, {
    "objectGuid" : "5SO2uQ37wwaknLfn2hBver",
    "objectName" : "NetSuite",
    "objectType" : "Project",
    "path" : "/Explore",
    "metadata" : {
      "modelVersion" : {
        "major" : 0,
        "minor" : 0
      },
      "repoInfo" : null,
      "objectRefs" : [ ],
      "contextAttributes" : [ ],
      "additionalInfo" : {
        "description" : "This project contains the service connect, connection, and two sample processes that demonstrate how to read and update NetSuite data.",
        "contentType" : "Binary",
        "documentState" : "COMPLETE"
      },
      "objectExistence" : "WITHOUT_DEPENDENCIES"
    }
  } ]
}