{"EntryId":{"$t":"rtRuImXycotFgpK-gt-134915-2018-07-10T22:34:16.288Z::po.xml"},"Name":{"$t":"User"},"ParentFlowIds":{"$t":"iUQbgdwUiQLnzYL-gt-1660387-2018-09-05T16:42:30.132Z::pd.xml"},"MimeType":{"$t":"application\/xml+processobject"},"Description":{},"AppliesTo":{},"Tags":{},"VersionLabel":{"$t":"1.0"},"State":{"$t":"CURRENT"},"ProcessGroup":{},"CreatedBy":{"$t":"smanes@informatica.com.demo.ga"},"CreationDate":{"$t":"2018-07-10T22:34:16Z"},"ModifiedBy":{"$t":"smanes@informatica.com.demo.ga"},"ModificationDate":{"$t":"2018-09-05T16:51:25Z"},"PublicationStatus":{"$t":"unpublished"},"AutosaveExists":{"$t":"false"},"Entry":{"processObject":{"displayName":"User","isByCopy":"true","name":"User","xmlns":"http:\/\/schemas.active-endpoints.com\/appmodules\/screenflow\/2011\/06\/avosHostEnvironment.xsd","xmlns$aetgt":"http:\/\/schemas.active-endpoints.com\/appmodules\/repository\/2010\/10\/avrepository.xsd","description":{},"tags":{},"detail":{"field":[{"label":"userName","name":"userName","type":"string"},{"label":"password","name":"password","type":"string"}]}}},"GUID":{"$t":"8VZKmnawV4wePqJEgJTvuJ"},"DisplayName":{"$t":"User"}}