objectPath,objectName,objectType,id
/SYS,ReliableLoginConn,Connection,24ukUf5Bxkudwu5ywzoyeY
/Explore/Sukhman_Project,dss_trial,DSS,1aoD2jExzwulNrf25j5fqF
/SYS,sfcon-infa,Connection,2yVTC071gSvhLoQgTromKf
/Explore/Sukhman_Project,Mapping1,DTEMPLATE,4CxYZ8y58Spl6UXJaSUawx
/Explore/Sukhman_Project,mct_GetWorkOrderStatus,MTT,0ZcqkfTzaLiftXGeaDJn2V
/Explore/Sukhman_Project,Orcl_Lookup_connected_override,DTEMPLATE,9sGQMpWp9EDhsqgXaJsMOF
/Explore/Sukhman_Project,TestSchedule2,DTEMPLATE,9RHzERHY0CTdS48IjZtCOP
/Explore/Sukhman_Project,TestSchedule,WORKFLOW,9gyjnz1Bo8vjTNSkNfqd8N
/Explore/Sukhman_Project/UCSD,schema_REMS,HSCHEMA,1giaqEo8DYOfVklz5EgAGH
/Explore/Sukhman_Project,bs_Rel_Login,BSERVICE,jDgVIXcJkoDewlBh1zKc6m
/Explore/Sukhman_Project/GreenDot,mct_ParamTestShellOut_new,MTT,0MNZwhBPK5Dji9qhL6azAx
/Explore/Sukhman_Project,Orcl_Lookup,DTEMPLATE,kxglaNBKW8rdmFs7YbeEc6
/Explore/Sukhman_Project,mct_ParamTestShellOut,MTT,9bBUgCawfEKeRqBL1n2j2S
/Explore/Sukhman_Project/GreenDot,Orcl_Lookup_connected_override,DTEMPLATE,gRL4s8PNf2Je3ftZkTdHQN
/Explore,Sukhman_Project,Project,5x7WsBpQFqlk1LZL5ejoY5
/Explore/Sukhman_Project,Orcl_Lookup_sql,DTEMPLATE,9QH7jOlk6SugEGQlD3gE4Q
/Explore/Sukhman_Project,ParamTestCopy,DTEMPLATE,2YuwtiozVe4luhXlwq1zGK
/Explore/Sukhman_Project,ParamTestShellOut,DTEMPLATE,9DyGMnebeYPbD70yDdjtIr
/Explore/Sukhman_Project,mct_GetwoorkOrder_new_sfdc,MTT,dDxPcVnY5Gfc74CwrNLmoS
/Explore/Sukhman_Project,mct_GetWorkOrderStatus_new_SFDC,MTT,7yXfhBeI1Emd8y6f9F4AQM
/Explore/Sukhman_Project/UCSD,m_ucsd_xml_parser,DTEMPLATE,7uASa1QVHMHjyQyPd7yReE
/Explore/Sukhman_Project,Orcl_Lookup_sql_override,DTEMPLATE,7wWrvrQ59n6dPqMIxf8YIC
/SYS,localOrclXE,Connection,5RREzGaEN0GdxywBqJbHuT
/Explore/Sukhman_Project,TestSchedule,TASKFLOW,1l7EWxq1Sbif169AsCtpIL
/Explore/Sukhman_Project,mct_GetWorkOrderStatus_new_test,MTT,4hgCDeuKmAMc3go6UXrXM9
/Explore/Sukhman_Project/Xifin,User,PROCESS_OBJECT,8VZKmnawV4wePqJEgJTvuJ
/Explore/Sukhman_Project,m_GetWorkOrderStatus_new_sfdc,DTEMPLATE,70nCTgFdkedcJzLtrMvz0Q
/Explore/Sukhman_Project,m_src_rel,DTEMPLATE,3PjfwIaIjFXgk3sBnhQNoV
/SYS,test-sfdc,Connection,1G2fTKGHB7ZknMZnTWFLEJ
/SYS,PSVW12PRD1,AgentGroup,dkosBpL944ikT6hf0KPwkE
/Explore/Sukhman_Project,bs_rel_Order_Status,BSERVICE,27CqD4aDGDxde6j6WS0ec7
/Explore/Sukhman_Project,m_GetWorkOrderStatus_linetem,DTEMPLATE,1RbXBVvZv1DlTTShmHt6IM
/SYS,ff_local,Connection,6M5n4Cs9ozgkBhT5F1cwQw
/Explore/Sukhman_Project,TestSchedule1,DSS,5ZlCOI0766hbvd7i1mxpiu
/SYS,IntegrationDB,Connection,6BYEdnHLRlUgyuzmxAB9Wy
/SYS,SNA-CONS2,Connection,6kuYJOQ7tyxkCgEfzywYUK
/Explore/Sukhman_Project,mct_paramTest,MTT,ihPkM2S2UEihf8xogqru8m
/Explore/Sukhman_Project,TestSchedule2,MTT,1B97DJOGMtMiPAzPuc8ZS1
/SYS,ReliableGetOrderStatus,Connection,8HKI1QJFY8dcJ0BxikH583
/Explore/Sukhman_Project/GreenDot,mct_ParamTest_final,MTT,a9vo1xLi8bHixnSw9NTeIT
/Explore/Sukhman_Project/GreenDot,Orcl_Lookup_sql_override,DTEMPLATE,6YIQOPRzT6XlJYtK2rALkU
/Explore/Sukhman_Project,Xifin,Folder,7MBp2bGF3MNdr0HigemFSk
/Explore/Sukhman_Project,ICS_Taskflows,Folder,6uOy6NBwH1vjayxq6KYbWw
/Explore/Sukhman_Project,m_GetWorkOrderStatus_new_test,DTEMPLATE,07owhYvwn4tk2nDuiqTPER
/Explore/Sukhman_Project,mct_test_new,MTT,9PZTsfINO64e9MxliTMBMT
/Explore/Sukhman_Project,UCSD,Folder,19bGcu6LwB9b2CpLZ6mPEn
/Explore/Sukhman_Project,E2TProcess,PROCESS,7ZSyV8NmqcNjkDMcqfVZgX
/Explore/Sukhman_Project,ParamTest,DTEMPLATE,4Cz2xHoIq8LfFi5f2BfFOW
/Explore/Sukhman_Project,GreenDot,Folder,0Y0vpn09XIKksTf4zrUTU8