{"EntryId":{"$t":"RuuB3uopz4KhPVE-gt-445583-2018-09-05T16:42:49.702Z::conn.xml"},"Name":{"$t":"localFilesCAI-1"},"MimeType":{"$t":"application\/xml+connection"},"Description":{},"AppliesTo":{},"Tags":{"$t":".agent:USW1PF10EHPE"},"VersionLabel":{"$t":"1.0"},"State":{"$t":"CURRENT"},"ProcessGroup":{},"CreatedBy":{"$t":"smanes@informatica.com.demo.ga"},"CreationDate":{"$t":"2018-09-05T16:42:50Z"},"ModifiedBy":{},"PublicationStatus":{"$t":"unpublished"},"AutosaveExists":{"$t":"false"},"Entry":{"connection":{"displayName":"localFilesCAI","label":"localFilesCAI","name":"localFilesCAI-1","xmlns":"http:\/\/schemas.informatica.com\/socrates\/data-services\/2014\/04\/avosConnections.xsd","xmlns$aetgt":"http:\/\/schemas.active-endpoints.com\/appmodules\/repository\/2010\/10\/avrepository.xsd","description":{},"tags":{"$t":".agent:USW1PF10EHPE"},"agent":{"$t":"USW1PF10EHPE"},"attributes":{},"producers":{"producer":{"enabled":"true","name":"FileWriter","typeName":"FileWriter","description":{"$t":"Use this event target to write output to a file."},"attributes":{"attribute":[{"encrypted":"false","name":"directoryName","value":"C:\\Xifin\\config"},{"encrypted":"false","name":"fileExist","value":"Override"},{"encrypted":"false","name":"moveExisting","value":""},{"encrypted":"false","name":"eagerDeleteTargetFile","value":"true"},{"encrypted":"false","name":"tempPrefix","value":""},{"encrypted":"false","name":"tempFileName","value":""},{"encrypted":"false","name":"forceWrites","value":"true"},{"encrypted":"false","name":"bufferSize","value":""},{"encrypted":"false","name":"charset","value":""}]}}},"javaConnector":{"agentOnly":"true","plugin":"Camel","supportsConnectionTest":"true","supportsDataPreview":"false","supportsOData":"false","type":"File","uuid":"ac000300-d9fe-11e4-8830-0800200c9a66","xmlns":"http:\/\/schemas.informatica.com\/appmodules\/screenflow\/2014\/04\/avosConnectors.xsd","description":{"$t":"Provides connections to file monitoring brokers."}}}},"GUID":{"$t":"9o0bjrkl41pkp7vRMkQDgh"},"DisplayName":{"$t":"localFilesCAI"}}