<aetgt:getResponse xmlns:aetgt="http://schemas.active-endpoints.com/appmodules/repository/2010/10/avrepository.xsd"
                   xmlns:types1="http://schemas.active-endpoints.com/appmodules/repository/2010/10/avrepository.xsd">
   <types1:Item>
      <types1:EntryId>0tBghuImXycotFg-gt-533112-2019-05-13T09:56:31.991Z::tf.xml</types1:EntryId>
      <types1:Name>Enterprise_Data_Warehousing_through_API-1</types1:Name>
      <types1:MimeType>application/xml+taskflow</types1:MimeType>
      <types1:Description>Retail sales data needs to be reconciled across geographies and needs to be written to one central DB for analytics. You would be receiving files from different geographies to write to central DB. The mapping logic is consistent for all geographies. The mapping is parameterized to take source value as a parameter. Taskflow can now be invoked with a list of source parameters and be looped over the mapping by passing one source value at a time.

Once this is done, user would call a subtaskflow that provide analytics based on customer input coming through the API request</types1:Description>
      <types1:AppliesTo/>
      <types1:Tags/>
      <types1:VersionLabel>1.0</types1:VersionLabel>
      <types1:State>CURRENT</types1:State>
      <types1:ProcessGroup/>
      <types1:CreatedBy>sorabh@na1.dm-us.org</types1:CreatedBy>
      <types1:CreationDate>2019-05-13T09:56:32Z</types1:CreationDate>
      <types1:ModifiedBy/>
      <types1:PublicationStatus>unpublished</types1:PublicationStatus>
      <types1:AutosaveExists>false</types1:AutosaveExists>
      <types1:Entry>
         <taskflow xmlns="http://schemas.active-endpoints.com/appmodules/screenflow/2010/10/avosScreenflow.xsd"
                   xmlns:list="urn:activevos:spi:list:functions"
                   displayName="Enterprise Data Warehousing through API"
                   name="Enterprise_Data_Warehousing_through_API-1">
            <appliesTo/>
            <description>Retail sales data needs to be reconciled across geographies and needs to be written to one central DB for analytics. You would be receiving files from different geographies to write to central DB. The mapping logic is consistent for all geographies. The mapping is parameterized to take source value as a parameter. Taskflow can now be invoked with a list of source parameters and be looped over the mapping by passing one source value at a time.

Once this is done, user would call a subtaskflow that provide analytics based on customer input coming through the API request</description>
            <tags/>
            <generator>Informatica Process Designer 11</generator>
            <input>
               <parameter description="" name="List of mapping input" type="objectlist">
                  <options>
                     <option name="referenceTo">$po:MCT-Write-to-Warehouse</option>
                     <option hide="true" name="multiSelect">true</option>
                     <option name="required">false</option>
                     <option name="isCopy">true</option>
                     <option name="guid">kBthdHOiu2Gl6zCstHO9kU</option>
                  </options>
               </parameter>
               <parameter description="" name="Insights" type="string">
                  <options>
                     <option name="required">false</option>
                  </options>
               </parameter>
            </input>
            <tempFields>
               <field description="" name="Write to Warehouse" type="reference">
                  <options>
                     <option name="referenceTo">$po:MCT-Write-to-Warehouse</option>
                  </options>
               </field>
            </tempFields>
            <notes/>
            <deployment suspendOnFault="false" tracingLevel="verbose">
               <rest>
                  <allowedUsers>
                     <user>deepti@na1.dm-us.org</user>
                     <user>sorabh@na1.dm-us.org</user>
                     <user>luc@na1.dm-us.org</user>
                  </allowedUsers>
               </rest>
            </deployment>
            <flow id="a">
               <start id="b">
                  <link id="jsa7h971" targetId="jqovz1km"/>
               </start>
               <assignment id="jqovz1km">
                  <title>Set Current Mapping Input</title>
                  <operation source="formula" to="temp.Write to Warehouse">
                     <expression language="XQuery">list:head($input.Listofmappinginput )</expression>
                  </operation>
                  <link id="jsa7h951" targetId="jsa7h950"/>
               </assignment>
               <container id="jsa7h950" type="exclusive">
                  <title>Current Mapping Input</title>
                  <flow id="jsa7h954">
                     <eventContainer id="jsa7h95j">
                        <service id="jsa7h95k">
                           <title>Write to Warehouse</title>
                           <serviceName>ICSExecuteDataTask</serviceName>
                           <serviceGUID/>
                           <serviceInput>
                              <parameter name="Wait for Task to Complete" source="constant" updatable="true">true</parameter>
                              <parameter name="Max Wait" source="constant" updatable="true">86400</parameter>
                              <parameter name="Task Name" source="constant" updatable="true">MCT Write to Warehouse</parameter>
                              <parameter name="GUID" source="constant" updatable="true">kBthdHOiu2Gl6zCstHO9kU</parameter>
                              <parameter name="Task Type" source="constant" updatable="true">MCT</parameter>
                              <parameter name="Has Inout Parameters" source="constant" updatable="true">false</parameter>
                              <parameter name="taskField" source="nested">
                                 <operation source="field" to="MCT-Write-to-Warehouse">temp.Write to Warehouse</operation>
                                 <operation source="field" to="MCT-Write-to-Warehouse/input">temp.WritetoWarehouse</operation>
                              </parameter>
                           </serviceInput>
                           <serviceOutput>
                              <operation source="field" to="temp.Write to Warehouse/output">Success Source Rows</operation>
                              <operation source="field" to="temp.Write to Warehouse/output/Object_Name">Object Name</operation>
                              <operation source="field" to="temp.Write to Warehouse/output/Run_Id">Run Id</operation>
                              <operation source="field" to="temp.Write to Warehouse/output/Log_Id">Log Id</operation>
                              <operation source="field" to="temp.Write to Warehouse/output/Task_Status">Task Status</operation>
                              <operation source="field" to="temp.Write to Warehouse/output/Success_Source_Rows">Success Source Rows</operation>
                              <operation source="field" to="temp.Write to Warehouse/output/Failed_Source_Rows">Failed Source Rows</operation>
                              <operation source="field" to="temp.Write to Warehouse/output/Success_Target_Rows">Success Target Rows</operation>
                              <operation source="field" to="temp.Write to Warehouse/output/Failed_Target_Rows">Failed Target Rows</operation>
                              <operation source="field" to="temp.Write to Warehouse/output/Start_Time">Start Time</operation>
                              <operation source="field" to="temp.Write to Warehouse/output/End_Time">End Time</operation>
                              <operation source="field" to="temp.Write to Warehouse/output/Error_Message">Error Message</operation>
                           </serviceOutput>
                        </service>
                        <link id="jsa7h95y" targetId="jsa7h95x"/>
                        <events>
                           <catch faultField="temp.Write to Warehouse/fault"
                                  id="jqovz1ju"
                                  interrupting="true"
                                  name="error"/>
                           <catch faultField="temp.Write to Warehouse/fault"
                                  id="jqovz1jv"
                                  interrupting="true"
                                  name="warning"/>
                        </events>
                     </eventContainer>
                     <assignment id="jsa7h95x">
                        <title>Remove Current Item</title>
                        <operation source="formula" to="input.List of mapping input">
                           <expression language="XQuery">list:tail($input.Listofmappinginput)</expression>
                        </operation>
                        <link id="jsa7h96m" targetId="jsa7h96k"/>
                     </assignment>
                     <jumpTo id="jsa7h96k">
                        <link id="jsa7h96l" targetId="jqovz1km"/>
                     </jumpTo>
                  </flow>
                  <flow id="jsa7h957">
                     <container id="jsd2ve80" type="exclusive">
                        <title>Gather Insights?</title>
                        <flow id="jsd2ve89">
                           <subflow id="jsd2ve8r">
                              <title>Gather Insights</title>
                              <subflowGUID>hnA2Um4YBEFgW0NTML89m9</subflowGUID>
                              <subflowPath>Gather_Insights-1</subflowPath>
                              <runForEach>false</runForEach>
                              <input/>
                              <outputDef/>
                           </subflow>
                           <link id="jsd2ve8a" targetId="jsd2ve80" type="containerLink"/>
                        </flow>
                        <flow id="jsd2ve8b">
                           <link id="jsd2ve8c" targetId="jsd2ve80" type="containerLink"/>
                        </flow>
                        <link id="jsd2ve82" targetId="jsd2ve89" type="containerLink">
                           <condition source="formula">
                              <function name="string-equals">
                                 <arg name="left">{$input.Insights}</arg>
                                 <arg name="right">Yes</arg>
                              </function>
                           </condition>
                        </link>
                        <link id="jsd2ve85" targetId="jsd2ve8b" type="containerLink"/>
                        <link id="jsd2ve8q" targetId="jscyulnq"/>
                     </container>
                     <end id="jscyulnq">
                        <title>End</title>
                     </end>
                  </flow>
                  <link id="jsa7h953" targetId="jsa7h954" type="containerLink">
                     <condition source="formula">
                        <function name="set">
                           <arg name="field">{$temp.WritetoWarehouse}</arg>
                        </function>
                     </condition>
                  </link>
                  <link id="jsa7h956" targetId="jsa7h957" type="containerLink">
                     <condition source="formula">
                        <function name="unset">
                           <arg name="field">{$temp.WritetoWarehouse}</arg>
                        </function>
                     </condition>
                  </link>
               </container>
            </flow>
            <dependencies>
               <processObject xmlns="http://schemas.active-endpoints.com/appmodules/screenflow/2011/06/avosHostEnvironment.xsd"
                              displayName="MCT-Write-to-Warehouse"
                              isByCopy="true"
                              name="MCT-Write-to-Warehouse">
                  <description/>
                  <tags/>
                  <detail>
                     <field label="Input Parameters" name="input" type="reference">
                        <options>
                           <option name="referenceTo">$po:MCT-Write-to-Warehouse-Input</option>
                           <option name="relationshipName">Child</option>
                        </options>
                     </field>
                     <field label="Output Parameters" name="output" type="reference"/>
                     <field label="Fault" name="fault" type="reference"/>
                  </detail>
               </processObject>
               <processObject xmlns="http://schemas.active-endpoints.com/appmodules/screenflow/2011/06/avosHostEnvironment.xsd"
                              displayName="MCT-Write-to-Warehouse-Input"
                              isByCopy="true"
                              name="MCT-Write-to-Warehouse-Input">
                  <description/>
                  <tags/>
                  <detail>
                     <field label="Sources" name="source" type="reference">
                        <options>
                           <option name="referenceTo">$po:MCT-Write-to-Warehouse-Input-Source</option>
                           <option name="relationshipName">Child</option>
                        </options>
                     </field>
                     <field label="Targets" name="target" type="reference">
                        <options>
                           <option name="referenceTo">$po:MCT-Write-to-Warehouse-Input-Target</option>
                           <option name="relationshipName">Child</option>
                        </options>
                     </field>
                  </detail>
               </processObject>
               <processObject xmlns="http://schemas.active-endpoints.com/appmodules/screenflow/2011/06/avosHostEnvironment.xsd"
                              displayName="MCT-Write-to-Warehouse-Output"
                              isByCopy="true"
                              name="MCT-Write-to-Warehouse-Output">
                  <description/>
                  <tags/>
                  <detail>
                     <field label="Object Name" name="Object_Name" type="string"/>
                     <field label="Run Id" name="Run_Id" type="int"/>
                     <field label="Log Id" name="Log_Id" type="string"/>
                     <field label="Task Status" name="Task_Status" type="string"/>
                     <field label="Success Source Rows" name="Success_Source_Rows" type="int"/>
                     <field label="Failed Source Rows" name="Failed_Source_Rows" type="int"/>
                     <field label="Success Target Rows" name="Success_Target_Rows" type="int"/>
                     <field label="Failed Target Rows" name="Failed_Target_Rows" type="int"/>
                     <field label="Start Time" name="Start_Time" type="datetime"/>
                     <field label="End Time" name="End_Time" type="datetime"/>
                     <field label="Error Message" name="Error_Message" type="string"/>
                  </detail>
               </processObject>
               <processObject xmlns="http://schemas.active-endpoints.com/appmodules/screenflow/2011/06/avosHostEnvironment.xsd"
                              displayName="MCT-Write-to-Warehouse-Input-Source"
                              isByCopy="true"
                              name="MCT-Write-to-Warehouse-Input-Source">
                  <description/>
                  <tags/>
                  <detail>
                     <field label="Source" name="Source" type="reference">
                        <options>
                           <option name="referenceTo">$po:MCT-Write-to-Warehouse-Input-Source-Source</option>
                           <option name="relationshipName">Child</option>
                        </options>
                     </field>
                  </detail>
               </processObject>
               <processObject xmlns="http://schemas.active-endpoints.com/appmodules/screenflow/2011/06/avosHostEnvironment.xsd"
                              displayName="MCT-Write-to-Warehouse-Input-Target"
                              isByCopy="true"
                              name="MCT-Write-to-Warehouse-Input-Target">
                  <description/>
                  <tags/>
                  <detail>
                     <field label="Target" name="Target" type="reference">
                        <options>
                           <option name="referenceTo">$po:MCT-Write-to-Warehouse-Input-Target-Target</option>
                           <option name="relationshipName">Child</option>
                        </options>
                     </field>
                  </detail>
               </processObject>
               <processObject xmlns="http://schemas.active-endpoints.com/appmodules/screenflow/2011/06/avosHostEnvironment.xsd"
                              displayName="MCT-Write-to-Warehouse-Input-Source-Source"
                              isByCopy="true"
                              name="MCT-Write-to-Warehouse-Input-Source-Source">
                  <description/>
                  <tags/>
                  <detail>
                     <field label="SourceDataObject" name="object" type="string"/>
                     <field label="SourceConnection" name="connection" type="ics-connection"/>
                  </detail>
               </processObject>
               <processObject xmlns="http://schemas.active-endpoints.com/appmodules/screenflow/2011/06/avosHostEnvironment.xsd"
                              displayName="MCT-Write-to-Warehouse-Input-Target-Target"
                              isByCopy="true"
                              name="MCT-Write-to-Warehouse-Input-Target-Target">
                  <description/>
                  <tags/>
                  <detail>
                     <field label="TargetDataObject" name="object" type="string"/>
                     <field label="TargetConnection" name="connection" type="ics-connection"/>
                  </detail>
               </processObject>
            </dependencies>
         </taskflow>
      </types1:Entry>
      <types1:GUID>4aCGWkgKM4nkFQ8vYFL56j</types1:GUID>
      <types1:DisplayName>Enterprise Data Warehousing through API</types1:DisplayName>
   </types1:Item>
   <types1:CurrentServerDateTime>2019-10-24T11:06:00.253Z</types1:CurrentServerDateTime>
</aetgt:getResponse>
