{"EntryId":{"$t":"HUPAZf5kck8jKBm-gt-50221-2018-07-30T14:41:30.545Z::conn.xml"},"Name":{"$t":"FedEx-Tracking-API-Actions"},"ParentFlowIds":{"$t":"XAeN7Y3AxtPk7HN-gt-257987-2018-07-30T14:46:46.796Z::pd.xml"},"MimeType":{"$t":"application\/xml+connection"},"Description":{"$t":"The Connection built upon the Fedex Service Connector."},"AppliesTo":{},"Tags":{},"VersionLabel":{"$t":"1.0"},"State":{"$t":"CURRENT"},"ProcessGroup":{},"CreatedBy":{"$t":"gstasko@svccon.com"},"CreationDate":{"$t":"2018-07-30T14:41:31Z"},"ModifiedBy":{"$t":"gstasko@svccon.com"},"ModificationDate":{"$t":"2018-08-13T01:50:57Z"},"PublicationStatus":{"$t":"published"},"PublishedBy":{"$t":"gstasko@svccon.com"},"PublicationDate":{"$t":"2018-08-13T01:53:54Z"},"PublishedContributionId":{"$t":"project:\/rt.connection\/FedEx-Tracking-API-Actions\/FedEx-Tracking-API-Actions.conn.xml"},"AutosaveExists":{"$t":"false"},"Entry":{"connection":{"displayName":"FedEx-Tracking-API-Actions","label":"FedEx-Tracking-API-Actions","name":"FedEx-Tracking-API-Actions","xmlns":"http:\/\/schemas.informatica.com\/socrates\/data-services\/2014\/04\/avosConnections.xsd","xmlns$aetgt":"http:\/\/schemas.active-endpoints.com\/appmodules\/repository\/2010\/10\/avrepository.xsd","description":{"$t":"The Connection built upon the Fedex Service Connector."},"tags":{},"agent":{},"attributes":{},"businessConnector":{"agentOnly":"false","connectorPath":"project:\/rt.connector\/FedEx_Tracking_API\/FedEx_Tracking_API_svcDef.xml","guid":"0Am0wOcmfQlfCQ71xcgy8x","name":"FedEx_Tracking_API","supportsConnectionTest":"false","uuid":"0190bb03-22a8-44bf-a0a0-26b2b744719f","xmlns":"http:\/\/schemas.informatica.com\/appmodules\/screenflow\/2014\/04\/avosConnectors.xsd","description":{"$t":"The Service Connector that enables Package Tracking to be done."}}}},"GUID":{"$t":"2P5IV4oeNasfl8kFHxzsc3"},"DisplayName":{"$t":"FedEx-Tracking-API-Actions"}}