{"EntryId":{"$t":"lCCKpNz6HKoJBUh-gt-10168-2018-07-12T10:10:36.186Z::conn.xml"},"Name":{"$t":"Git-Contents-API-actions"},"ParentFlowIds":{"$t":"xR6Eaaaaaaaaaaa-gt-119205-2018-06-07T10:34:03.638Z::pd.xml,BfWWCSHbf13ErhN-gt-13752-2018-07-13T04:26:32.448Z::pd.xml,7eLyCnNZPD4ARW8-gt-87021-2018-07-13T03:53:24.938Z::pd.xml"},"MimeType":{"$t":"application\/xml+connection"},"Description":{},"AppliesTo":{},"Tags":{},"VersionLabel":{"$t":"1.0"},"State":{"$t":"CURRENT"},"ProcessGroup":{},"CreatedBy":{"$t":"sorabh@na1.dm-us.org"},"CreationDate":{"$t":"2018-07-12T10:10:36Z"},"ModifiedBy":{"$t":"sorabh@na1.dm-us.org"},"ModificationDate":{"$t":"2018-07-31T09:55:31Z"},"PublicationStatus":{"$t":"out-of-date"},"PublishedBy":{"$t":"sorabh@na1.dm-us.org"},"PublicationDate":{"$t":"2018-07-12T11:30:27Z"},"PublishedContributionId":{"$t":"project:\/rt.connection\/Git-Contents-API-actions\/Git-Contents-API-actions.conn.xml"},"AutosaveExists":{"$t":"false"},"Entry":{"connection":{"displayName":"Git-Contents-API-actions","label":"Git-Contents-API-actions","name":"Git-Contents-API-actions","xmlns":"http:\/\/schemas.informatica.com\/socrates\/data-services\/2014\/04\/avosConnections.xsd","xmlns$aetgt":"http:\/\/schemas.active-endpoints.com\/appmodules\/repository\/2010\/10\/avrepository.xsd","description":{},"tags":{},"agent":{},"attributes":{"attribute":[{"encrypted":"false","name":"username","value":"sagarwal@informatica.com"},{"encrypted":"false","name":"password","value":"InfaCloud9"},{"encrypted":"false","name":"baseURL","value":"https:\/\/api.github.com"},{"encrypted":"false","name":"owner","value":"sagarwal1980"},{"encrypted":"false","name":"repo","value":"Informatica-Cloud-Application-Integration"},{"encrypted":"false","name":"branch","value":"master"}]},"businessConnector":{"agentOnly":"false","connectorPath":"project:\/rt.connector\/Git_Contents_API\/Git_Contents_API_svcDef.xml","guid":"95YZ2KyEpBwg0tG9JVif8i","name":"Git_Contents_API","supportsConnectionTest":"false","uuid":"516eedb8-1d47-46a1-bbaa-8a74613884e3","xmlns":"http:\/\/schemas.informatica.com\/appmodules\/screenflow\/2014\/04\/avosConnectors.xsd","description":{"$t":"This service connectors provides actions for Git Contents API. Refer https:\/\/developer.github.com\/v3\/repos\/contents\/"}}}},"GUID":{"$t":"1euhYbqBxD5irXalrP3xeg"},"DisplayName":{"$t":"Git-Contents-API-actions"}}