{"EntryId":{"$t":"UkdypKwKBqRi92q-gt-10935-2018-07-12T05:50:27.49Z::svc.xml"},"Name":{"$t":"Git_Contents_API"},"ParentFlowIds":{"$t":"lCCKpNz6HKoJBUh-gt-10168-2018-07-12T10:10:36.186Z::conn.xml"},"MimeType":{"$t":"application\/xml+businesssconnector"},"Description":{"$t":"This service connectors provides actions for Git Contents API. Refer https:\/\/developer.github.com\/v3\/repos\/contents\/"},"AppliesTo":{},"Tags":{},"VersionLabel":{"$t":"1.0"},"State":{"$t":"CURRENT"},"ProcessGroup":{},"CreatedBy":{"$t":"sorabh@na1.dm-us.org"},"CreationDate":{"$t":"2018-07-12T05:50:27Z"},"ModifiedBy":{"$t":"sorabh@na1.dm-us.org"},"ModificationDate":{"$t":"2018-07-12T11:30:10Z"},"PublicationStatus":{"$t":"published"},"PublishedBy":{"$t":"sorabh@na1.dm-us.org"},"PublicationDate":{"$t":"2018-07-12T11:30:17Z"},"PublishedContributionId":{"$t":"project:\/rt.connector\/Git_Contents_API\/Git_Contents_API_svcDef.xml"},"AutosaveExists":{"$t":"false"},"Entry":{"businessConnector":{"agentOnly":"false","debug":"false","displayName":"Git Contents API","label":"","name":"Git_Contents_API","uuid":"516eedb8-1d47-46a1-bbaa-8a74613884e3","xmlns":"http:\/\/schemas.informatica.com\/socrates\/data-services\/2014\/05\/business-connector-model.xsd","xmlns$aetgt":"http:\/\/schemas.active-endpoints.com\/appmodules\/repository\/2010\/10\/avrepository.xsd","description":{"$t":"This service connectors provides actions for Git Contents API. Refer https:\/\/developer.github.com\/v3\/repos\/contents\/"},"tags":{},"connectionAttributes":{"xmlns":"http:\/\/schemas.informatica.com\/appmodules\/screenflow\/2014\/04\/avosConnectors.xsd","connectionAttribute":[{"description":"Username","masked":"false","name":"username","required":"true","testWith":"sagarwal@informatica.com","type":"string"},{"description":"Password","masked":"false","name":"password","required":"true","testWith":"InfaCloud9","type":"string"},{"description":"Base URL","masked":"false","name":"baseURL","required":"true","testWith":"https:\/\/api.github.com","type":"string"},{"description":"Owner of the Repository","masked":"false","name":"owner","required":"true","testWith":"sagarwal1980","type":"string"},{"description":"Repository","masked":"false","name":"repo","required":"true","testWith":"Informatica-Cloud-Application-Integration","type":"string"},{"description":"Repository Branch","masked":"false","name":"branch","required":"false","testWith":"master","type":"string"}]},"actions":{"action":[{"category":"Contents","failOnError":"true","forSearch":"false","label":"Create a file","maxRedirects":"100","name":"Create a file","preemptiveAuth":"true","responseEncoding":"","description":{},"input":{"parameter":[{"label":"path","name":"path","required":"true","testWith":"service-connectors\/test3","type":"string"},{"label":"message","name":"message","required":"true","testWith":"my commit message","type":"string"},{"label":"committer","name":"committer","nogen":"true","required":"false","testWith":"{\n    \"name\": \"Sorabh Agarwal\",\n    \"email\": \"sagarwal@informatica.com\"\n  }","type":"reference","options":{"option":{"name":"referenceTo","$t":"committer"}}},{"label":"content","name":"content","required":"true","testWith":"","type":"attachment"}]},"binding":{"restSimpleBinding":{"multiUsing":"semicolonSeparated","url":"{$baseURL}\/repos\/{$owner}\/{$repo}\/contents\/{$path}","verb":"PUT","httpHeaders":{"header":{"name":"Authorization","$t":"Basic c2FnYXJ3YWxAaW5mb3JtYXRpY2EuY29tOkluZmFDbG91ZDk="}},"body":{"generateUsing":"JSON","preserveJsonStringFormatting":"true"}}},"output":{"field":{"description":"","name":"url","property":"url","type":"string"}}},{"category":"Contents","failOnError":"true","forSearch":"false","label":"Get contents","maxRedirects":"100","name":"Get contents","preemptiveAuth":"true","responseEncoding":"","description":{},"input":{"parameter":{"label":"path","name":"path","required":"false","testWith":"service-connectors\/test3","type":"string"}},"binding":{"restSimpleBinding":{"url":"{$baseURL}\/repos\/{$owner}\/{$repo}\/contents\/{$path}","verb":"GET","httpHeaders":{"header":{"name":"Authorization","$t":"Basic c2FnYXJ3YWxAaW5mb3JtYXRpY2EuY29tOkluZmFDbG91ZDk="}}}},"output":{"field":[{"description":"","name":"path","property":"path","type":"string"},{"description":"","name":"content","property":"content","type":"string"}]}}]},"objects":{"processObject":[{"isByCopy":"true","name":"committer","xmlns":"http:\/\/schemas.active-endpoints.com\/appmodules\/screenflow\/2011\/06\/avosHostEnvironment.xsd","description":{},"detail":{"field":[{"name":"name","type":"string"},{"name":"email","type":"string"}]}},{"isByCopy":"true","name":"root","xmlns":"http:\/\/schemas.active-endpoints.com\/appmodules\/screenflow\/2011\/06\/avosHostEnvironment.xsd","description":{"$t":"An automatically generated process object"},"detail":{"field":[{"name":"commit","type":"reference","options":{"option":[{"name":"referenceTo","$t":"commit"},{"name":"relationshipName","$t":"Child"}]}},{"name":"content","type":"reference","options":{"option":[{"name":"referenceTo","$t":"content"},{"name":"relationshipName","$t":"Child"}]}}]}},{"isByCopy":"true","name":"commit","xmlns":"http:\/\/schemas.active-endpoints.com\/appmodules\/screenflow\/2011\/06\/avosHostEnvironment.xsd","description":{"$t":"An automatically generated process object"},"detail":{"field":[{"name":"committer","type":"reference","options":{"option":[{"name":"referenceTo","$t":"committer"},{"name":"relationshipName","$t":"Child"}]}},{"name":"author","type":"reference","options":{"option":[{"name":"referenceTo","$t":"author"},{"name":"relationshipName","$t":"Child"}]}},{"name":"html_url","type":"string"},{"name":"tree","type":"reference","options":{"option":[{"name":"referenceTo","$t":"tree"},{"name":"relationshipName","$t":"Child"}]}},{"name":"message","type":"string"},{"name":"sha","type":"string"},{"name":"url","type":"string"},{"name":"verification","type":"reference","options":{"option":[{"name":"referenceTo","$t":"verification"},{"name":"relationshipName","$t":"Child"}]}},{"name":"node_id","type":"string"},{"name":"parents","type":"reference","options":{"option":[{"name":"referenceTo","$t":"parents"},{"name":"relationshipName","$t":"Child"}]}}]}},{"isByCopy":"true","name":"committer_out","xmlns":"http:\/\/schemas.active-endpoints.com\/appmodules\/screenflow\/2011\/06\/avosHostEnvironment.xsd","description":{"$t":"An automatically generated process object"},"detail":{"field":[{"name":"date","type":"datetime"},{"name":"name","type":"string"},{"name":"email","type":"string"}]}},{"isByCopy":"true","name":"author","xmlns":"http:\/\/schemas.active-endpoints.com\/appmodules\/screenflow\/2011\/06\/avosHostEnvironment.xsd","description":{"$t":"An automatically generated process object"},"detail":{"field":[{"name":"date","type":"datetime"},{"name":"name","type":"string"},{"name":"email","type":"string"}]}},{"isByCopy":"true","name":"tree","xmlns":"http:\/\/schemas.active-endpoints.com\/appmodules\/screenflow\/2011\/06\/avosHostEnvironment.xsd","description":{"$t":"An automatically generated process object"},"detail":{"field":[{"name":"sha","type":"string"},{"name":"url","type":"string"}]}},{"isByCopy":"true","name":"verification","xmlns":"http:\/\/schemas.active-endpoints.com\/appmodules\/screenflow\/2011\/06\/avosHostEnvironment.xsd","description":{"$t":"An automatically generated process object"},"detail":{"field":[{"name":"reason","type":"string"},{"name":"signature","type":"string"},{"name":"payload","type":"string"},{"name":"verified","type":"string"}]}},{"isByCopy":"true","name":"parents","xmlns":"http:\/\/schemas.active-endpoints.com\/appmodules\/screenflow\/2011\/06\/avosHostEnvironment.xsd","description":{"$t":"An automatically generated process object"},"detail":{"field":[{"name":"html_url","type":"string"},{"name":"sha","type":"string"},{"name":"url","type":"string"}]}},{"isByCopy":"true","name":"content","xmlns":"http:\/\/schemas.active-endpoints.com\/appmodules\/screenflow\/2011\/06\/avosHostEnvironment.xsd","description":{"$t":"An automatically generated process object"},"detail":{"field":[{"name":"path","type":"string"},{"name":"size","type":"int"},{"name":"links","type":"reference","options":{"option":[{"name":"referenceTo","$t":"links"},{"name":"relationshipName","$t":"Child"}]}},{"name":"html_url","type":"string"},{"name":"name","type":"string"},{"name":"download_url","type":"string"},{"name":"type","type":"string"},{"name":"git_url","type":"string"},{"name":"sha","type":"string"},{"name":"url","type":"string"}]}},{"isByCopy":"true","name":"links","xmlns":"http:\/\/schemas.active-endpoints.com\/appmodules\/screenflow\/2011\/06\/avosHostEnvironment.xsd","description":{"$t":"An automatically generated process object"},"detail":{"field":[{"name":"git","type":"string"},{"name":"self","type":"string"},{"name":"html","type":"string"}]}}]}}},"GUID":{"$t":"95YZ2KyEpBwg0tG9JVif8i"},"DisplayName":{"$t":"Git Contents API"}}