{
  "name" : "ServiceNow-1536189093866",
  "sourceOrgId" : "aDdeKzHZEoQdwATn5hMqI8",
  "sourceOrgName" : "CAI Service Connectors",
  "exportedObjects" : [ {
    "objectGuid" : "jv99o7XLOOWcnrsmKTfy0C",
    "objectName" : "ServiceNow Table API",
    "objectType" : "AI_SERVICE_CONNECTOR",
    "path" : "/Explore/ServiceNow",
    "metadata" : {
      "modelVersion" : {
        "major" : 1,
        "minor" : 0
      },
      "repoInfo" : {
        "repoHandle" : "46NFuxTtlI20hEL-gt-337103-2018-09-05T22:42:49.888Z::svc.xml"
      },
      "objectRefs" : [ ],
      "contextAttributes" : null,
      "additionalInfo" : {
        "description" : "",
        "contentType" : "application/json; charset=utf-8",
        "documentState" : "VALID"
      },
      "objectExistence" : "WITH_DEPENDENCIES"
    }
  }, {
    "objectGuid" : "cz3K7Qr1bWNe3BvaqrPYcX",
    "objectName" : "Retrieve account data from ServiceNow",
    "objectType" : "PROCESS",
    "path" : "/Explore/ServiceNow",
    "metadata" : {
      "modelVersion" : {
        "major" : 1,
        "minor" : 0
      },
      "repoInfo" : {
        "repoHandle" : "q9dwMbgbdoPVm5Y-gt-1732688-2018-09-05T22:42:50.26Z::pd.xml"
      },
      "objectRefs" : [ "3Rw8m7T6tIDhAhnvdZslSr" ],
      "contextAttributes" : null,
      "additionalInfo" : {
        "description" : "This process is invoked with a ServiceNow account ID. ServiceNow credentials are embedded in the ServiceNow-Table-API-actions connection. A valid sys_id of an account is passed when invoking the process. The value returned from the \"Create an account in ServiceNow\" process can be used as an input.",
        "contentType" : "application/json; charset=utf-8",
        "documentState" : "VALID"
      },
      "objectExistence" : "WITH_DEPENDENCIES"
    }
  }, {
    "objectGuid" : "3Rw8m7T6tIDhAhnvdZslSr",
    "objectName" : "ServiceNow-Table-API-actions",
    "objectType" : "AI_CONNECTION",
    "path" : "/Explore/ServiceNow",
    "metadata" : {
      "modelVersion" : {
        "major" : 1,
        "minor" : 0
      },
      "repoInfo" : {
        "repoHandle" : "VclQdycotFgpKi9-gt-337095-2018-09-05T22:42:49.768Z::conn.xml"
      },
      "objectRefs" : [ ],
      "contextAttributes" : null,
      "additionalInfo" : {
        "description" : "",
        "contentType" : "application/json; charset=utf-8",
        "documentState" : "INVALID"
      },
      "objectExistence" : "WITH_DEPENDENCIES"
    }
  }, {
    "objectGuid" : "7AVcWsA7UjAjIOtXX8PtKp",
    "objectName" : "ServiceNow",
    "objectType" : "Project",
    "path" : "/Explore",
    "metadata" : {
      "modelVersion" : {
        "major" : 0,
        "minor" : 0
      },
      "repoInfo" : null,
      "objectRefs" : [ ],
      "contextAttributes" : [ ],
      "additionalInfo" : {
        "description" : "",
        "contentType" : "Binary",
        "documentState" : "COMPLETE"
      },
      "objectExistence" : "WITHOUT_DEPENDENCIES"
    }
  }, {
    "objectGuid" : "0rfkkTxmQCGdCl2a4ThRoW",
    "objectName" : "Create an account in ServiceNow",
    "objectType" : "PROCESS",
    "path" : "/Explore/ServiceNow",
    "metadata" : {
      "modelVersion" : {
        "major" : 1,
        "minor" : 0
      },
      "repoInfo" : {
        "repoHandle" : "msfRabbfTQbdxWq-gt-1732678-2018-09-05T22:42:50.207Z::pd.xml"
      },
      "objectRefs" : [ "3Rw8m7T6tIDhAhnvdZslSr" ],
      "contextAttributes" : null,
      "additionalInfo" : {
        "description" : "A process that demonstrates how to create an account in ServiceNow. Credentials are embedded in the ServiceNow-Table-API-actions connection, and the new account inputs are passed in via a POST invocation.",
        "contentType" : "application/json; charset=utf-8",
        "documentState" : "INVALID"
      },
      "objectExistence" : "WITH_DEPENDENCIES"
    }
  } ]
}