{"EntryId":{"$t":"VclQdycotFgpKi9-gt-337095-2018-09-05T22:42:49.768Z::conn.xml"},"Name":{"$t":"ServiceNow-Table-API-actions"},"ParentFlowIds":{"$t":"msfRabbfTQbdxWq-gt-1732678-2018-09-05T22:42:50.207Z::pd.xml,q9dwMbgbdoPVm5Y-gt-1732688-2018-09-05T22:42:50.26Z::pd.xml"},"MimeType":{"$t":"application\/xml+connection"},"Description":{},"AppliesTo":{},"Tags":{},"VersionLabel":{"$t":"1.0"},"State":{"$t":"CURRENT"},"ProcessGroup":{},"CreatedBy":{"$t":"gstasko@svccon.com"},"CreationDate":{"$t":"2018-09-05T22:42:50Z"},"ModifiedBy":{},"PublicationStatus":{"$t":"unpublished"},"AutosaveExists":{"$t":"false"},"Entry":{"connection":{"displayName":"ServiceNow-Table-API-actions","label":"ServiceNow-Table-API-actions","name":"ServiceNow-Table-API-actions","xmlns":"http:\/\/schemas.informatica.com\/socrates\/data-services\/2014\/04\/avosConnections.xsd","xmlns$aetgt":"http:\/\/schemas.active-endpoints.com\/appmodules\/repository\/2010\/10\/avrepository.xsd","description":{},"tags":{},"agent":{},"attributes":{"attribute":[{"encrypted":"false","name":"SNOW_client_id","value":""},{"encrypted":"false","name":"SNOW_client_secret","value":""},{"encrypted":"false","name":"SNOW_username","value":""},{"encrypted":"false","name":"SNOW_password","value":""},{"encrypted":"false","name":"SNOW_ServiceUrl","value":""},{"encrypted":"false","name":"SNOW_grant_type","value":""}]},"businessConnector":{"agentOnly":"false","connectorPath":"project:\/rt.connector\/ServiceNow_Table_API\/ServiceNow_Table_API_svcDef.xml","name":"ServiceNow_Table_API","supportsConnectionTest":"false","uuid":"695caafc-f53e-41d0-b1d4-f65144d76bb5","xmlns":"http:\/\/schemas.informatica.com\/appmodules\/screenflow\/2014\/04\/avosConnectors.xsd","description":{"$t":"Imported from R27 by Sorabh ServiceNow Table API, ServiceNow-Table-API-actions  "}}}},"GUID":{"$t":"3Rw8m7T6tIDhAhnvdZslSr"},"DisplayName":{"$t":"ServiceNow-Table-API-actions"}}