{"EntryId":{"$t":"HdqDdvrTdtqSLlB-gt-26331-2018-06-08T08:28:25.548Z::conn.xml"},"Name":{"$t":"IICS-REST-API-actions"},"ParentFlowIds":{"$t":"Tgaaaa-gt-643059-2018-06-20T11:07:55.728Z::pd.xml,cmYsGuDoWn2sqeE-gt-663877-2018-06-21T05:02:04.42Z::pd.xml,xR6Eaaaaaaaaaaa-gt-119205-2018-06-07T10:34:03.638Z::pd.xml,1jlMfVMTonQYWeI-gt-146782-2018-06-21T08:40:16.849Z::pd.xml,BfWWCSHbf13ErhN-gt-13752-2018-07-13T04:26:32.448Z::pd.xml,7eLyCnNZPD4ARW8-gt-87021-2018-07-13T03:53:24.938Z::pd.xml"},"MimeType":{"$t":"application\/xml+connection"},"Description":{"$t":"s"},"AppliesTo":{},"Tags":{},"VersionLabel":{"$t":"1.0"},"State":{"$t":"CURRENT"},"ProcessGroup":{},"CreatedBy":{"$t":"sorabh@na1.dm-us.org"},"CreationDate":{"$t":"2018-06-08T08:28:26Z"},"ModifiedBy":{"$t":"sorabh@na1.dm-us.org"},"ModificationDate":{"$t":"2018-07-31T09:55:30Z"},"PublicationStatus":{"$t":"out-of-date"},"PublishedBy":{"$t":"sorabh@na1.dm-us.org"},"PublicationDate":{"$t":"2018-07-12T11:13:23Z"},"PublishedContributionId":{"$t":"project:\/rt.connection\/IICS-REST-API-actions\/IICS-REST-API-actions.conn.xml"},"AutosaveExists":{"$t":"false"},"Entry":{"connection":{"displayName":"IICS-REST-API-actions","label":"IICS-REST-API-actions","name":"IICS-REST-API-actions","xmlns":"http:\/\/schemas.informatica.com\/socrates\/data-services\/2014\/04\/avosConnections.xsd","xmlns$aetgt":"http:\/\/schemas.active-endpoints.com\/appmodules\/repository\/2010\/10\/avrepository.xsd","description":{"$t":"s"},"tags":{},"agent":{},"attributes":{},"businessConnector":{"agentOnly":"false","connectorPath":"project:\/rt.connector\/IICS_REST_API\/IICS_REST_API_svcDef.xml","name":"IICS_REST_API","supportsConnectionTest":"false","uuid":"d7548bc0-06f3-49dd-a1d3-19f011e362d4","xmlns":"http:\/\/schemas.informatica.com\/appmodules\/screenflow\/2014\/04\/avosConnectors.xsd","description":{"$t":"This service defines actions to connect to IICS through REST API"}}}},"GUID":{"$t":"8aOwbKjI2W7gAcny4H27ew"},"DisplayName":{"$t":"IICS-REST-API-actions"}}