<aetgt:getResponse xmlns:aetgt="http://schemas.active-endpoints.com/appmodules/repository/2010/10/avrepository.xsd"
                   xmlns:types1="http://schemas.active-endpoints.com/appmodules/repository/2010/10/avrepository.xsd">
   <types1:Item>
      <types1:EntryId>aabclvAhrswVYx8-gt-683009-2018-11-27T20:20:19.01Z::conn.xml</types1:EntryId>
      <types1:Name>FileWriter</types1:Name>
      <types1:MimeType>application/xml+connection</types1:MimeType>
      <types1:Description/>
      <types1:AppliesTo/>
      <types1:Tags>.agent:PSVW12PRD1</types1:Tags>
      <types1:VersionLabel>1.0</types1:VersionLabel>
      <types1:State>CURRENT</types1:State>
      <types1:ProcessGroup/>
      <types1:CreatedBy>smanes@informatica.com.demo.ga</types1:CreatedBy>
      <types1:CreationDate>2018-11-27T20:20:19Z</types1:CreationDate>
      <types1:ModifiedBy>smanes@informatica.com.demo.ga</types1:ModifiedBy>
      <types1:ModificationDate>2019-03-04T14:28:50Z</types1:ModificationDate>
      <types1:PublicationStatus>published</types1:PublicationStatus>
      <types1:PublishedBy>smanes@informatica.com.demo.ga</types1:PublishedBy>
      <types1:PublicationDate>2019-03-04T14:29:01Z</types1:PublicationDate>
      <types1:PublishedContributionId>project:/rt.connection/FileWriter/FileWriter.conn.xml</types1:PublishedContributionId>
      <types1:AutosaveExists>false</types1:AutosaveExists>
      <types1:Entry>
         <connection xmlns="http://schemas.informatica.com/socrates/data-services/2014/04/avosConnections.xsd"
                     displayName="FileWriter"
                     label="FileWriter"
                     name="FileWriter">
            <description/>
            <tags>.agent:PSVW12PRD1</tags>
            <agent>PSVW12PRD1</agent>
            <attributes/>
            <consumers>
               <consumer enabled="true" name="FileMonitor" typeName="FileMonitor">
                  <description>Use this event source to monitor folders for new files.</description>
                  <attributes>
                     <attribute encrypted="false"
                                name="directoryName"
                                value="C:\LocalFiles\Sukhman"/>
                     <attribute encrypted="false" name="recursive" value="false"/>
                     <attribute encrypted="false" name="include" value="*.txt"/>
                     <attribute encrypted="false" name="exclude" value=""/>
                     <attribute encrypted="false" name="noop" value="false"/>
                     <attribute encrypted="false" name="delete" value="false"/>
                     <attribute encrypted="false" name="preMove" value=""/>
                     <attribute encrypted="false" name="move" value=".done"/>
                     <attribute encrypted="false" name="moveFailed" value=".error"/>
                     <attribute encrypted="false" name="initialDelay" value="1"/>
                     <attribute encrypted="false" name="delay" value="1"/>
                     <attribute encrypted="false" name="maxMessagesPerPoll" value=""/>
                     <attribute encrypted="false" name="readLock" value="rename"/>
                     <attribute encrypted="false" name="readLockTimeout" value=""/>
                     <attribute encrypted="false" name="readLockCheckInterval" value=""/>
                     <attribute encrypted="false" name="readLockMinLength" value=""/>
                     <attribute encrypted="false" name="readLockLoggingLevel" value="WARN"/>
                     <attribute encrypted="false" name="otherAttributes" value=""/>
                  </attributes>
               </consumer>
            </consumers>
            <javaConnector xmlns="http://schemas.informatica.com/appmodules/screenflow/2014/04/avosConnectors.xsd"
                           agentOnly="true"
                           plugin="Camel"
                           supportsConnectionTest="true"
                           supportsDataPreview="false"
                           supportsOData="false"
                           type="File"
                           uuid="ac000300-d9fe-11e4-8830-0800200c9a66">
               <description>Provides connections to file monitoring brokers.</description>
            </javaConnector>
         </connection>
      </types1:Entry>
      <types1:GUID>dAuuR2XDH48kwDUnyzitO2</types1:GUID>
      <types1:DisplayName>FileWriter</types1:DisplayName>
   </types1:Item>
   <types1:CurrentServerDateTime>2019-03-20T18:33:24.158Z</types1:CurrentServerDateTime>
</aetgt:getResponse>
