<aetgt:getResponse xmlns:aetgt="http://schemas.active-endpoints.com/appmodules/repository/2010/10/avrepository.xsd"
                   xmlns:types1="http://schemas.active-endpoints.com/appmodules/repository/2010/10/avrepository.xsd">
   <types1:Item>
      <types1:EntryId>aa-gt-687110-2019-02-14T20:34:46.002Z::svc.xml</types1:EntryId>
      <types1:Name>Rest_API</types1:Name>
      <types1:ParentFlowIds>3pi9uAls2z8Uuop-gt-803497-2019-02-15T17:27:17.873Z::conn.xml,WR7hsAVR3aaa-gt-222020-2019-03-12T16:16:54.779Z::conn.xml</types1:ParentFlowIds>
      <types1:MimeType>application/xml+businesssconnector</types1:MimeType>
      <types1:Description/>
      <types1:AppliesTo/>
      <types1:Tags/>
      <types1:VersionLabel>1.0</types1:VersionLabel>
      <types1:State>CURRENT</types1:State>
      <types1:ProcessGroup/>
      <types1:CreatedBy>smanes@informatica.com.demo.ga</types1:CreatedBy>
      <types1:CreationDate>2019-02-14T20:34:46Z</types1:CreationDate>
      <types1:ModifiedBy>smanes@informatica.com.demo.ga</types1:ModifiedBy>
      <types1:ModificationDate>2019-02-26T20:18:37Z</types1:ModificationDate>
      <types1:PublicationStatus>published</types1:PublicationStatus>
      <types1:PublishedBy>smanes@informatica.com.demo.ga</types1:PublishedBy>
      <types1:PublicationDate>2019-02-26T20:18:41Z</types1:PublicationDate>
      <types1:PublishedContributionId>project:/rt.connector/Rest_API/Rest_API_svcDef.xml</types1:PublishedContributionId>
      <types1:AutosaveExists>false</types1:AutosaveExists>
      <types1:Entry>
         <businessConnector xmlns="http://schemas.informatica.com/socrates/data-services/2014/05/business-connector-model.xsd"
                            agentOnly="false"
                            debug="false"
                            displayName="Rest API"
                            label=""
                            name="Rest_API"
                            uuid="666728e4-1db5-43d7-833b-563f3634c277">
            <description/>
            <tags/>
            <connectionAttributes xmlns="http://schemas.informatica.com/appmodules/screenflow/2014/04/avosConnectors.xsd">
               <connectionAttribute description="baseURL"
                                    masked="false"
                                    name="baseURL"
                                    required="false"
                                    testWith="https://dm-us.informaticacloud.com/ma"
                                    type="string"/>
               <connectionAttribute description="userName"
                                    masked="false"
                                    name="userName"
                                    required="false"
                                    testWith="smanes@informatica.com.demo.ga"
                                    type="string"/>
               <connectionAttribute description="password"
                                    masked="false"
                                    name="password"
                                    required="false"
                                    testWith="Architect123"
                                    type="string"/>
            </connectionAttributes>
            <actions>
               <action category=""
                       failOnError="true"
                       forSearch="false"
                       label="CreateMTTTask"
                       maxRedirects="100"
                       name="CreateMTTTask"
                       preemptiveAuth="true"
                       responseEncoding="">
                  <description/>
                  <input>
                     <parameter label="reqID"
                                name="reqID"
                                required="false"
                                testWith="482"
                                type="string"/>
                     <parameter label="serverURL"
                                name="serverURL"
                                required="false"
                                testWith="https://na1.dm-us.informaticacloud.com/saas"
                                type="string"/>
                     <parameter label="icsSessionID"
                                name="icsSessionID"
                                required="false"
                                testWith="28PYxnYQlUcecudNmM2NIG"
                                type="string"/>
                     <parameter label="taskName"
                                name="taskName"
                                required="false"
                                testWith="MCT_dynamic_file_5"
                                type="string"/>
                  </input>
                  <binding>
                     <restSimpleBinding multiUsing="semicolonSeparated"
                                        url="https://na1.dm-us.informaticacloud.com/saas/api/v2/mttask/"
                                        verb="POST">
                        <httpHeaders>
                           <header name="Accept">application/xml</header>
                           <header name="Content-Type">application/xml</header>
                           <header name="icSessionId">{$icsSessionID}</header>
                        </httpHeaders>
                        <body>&lt;mtTask&gt;
    &lt;id&gt;01002K0Z00000000002O&lt;/id&gt;
    &lt;orgId&gt;01002K&lt;/orgId&gt;
    &lt;name&gt;{$taskName}&lt;/name&gt;
    &lt;description&gt;&lt;/description&gt;
      &lt;agentId&gt;01002K08000000000002&lt;/agentId&gt;
    &lt;runtimeEnvironmentId&gt;01002K25000000000002&lt;/runtimeEnvironmentId&gt;
    &lt;maxLogs&gt;10&lt;/maxLogs&gt;
    &lt;parameters&gt;
        &lt;parameter&gt;
            &lt;id&gt;5988528&lt;/id&gt;
            &lt;name&gt;$Source$&lt;/name&gt;
            &lt;type&gt;EXTENDED_SOURCE&lt;/type&gt;
            &lt;label&gt;Source&lt;/label&gt;
			&lt;uiProperties&gt;
                &lt;entry&gt;
                    &lt;key&gt;connectionParameterized&lt;/key&gt;
                    &lt;value&gt;false&lt;/value&gt;
                &lt;/entry&gt;
                &lt;entry&gt;
                    &lt;key&gt;isMsrcFilterParameterized&lt;/key&gt;
                    &lt;value&gt;true&lt;/value&gt;
                &lt;/entry&gt;
                &lt;entry&gt;
                    &lt;key&gt;isMsrcSortParameterized&lt;/key&gt;
                    &lt;value&gt;false&lt;/value&gt;
                &lt;/entry&gt;
                &lt;entry&gt;
                    &lt;key&gt;msrcFilterParamDesc&lt;/key&gt;
                    &lt;value&gt;&lt;/value&gt;
                &lt;/entry&gt;
                &lt;entry&gt;
                    &lt;key&gt;objectParameterized&lt;/key&gt;
                    &lt;value&gt;false&lt;/value&gt;
                &lt;/entry&gt;
            &lt;/uiProperties&gt;
           
            &lt;sourceConnectionId&gt;01002K0B00000000000J&lt;/sourceConnectionId&gt;
            &lt;newFlatFile&gt;false&lt;/newFlatFile&gt;
            &lt;newObject&gt;false&lt;/newObject&gt;
            &lt;showBusinessNames&gt;true&lt;/showBusinessNames&gt;
            &lt;naturalOrder&gt;true&lt;/naturalOrder&gt;
            &lt;truncateTarget&gt;false&lt;/truncateTarget&gt;
            &lt;bulkApiDBTarget&gt;false&lt;/bulkApiDBTarget&gt;
            &lt;customFuncCfg&gt;
                &lt;id&gt;-1&lt;/id&gt;
            &lt;/customFuncCfg&gt;
            &lt;tgtFieldRefs/&gt;
            &lt;extendedObject&gt;
                &lt;object&gt;
                    &lt;name&gt;FILE&lt;/name&gt;
                    &lt;label&gt;FILE&lt;/label&gt;
                    &lt;metadataUpdated&gt;false&lt;/metadataUpdated&gt;
                    &lt;relations/&gt;
                    &lt;children/&gt;
                &lt;/object&gt;
                &lt;filters&gt;
                    &lt;filter&gt;
                        &lt;field&gt;REQ_ID&lt;/field&gt;
                        &lt;objectName&gt;FILE&lt;/objectName&gt;
                        &lt;operator&gt;equals&lt;/operator&gt;
                        &lt;type&gt;DOUBLE&lt;/type&gt;
                        &lt;value&gt;{$reqID}&lt;/value&gt;
                    &lt;/filter&gt;
                &lt;/filters&gt;
                &lt;sortFields/&gt;
            &lt;/extendedObject&gt;
            &lt;runtimeAttrs/&gt;
            &lt;isRESTModernSource&gt;true&lt;/isRESTModernSource&gt;
            &lt;isFileList&gt;false&lt;/isFileList&gt;
            &lt;handleSpecialChars&gt;false&lt;/handleSpecialChars&gt;
            &lt;overriddenFields/&gt;
            &lt;tgtObjectAttributes/&gt;
        &lt;/parameter&gt;
        &lt;parameter&gt;
            &lt;id&gt;5988529&lt;/id&gt;
            &lt;name&gt;$Target$&lt;/name&gt;
            &lt;type&gt;TARGET&lt;/type&gt;
            &lt;label&gt;Target&lt;/label&gt;
            &lt;uiProperties&gt;
                &lt;entry&gt;
                    &lt;key&gt;connectionParameterized&lt;/key&gt;
                    &lt;value&gt;false&lt;/value&gt;
                &lt;/entry&gt;
                &lt;entry&gt;
                    &lt;key&gt;objectParameterized&lt;/key&gt;
                    &lt;value&gt;false&lt;/value&gt;
                &lt;/entry&gt;
                &lt;entry&gt;
                    &lt;key&gt;visible&lt;/key&gt;
                    &lt;value&gt;false&lt;/value&gt;
                &lt;/entry&gt;
                &lt;entry&gt;
                    &lt;key&gt;defaultTargetUpdateColumns&lt;/key&gt;
                    &lt;value&gt;&lt;/value&gt;
                &lt;/entry&gt;
            &lt;/uiProperties&gt;
            &lt;targetConnectionId&gt;01002K0B000000000002&lt;/targetConnectionId&gt;
            &lt;targetObject&gt;testupload.csv&lt;/targetObject&gt;
            &lt;targetObjectLabel&gt;testupload.csv&lt;/targetObjectLabel&gt;
            &lt;newFlatFile&gt;false&lt;/newFlatFile&gt;
            &lt;newObject&gt;true&lt;/newObject&gt;
            &lt;showBusinessNames&gt;false&lt;/showBusinessNames&gt;
            &lt;naturalOrder&gt;true&lt;/naturalOrder&gt;
            &lt;newObjectName&gt;testupload.csv&lt;/newObjectName&gt;
            &lt;truncateTarget&gt;false&lt;/truncateTarget&gt;
            &lt;bulkApiDBTarget&gt;false&lt;/bulkApiDBTarget&gt;
            &lt;operationType&gt;Insert&lt;/operationType&gt;
            &lt;tgtFFAttrs&gt;
                &lt;delimiter&gt;,&lt;/delimiter&gt;
                &lt;escapeChar&gt;&lt;/escapeChar&gt;
                &lt;headerLineNo&gt;1&lt;/headerLineNo&gt;
                &lt;id&gt;1053722&lt;/id&gt;
                &lt;textQualifier&gt;&amp;quot;&lt;/textQualifier&gt;
            &lt;/tgtFFAttrs&gt;
            &lt;customFuncCfg&gt;
                &lt;id&gt;-1&lt;/id&gt;
            &lt;/customFuncCfg&gt;
            &lt;tgtFieldRefs/&gt;
            &lt;extendedObject&gt;
                &lt;filters/&gt;
                &lt;sortFields/&gt;
            &lt;/extendedObject&gt;
            &lt;runtimeAttrs/&gt;
            &lt;isRESTModernSource&gt;true&lt;/isRESTModernSource&gt;
            &lt;isFileList&gt;false&lt;/isFileList&gt;
            &lt;handleSpecialChars&gt;false&lt;/handleSpecialChars&gt;
            &lt;overriddenFields/&gt;
            &lt;tgtObjectAttributes/&gt;
        &lt;/parameter&gt;
        &lt;parameter&gt;
            &lt;id&gt;5988530&lt;/id&gt;
            &lt;name&gt;$WebServices$&lt;/name&gt;
            &lt;type&gt;BUSINESS_SERVICE&lt;/type&gt;
            &lt;label&gt;WebServices&lt;/label&gt;
            &lt;uiProperties&gt;
                &lt;entry&gt;
                    &lt;key&gt;visible&lt;/key&gt;
                    &lt;value&gt;false&lt;/value&gt;
                &lt;/entry&gt;
            &lt;/uiProperties&gt;
            &lt;newFlatFile&gt;false&lt;/newFlatFile&gt;
            &lt;newObject&gt;false&lt;/newObject&gt;
            &lt;showBusinessNames&gt;true&lt;/showBusinessNames&gt;
            &lt;naturalOrder&gt;true&lt;/naturalOrder&gt;
            &lt;truncateTarget&gt;false&lt;/truncateTarget&gt;
            &lt;bulkApiDBTarget&gt;false&lt;/bulkApiDBTarget&gt;
            &lt;customFuncCfg&gt;
                &lt;id&gt;-1&lt;/id&gt;
            &lt;/customFuncCfg&gt;
            &lt;tgtFieldRefs/&gt;
            &lt;runtimeAttrs/&gt;
            &lt;isRESTModernSource&gt;true&lt;/isRESTModernSource&gt;
            &lt;isFileList&gt;false&lt;/isFileList&gt;
            &lt;handleSpecialChars&gt;false&lt;/handleSpecialChars&gt;
            &lt;businessServiceData&gt;
                &lt;businessServiceId&gt;01002K2700000000000F&lt;/businessServiceId&gt;
                &lt;operationId&gt;01002K2800000000000H&lt;/operationId&gt;
            &lt;/businessServiceData&gt;
            &lt;overriddenFields/&gt;
            &lt;tgtObjectAttributes/&gt;
        &lt;/parameter&gt;
    &lt;/parameters&gt;
    &lt;verbose&gt;true&lt;/verbose&gt;
   
    &lt;mappingId&gt;01002K1700000000002C&lt;/mappingId&gt;
    &lt;shortDescription&gt;&lt;/shortDescription&gt;
    &lt;sessionProperties/&gt;
    &lt;sequences/&gt;
    &lt;inOutParameters/&gt;
    &lt;enableCrossSchemaPushdown&gt;true&lt;/enableCrossSchemaPushdown&gt;
&lt;/mtTask&gt;</body>
                     </restSimpleBinding>
                  </binding>
                  <output>
                     <field description="" name="TaskID" property="id" type="string"/>
                     <field description="" name="taskName" property="name" type="string"/>
                  </output>
               </action>
               <action category=""
                       failOnError="true"
                       forSearch="false"
                       label="Login"
                       maxRedirects="100"
                       name="Login"
                       preemptiveAuth="true"
                       responseEncoding="">
                  <description/>
                  <input/>
                  <binding>
                     <restSimpleBinding multiUsing="semicolonSeparated"
                                        url="{$baseURL}/api/v2/user/login"
                                        verb="POST">
                        <httpHeaders>
                           <header name="Content-Type">application/json</header>
                           <header name="Accept">application/json</header>
                        </httpHeaders>
                        <body>{{"@type": "login","username": "smanes@informatica.com.demo.ga","password": "Architect123"}}</body>
                     </restSimpleBinding>
                  </binding>
                  <output>
                     <field description=""
                            name="icsSessionID"
                            property="icSessionId"
                            type="string"/>
                     <field description=""
                            name="serverURL"
                            property="serverUrl"
                            type="string"/>
                  </output>
               </action>
               <action category=""
                       failOnError="true"
                       forSearch="false"
                       label="startJob"
                       maxRedirects="100"
                       name="startJob"
                       preemptiveAuth="true"
                       responseEncoding="">
                  <description/>
                  <input>
                     <parameter label="serverUrl"
                                name="serverUrl"
                                nogen="true"
                                required="false"
                                testWith="https://na1.dm-us.informaticacloud.com/saas"
                                type="string"/>
                     <parameter label="taskName"
                                name="taskName"
                                required="false"
                                testWith="MappingTask_rand_3"
                                type="string"/>
                     <parameter label="InfaSessionId"
                                name="InfaSessionId"
                                nogen="true"
                                required="false"
                                testWith="2xtthrBEdAlcl7tzpBq1od"
                                type="string"/>
                     <parameter label="taskType"
                                name="taskType"
                                required="false"
                                testWith="MTT"
                                type="string"/>
                     <parameter label="@type"
                                name="@type"
                                required="false"
                                testWith="job"
                                type="string"/>
                  </input>
                  <binding>
                     <restSimpleBinding multiUsing="semicolonSeparated"
                                        url="https://na1.dm-us.informaticacloud.com/saas/api/v2/job"
                                        verb="POST">
                        <httpHeaders>
                           <header name="icSessionId">{$InfaSessionId}</header>
                        </httpHeaders>
                        <body generateUsing="JSON" preserveJsonStringFormatting="true"/>
                     </restSimpleBinding>
                  </binding>
                  <output/>
               </action>
               <action category=""
                       failOnError="true"
                       forSearch="false"
                       label="CreateMTTShaw"
                       maxRedirects="100"
                       name="CreateMTTShaw"
                       preemptiveAuth="true"
                       responseEncoding="">
                  <description/>
                  <input>
                     <parameter label="taskName"
                                name="taskName"
                                nogen="true"
                                required="false"
                                testWith="mct_shaw_dynamic_5"
                                type="string"/>
                     <parameter label="icsSessionID"
                                name="icsSessionID"
                                nogen="true"
                                required="false"
                                testWith="07Crm3aS8kdiSqaQ35WIIi"
                                type="string"/>
                     <parameter label="srcObject"
                                name="srcObject"
                                nogen="true"
                                required="false"
                                testWith="CUST"
                                type="string"/>
                     <parameter label="tgtObject"
                                name="tgtObject"
                                nogen="true"
                                required="false"
                                testWith="CUST1"
                                type="string"/>
                     <parameter label="funcval"
                                name="funcval"
                                nogen="true"
                                required="false"
                                testWith="Sample1"
                                type="string"/>
                     <parameter label="filter"
                                name="filter"
                                nogen="true"
                                required="false"
                                testWith="482"
                                type="string"/>
                  </input>
                  <binding>
                     <restSimpleBinding url="https://na1.dm-us.informaticacloud.com/saas/api/v2/mttask/"
                                        verb="POST">
                        <httpHeaders>
                           <header name="Accept">application/xml</header>
                           <header name="Content-Type">application/xml</header>
                           <header name="icSessionId">{$icsSessionID}</header>
                        </httpHeaders>
                        <body>&lt;mtTask&gt;
    &lt;id&gt;01002K0Z00000000003L&lt;/id&gt;
    &lt;orgId&gt;01002K&lt;/orgId&gt;
    &lt;name&gt;{$taskName}&lt;/name&gt;
    &lt;description&gt;&lt;/description&gt;
    &lt;agentId&gt;01002K08000000000002&lt;/agentId&gt;
    &lt;runtimeEnvironmentId&gt;01002K25000000000002&lt;/runtimeEnvironmentId&gt;
    &lt;maxLogs&gt;10&lt;/maxLogs&gt;
    &lt;parameters&gt;
        &lt;parameter&gt;
            &lt;id&gt;6428735&lt;/id&gt;
            &lt;name&gt;$Source$&lt;/name&gt;
            &lt;type&gt;EXTENDED_SOURCE&lt;/type&gt;
            &lt;label&gt;Source&lt;/label&gt;
            &lt;uiProperties&gt;
                &lt;entry&gt;
                    &lt;key&gt;connectionParameterized&lt;/key&gt;
                    &lt;value&gt;false&lt;/value&gt;
                &lt;/entry&gt;
                &lt;entry&gt;
                    &lt;key&gt;isMsrcFilterParameterized&lt;/key&gt;
                    &lt;value&gt;true&lt;/value&gt;
                &lt;/entry&gt;
                &lt;entry&gt;
                    &lt;key&gt;isMsrcSortParameterized&lt;/key&gt;
                    &lt;value&gt;false&lt;/value&gt;
                &lt;/entry&gt;
                &lt;entry&gt;
                    &lt;key&gt;msrcFilterDefault&lt;/key&gt;
                    &lt;value&gt;482&lt;/value&gt;
                &lt;/entry&gt;
                &lt;entry&gt;
                    &lt;key&gt;msrcFilterParamDesc&lt;/key&gt;
                    &lt;value&gt;&lt;/value&gt;
                &lt;/entry&gt;
                &lt;entry&gt;
                    &lt;key&gt;default&lt;/key&gt;
                    &lt;value&gt;CUST&lt;/value&gt;
                &lt;/entry&gt;
                &lt;entry&gt;
                    &lt;key&gt;objlabel&lt;/key&gt;
                    &lt;value&gt;srcObj&lt;/value&gt;
                &lt;/entry&gt;
                &lt;entry&gt;
                    &lt;key&gt;objectParameterized&lt;/key&gt;
                    &lt;value&gt;true&lt;/value&gt;
                &lt;/entry&gt;
                &lt;entry&gt;
                    &lt;key&gt;objDesc&lt;/key&gt;
                    &lt;value&gt;&lt;/value&gt;
                &lt;/entry&gt;
            &lt;/uiProperties&gt;
            &lt;sourceConnectionId&gt;01002K0B00000000000B&lt;/sourceConnectionId&gt;
            &lt;newFlatFile&gt;false&lt;/newFlatFile&gt;
            &lt;newObject&gt;false&lt;/newObject&gt;
            &lt;showBusinessNames&gt;true&lt;/showBusinessNames&gt;
            &lt;naturalOrder&gt;true&lt;/naturalOrder&gt;
            &lt;truncateTarget&gt;false&lt;/truncateTarget&gt;
            &lt;bulkApiDBTarget&gt;false&lt;/bulkApiDBTarget&gt;
            &lt;customFuncCfg&gt;
                &lt;id&gt;-1&lt;/id&gt;
            &lt;/customFuncCfg&gt;
            &lt;tgtFieldRefs/&gt;
            &lt;extendedObject&gt;
                &lt;object&gt;
                    &lt;name&gt;{$srcObject}&lt;/name&gt;
                    &lt;label&gt;{$srcObject}&lt;/label&gt;
                    &lt;metadataUpdated&gt;false&lt;/metadataUpdated&gt;
                    &lt;relations/&gt;
                    &lt;children/&gt;
                &lt;/object&gt;
                &lt;filters&gt;
                    &lt;filter&gt;
                        &lt;field&gt;REQ_ID&lt;/field&gt;
                        &lt;objectName&gt;{$srcObject}&lt;/objectName&gt;
                        &lt;operator&gt;equals&lt;/operator&gt;
                        &lt;type&gt;DOUBLE&lt;/type&gt;
                        &lt;value&gt;{$filter}&lt;/value&gt;
                    &lt;/filter&gt;
                &lt;/filters&gt;
                &lt;sortFields/&gt;
            &lt;/extendedObject&gt;
            &lt;runtimeAttrs/&gt;
            &lt;isRESTModernSource&gt;true&lt;/isRESTModernSource&gt;
            &lt;isFileList&gt;false&lt;/isFileList&gt;
            &lt;handleSpecialChars&gt;false&lt;/handleSpecialChars&gt;
            &lt;overriddenFields/&gt;
            &lt;tgtObjectAttributes/&gt;
        &lt;/parameter&gt;
        &lt;parameter&gt;
            &lt;id&gt;6428736&lt;/id&gt;
            &lt;name&gt;$Target$&lt;/name&gt;
            &lt;type&gt;TARGET&lt;/type&gt;
            &lt;label&gt;Target&lt;/label&gt;
            &lt;uiProperties&gt;
                &lt;entry&gt;
                    &lt;key&gt;connectionParameterized&lt;/key&gt;
                    &lt;value&gt;false&lt;/value&gt;
                &lt;/entry&gt;
                &lt;entry&gt;
                    &lt;key&gt;default&lt;/key&gt;
                    &lt;value&gt;CUST1&lt;/value&gt;
                &lt;/entry&gt;
                &lt;entry&gt;
                    &lt;key&gt;objlabel&lt;/key&gt;
                    &lt;value&gt;tgtObj&lt;/value&gt;
                &lt;/entry&gt;
                &lt;entry&gt;
                    &lt;key&gt;objectParameterized&lt;/key&gt;
                    &lt;value&gt;true&lt;/value&gt;
                &lt;/entry&gt;
                &lt;entry&gt;
                    &lt;key&gt;objDesc&lt;/key&gt;
                    &lt;value&gt;&lt;/value&gt;
                &lt;/entry&gt;
                &lt;entry&gt;
                    &lt;key&gt;defaultTargetUpdateColumns&lt;/key&gt;
                    &lt;value&gt;&lt;/value&gt;
                &lt;/entry&gt;
            &lt;/uiProperties&gt;
            &lt;targetConnectionId&gt;01002K0B00000000000B&lt;/targetConnectionId&gt;
            &lt;targetObject&gt;{$tgtObject}&lt;/targetObject&gt;
            &lt;targetObjectLabel&gt;{$tgtObject}&lt;/targetObjectLabel&gt;
            &lt;newFlatFile&gt;false&lt;/newFlatFile&gt;
            &lt;newObject&gt;false&lt;/newObject&gt;
            &lt;showBusinessNames&gt;true&lt;/showBusinessNames&gt;
            &lt;naturalOrder&gt;true&lt;/naturalOrder&gt;
            &lt;truncateTarget&gt;true&lt;/truncateTarget&gt;
            &lt;bulkApiDBTarget&gt;false&lt;/bulkApiDBTarget&gt;
            &lt;operationType&gt;Insert&lt;/operationType&gt;
            &lt;customFuncCfg&gt;
                &lt;id&gt;-1&lt;/id&gt;
            &lt;/customFuncCfg&gt;
            &lt;tgtFieldRefs/&gt;
            &lt;extendedObject&gt;
                &lt;filters/&gt;
                &lt;sortFields/&gt;
            &lt;/extendedObject&gt;
            &lt;runtimeAttrs/&gt;
            &lt;isRESTModernSource&gt;true&lt;/isRESTModernSource&gt;
            &lt;isFileList&gt;false&lt;/isFileList&gt;
            &lt;handleSpecialChars&gt;false&lt;/handleSpecialChars&gt;
            &lt;overriddenFields/&gt;
            &lt;tgtObjectAttributes/&gt;
        &lt;/parameter&gt;
        &lt;parameter&gt;
            &lt;id&gt;6428737&lt;/id&gt;
            &lt;name&gt;$func$&lt;/name&gt;
            &lt;type&gt;STRING&lt;/type&gt;
            &lt;text&gt;{$funcval}&lt;/text&gt;
            &lt;label&gt;func&lt;/label&gt;
            &lt;description&gt;&lt;/description&gt;
            &lt;uiProperties&gt;
                &lt;entry&gt;
                    &lt;key&gt;default&lt;/key&gt;
                    &lt;value&gt;This is an example&lt;/value&gt;
                &lt;/entry&gt;
            &lt;/uiProperties&gt;
            &lt;newFlatFile&gt;false&lt;/newFlatFile&gt;
            &lt;newObject&gt;false&lt;/newObject&gt;
            &lt;showBusinessNames&gt;true&lt;/showBusinessNames&gt;
            &lt;naturalOrder&gt;true&lt;/naturalOrder&gt;
            &lt;truncateTarget&gt;false&lt;/truncateTarget&gt;
            &lt;bulkApiDBTarget&gt;false&lt;/bulkApiDBTarget&gt;
            &lt;customFuncCfg&gt;
                &lt;id&gt;-1&lt;/id&gt;
            &lt;/customFuncCfg&gt;
            &lt;tgtFieldRefs/&gt;
            &lt;runtimeAttrs/&gt;
            &lt;isRESTModernSource&gt;true&lt;/isRESTModernSource&gt;
            &lt;isFileList&gt;false&lt;/isFileList&gt;
            &lt;handleSpecialChars&gt;false&lt;/handleSpecialChars&gt;
            &lt;overriddenFields/&gt;
            &lt;tgtObjectAttributes/&gt;
        &lt;/parameter&gt;
    &lt;/parameters&gt;
    &lt;verbose&gt;true&lt;/verbose&gt;
    &lt;mappingId&gt;01002K1700000000002N&lt;/mappingId&gt;
    &lt;shortDescription&gt;&lt;/shortDescription&gt;
    &lt;sessionProperties/&gt;
    &lt;sequences/&gt;
    &lt;inOutParameters/&gt;
    &lt;enableCrossSchemaPushdown&gt;true&lt;/enableCrossSchemaPushdown&gt;
&lt;/mtTask&gt;</body>
                     </restSimpleBinding>
                  </binding>
                  <output>
                     <field description="" name="taskName" property="name" type="string"/>
                  </output>
               </action>
            </actions>
            <objects/>
         </businessConnector>
      </types1:Entry>
      <types1:GUID>4ZLtkLp9TaHcJFz5VAfX0k</types1:GUID>
      <types1:DisplayName>Rest API</types1:DisplayName>
   </types1:Item>
   <types1:CurrentServerDateTime>2019-03-20T18:33:24.232Z</types1:CurrentServerDateTime>
</aetgt:getResponse>
