<aetgt:getResponse xmlns:aetgt="http://schemas.active-endpoints.com/appmodules/repository/2010/10/avrepository.xsd"
                   xmlns:types1="http://schemas.active-endpoints.com/appmodules/repository/2010/10/avrepository.xsd">
   <types1:Item>
      <types1:EntryId>eKu8QhxOSM8NciZ-gt-1138275-2020-04-16T20:01:45.077Z::svc.xml</types1:EntryId>
      <types1:Name>api-RecordCount-OdataService-1</types1:Name>
      <types1:ParentFlowIds>G4abck0Kn7wporz-gt-1139576-2020-04-16T20:01:45.28Z::conn.xml</types1:ParentFlowIds>
      <types1:MimeType>application/xml+businesssconnector</types1:MimeType>
      <types1:Description/>
      <types1:AppliesTo/>
      <types1:Tags/>
      <types1:VersionLabel>1.0</types1:VersionLabel>
      <types1:State>CURRENT</types1:State>
      <types1:ProcessGroup/>
      <types1:CreatedBy>edis@gmu.edu.sandbox</types1:CreatedBy>
      <types1:CreationDate>2020-04-16T20:01:45Z</types1:CreationDate>
      <types1:ModifiedBy/>
      <types1:PublicationStatus>published</types1:PublicationStatus>
      <types1:PublishedBy>edis@gmu.edu.sandbox</types1:PublishedBy>
      <types1:PublicationDate>2020-04-16T20:02:41Z</types1:PublicationDate>
      <types1:PublishedContributionId>project:/rt.connector/api_RecordCount_OdataService_1/api_RecordCount_OdataService_1_svcDef.xml</types1:PublishedContributionId>
      <types1:AutosaveExists>false</types1:AutosaveExists>
      <types1:Entry>
         <businessConnector xmlns="http://schemas.informatica.com/socrates/data-services/2014/05/business-connector-model.xsd"
                            agentOnly="false"
                            debug="false"
                            displayName="api-RecordCount-OdataService"
                            label=""
                            name="api-RecordCount-OdataService-1"
                            uuid="378b8aa6-3030-412d-ba5e-f69d87e05fd5">
            <description/>
            <tags/>
            <connectionAttributes xmlns="http://schemas.informatica.com/appmodules/screenflow/2014/04/avosConnectors.xsd"/>
            <actions>
               <action category=""
                       failOnError="true"
                       forSearch="false"
                       label="GetRecordCount"
                       maxRedirects="100"
                       name="GetRecordCount"
                       preemptiveAuth="true"
                       responseEncoding="">
                  <description/>
                  <input>
                     <parameter label="input_URL"
                                name="input_URL"
                                nogen="true"
                                required="false"
                                testWith="https://na1.ai.dm-us.informaticacloud.com/active-bpel/odata/v4/api-Constituent-conn-1/CONSTITUENT_BIO_VW/$count?$filter=CONST_CURRENT_IND%20eq%20'C'%20and%20CONST_STUD_IND%20eq%20'Y'"
                                type="url"/>
                  </input>
                  <binding>
                     <restSimpleBinding multiUsing="semicolonSeparated" url="{$input_URL}" verb="GET">
                        <authentication>
                           <username>edis@gmu.edu.sandbox</username>
                           <password/>
                           <isExpressionInPassword>false</isExpressionInPassword>
                        </authentication>
                        <httpHeaders>
                           <header name="Content-Type">application/xml</header>
                        </httpHeaders>
                     </restSimpleBinding>
                  </binding>
                  <output>
                     <field description="" name="recordCount" type="int">
                        <xquery>{//result/data()}</xquery>
                     </field>
                  </output>
               </action>
            </actions>
            <objects>
               <processObject xmlns="http://schemas.active-endpoints.com/appmodules/screenflow/2011/06/avosHostEnvironment.xsd"
                              isByCopy="true"
                              name="recordCount">
                  <description>An automatically generated process object</description>
                  <detail>
                     <field name="xml" type="string"/>
                     <field name="text" type="int"/>
                  </detail>
               </processObject>
            </objects>
         </businessConnector>
      </types1:Entry>
      <types1:GUID>0SHa5QIZDewhg7ZRCeLBGw</types1:GUID>
      <types1:DisplayName>api-RecordCount-OdataService</types1:DisplayName>
   </types1:Item>
   <types1:CurrentServerDateTime>2020-06-23T19:59:47.676Z</types1:CurrentServerDateTime>
</aetgt:getResponse>
