<aetgt:getResponse xmlns:aetgt="http://schemas.active-endpoints.com/appmodules/repository/2010/10/avrepository.xsd"
                   xmlns:types1="http://schemas.active-endpoints.com/appmodules/repository/2010/10/avrepository.xsd">
   <types1:Item>
      <types1:EntryId>G4abck0Kn7wporz-gt-1139576-2020-04-16T20:01:45.28Z::conn.xml</types1:EntryId>
      <types1:Name>api-RecordCount-OdataConn-3</types1:Name>
      <types1:MimeType>application/xml+connection</types1:MimeType>
      <types1:Description/>
      <types1:AppliesTo/>
      <types1:Tags/>
      <types1:VersionLabel>1.0</types1:VersionLabel>
      <types1:State>CURRENT</types1:State>
      <types1:ProcessGroup/>
      <types1:CreatedBy>edis@gmu.edu.sandbox</types1:CreatedBy>
      <types1:CreationDate>2020-04-16T20:01:45Z</types1:CreationDate>
      <types1:ModifiedBy>edis@gmu.edu.sandbox</types1:ModifiedBy>
      <types1:ModificationDate>2020-04-16T20:04:11Z</types1:ModificationDate>
      <types1:PublicationStatus>published</types1:PublicationStatus>
      <types1:PublishedBy>edis@gmu.edu.sandbox</types1:PublishedBy>
      <types1:PublicationDate>2020-04-16T20:09:34Z</types1:PublicationDate>
      <types1:PublishedContributionId>project:/rt.connection/api-RecordCount-OdataConn-3/api-RecordCount-OdataConn-3.conn.xml</types1:PublishedContributionId>
      <types1:AutosaveExists>false</types1:AutosaveExists>
      <types1:Entry>
         <connection xmlns="http://schemas.informatica.com/socrates/data-services/2014/04/avosConnections.xsd"
                     displayName="api-RecordCount-OdataConn"
                     label="api-RecordCount-OdataConn-3"
                     name="api-RecordCount-OdataConn-3">
            <description/>
            <tags/>
            <agent/>
            <attributes/>
            <businessConnector xmlns="http://schemas.informatica.com/appmodules/screenflow/2014/04/avosConnectors.xsd"
                               agentOnly="false"
                               connectorPath="project:/rt.connector/api_RecordCount_OdataService_1/api_RecordCount_OdataService_1_svcDef.xml"
                               guid="0SHa5QIZDewhg7ZRCeLBGw"
                               name="api-RecordCount-OdataService-1"
                               supportsConnectionTest="false"
                               uuid="378b8aa6-3030-412d-ba5e-f69d87e05fd5">
               <description/>
            </businessConnector>
         </connection>
      </types1:Entry>
      <types1:GUID>5EoNLivb1eLh5NXAmzzy2Z</types1:GUID>
      <types1:DisplayName>api-RecordCount-OdataConn</types1:DisplayName>
   </types1:Item>
   <types1:CurrentServerDateTime>2020-06-23T19:59:48.166Z</types1:CurrentServerDateTime>
</aetgt:getResponse>
