{
  "name" : "job-1551462093707",
  "sourceOrgId" : "2S2se050l7re3QWkJp9SwV",
  "sourceOrgName" : "Informatica",
  "exportedObjects" : [ {
    "objectGuid" : "40r9Hyi8SM7kNmYtSlsX8H",
    "objectName" : "DynamicMCTCreate",
    "objectType" : "PROCESS",
    "path" : "/Explore/Sukhman_Project",
    "metadata" : {
      "modelVersion" : {
        "major" : 1,
        "minor" : 0
      },
      "repoInfo" : {
        "repoHandle" : "CJfTBbcgp5OjG4a-gt-539599-2019-02-13T17:36:08.845Z::pd.xml"
      },
      "objectRefs" : [ "8UcL8T8bYxWdlfftHsxQWC", "7eSiXp60iSAfPpjUWX1CaF" ],
      "contextAttributes" : null,
      "additionalInfo" : {
        "description" : "",
        "contentType" : "application/json; charset=utf-8",
        "documentState" : "VALID"
      }
    }
  }, {
    "objectGuid" : "jW57yCOy5CldD59w0LTH6X",
    "objectName" : "coupaRestV2Dyn",
    "objectType" : "Connection",
    "path" : "/SYS",
    "metadata" : {
      "modelVersion" : {
        "major" : 0,
        "minor" : 0
      },
      "repoInfo" : {
        "repoHandle" : "01002K0B000000000010"
      },
      "objectRefs" : [ "dkosBpL944ikT6hf0KPwkE" ],
      "contextAttributes" : [ {
        "name" : "id",
        "value" : "@1"
      } ],
      "additionalInfo" : {
        "description" : null,
        "contentType" : "JSON",
        "documentState" : "COMPLETE"
      }
    }
  }, {
    "objectGuid" : "8UcL8T8bYxWdlfftHsxQWC",
    "objectName" : "IICS-Rest-API",
    "objectType" : "AI_CONNECTION",
    "path" : "/Explore/Sukhman_Project",
    "metadata" : {
      "modelVersion" : {
        "major" : 1,
        "minor" : 0
      },
      "repoInfo" : {
        "repoHandle" : "3pi9uAls2z8Uuop-gt-803497-2019-02-15T17:27:17.873Z::conn.xml"
      },
      "objectRefs" : [ "4ZLtkLp9TaHcJFz5VAfX0k" ],
      "contextAttributes" : null,
      "additionalInfo" : {
        "description" : "",
        "contentType" : "application/json; charset=utf-8",
        "documentState" : "VALID"
      }
    }
  }, {
    "objectGuid" : "giD1XsJqEyPjCqMgaf9uaL",
    "objectName" : "MappingTask1",
    "objectType" : "MTT",
    "path" : "/Explore/Sukhman_Project",
    "metadata" : {
      "modelVersion" : {
        "major" : 0,
        "minor" : 0
      },
      "repoInfo" : {
        "repoHandle" : "01002K0Z00000000002M"
      },
      "objectRefs" : [ "6M5n4Cs9ozgkBhT5F1cwQw", "0P164zEfhbZfhdhHNZ8TgY", "dkosBpL944ikT6hf0KPwkE", "jwWs4hdtuETdFFwV4tTaU5", "5qPcylHSsDogWqwBW2wXYu" ],
      "contextAttributes" : [ {
        "name" : "id",
        "value" : "@1"
      } ],
      "additionalInfo" : {
        "description" : "",
        "contentType" : "JSON",
        "documentState" : "VALID"
      }
    }
  }, {
    "objectGuid" : "24ukUf5Bxkudwu5ywzoyeY",
    "objectName" : "ReliableLoginConn",
    "objectType" : "Connection",
    "path" : "/SYS",
    "metadata" : {
      "modelVersion" : {
        "major" : 0,
        "minor" : 0
      },
      "repoInfo" : {
        "repoHandle" : "01002K0B000000000007"
      },
      "objectRefs" : [ "dkosBpL944ikT6hf0KPwkE" ],
      "contextAttributes" : [ {
        "name" : "id",
        "value" : "@1"
      } ],
      "additionalInfo" : {
        "description" : null,
        "contentType" : "JSON",
        "documentState" : "COMPLETE"
      }
    }
  }, {
    "objectGuid" : "lUiLmIrGCimjsKtvtUhHwj",
    "objectName" : "workflow_linear1",
    "objectType" : "WORKFLOW",
    "path" : "/Explore/Sukhman_Project",
    "metadata" : {
      "modelVersion" : {
        "major" : 0,
        "minor" : 0
      },
      "repoInfo" : {
        "repoHandle" : "01002K0N000000000003"
      },
      "objectRefs" : [ "7rs7THLUbLGe6jtl6nGouI", "gngML7ytpoBhEVh1K7DqYJ" ],
      "contextAttributes" : [ {
        "name" : "id",
        "value" : "@1"
      } ],
      "additionalInfo" : {
        "description" : null,
        "contentType" : "JSON",
        "documentState" : "VALID"
      }
    }
  }, {
    "objectGuid" : "2yVTC071gSvhLoQgTromKf",
    "objectName" : "sfcon-infa",
    "objectType" : "Connection",
    "path" : "/SYS",
    "metadata" : {
      "modelVersion" : {
        "major" : 0,
        "minor" : 0
      },
      "repoInfo" : {
        "repoHandle" : "01002K0B000000000003"
      },
      "objectRefs" : [ "dkosBpL944ikT6hf0KPwkE" ],
      "contextAttributes" : [ {
        "name" : "id",
        "value" : "@1"
      } ],
      "additionalInfo" : {
        "description" : null,
        "contentType" : "JSON",
        "documentState" : "COMPLETE"
      }
    }
  }, {
    "objectGuid" : "04Rr2O5mJsegCeYRffP2wv",
    "objectName" : "MappingTask2",
    "objectType" : "MTT",
    "path" : "/Explore/Sukhman_Project",
    "metadata" : {
      "modelVersion" : {
        "major" : 0,
        "minor" : 0
      },
      "repoInfo" : {
        "repoHandle" : "01002K0Z00000000002O"
      },
      "objectRefs" : [ "6M5n4Cs9ozgkBhT5F1cwQw", "0P164zEfhbZfhdhHNZ8TgY", "dkosBpL944ikT6hf0KPwkE", "jwWs4hdtuETdFFwV4tTaU5", "5qPcylHSsDogWqwBW2wXYu" ],
      "contextAttributes" : [ {
        "name" : "id",
        "value" : "@1"
      } ],
      "additionalInfo" : {
        "description" : "",
        "contentType" : "JSON",
        "documentState" : "VALID"
      }
    }
  }, {
    "objectGuid" : "4ZLtkLp9TaHcJFz5VAfX0k",
    "objectName" : "Rest API",
    "objectType" : "AI_SERVICE_CONNECTOR",
    "path" : "/Explore/Sukhman_Project",
    "metadata" : {
      "modelVersion" : {
        "major" : 1,
        "minor" : 0
      },
      "repoInfo" : {
        "repoHandle" : "aa-gt-687110-2019-02-14T20:34:46.002Z::svc.xml"
      },
      "objectRefs" : [ ],
      "contextAttributes" : null,
      "additionalInfo" : {
        "description" : "",
        "contentType" : "application/json; charset=utf-8",
        "documentState" : "VALID"
      }
    }
  }, {
    "objectGuid" : "0ZcqkfTzaLiftXGeaDJn2V",
    "objectName" : "mct_GetWorkOrderStatus",
    "objectType" : "MTT",
    "path" : "/Explore/Sukhman_Project",
    "metadata" : {
      "modelVersion" : {
        "major" : 0,
        "minor" : 0
      },
      "repoInfo" : {
        "repoHandle" : "01002K0Z000000000003"
      },
      "objectRefs" : [ "dkosBpL944ikT6hf0KPwkE", "6kuYJOQ7tyxkCgEfzywYUK", "1RbXBVvZv1DlTTShmHt6IM" ],
      "contextAttributes" : [ {
        "name" : "id",
        "value" : "@1"
      } ],
      "additionalInfo" : {
        "description" : "",
        "contentType" : "JSON",
        "documentState" : "VALID"
      }
    }
  }, {
    "objectGuid" : "9RHzERHY0CTdS48IjZtCOP",
    "objectName" : "TestSchedule2",
    "objectType" : "DTEMPLATE",
    "path" : "/Explore/Sukhman_Project",
    "metadata" : {
      "modelVersion" : {
        "major" : 0,
        "minor" : 0
      },
      "repoInfo" : {
        "repoHandle" : "01002K1700000000000O"
      },
      "objectRefs" : [ "6M5n4Cs9ozgkBhT5F1cwQw" ],
      "contextAttributes" : [ {
        "name" : "id",
        "value" : "@1"
      } ],
      "additionalInfo" : {
        "description" : "",
        "contentType" : "JSON",
        "documentState" : "VALID"
      }
    }
  }, {
    "objectGuid" : "1ZgjGUj46EKdzwGJcuv0Kb",
    "objectName" : "m_Shaw_demo",
    "objectType" : "DTEMPLATE",
    "path" : "/Explore/Sukhman_Project",
    "metadata" : {
      "modelVersion" : {
        "major" : 0,
        "minor" : 0
      },
      "repoInfo" : {
        "repoHandle" : "01002K1700000000002N"
      },
      "objectRefs" : [ "5RREzGaEN0GdxywBqJbHuT" ],
      "contextAttributes" : [ {
        "name" : "id",
        "value" : "@1"
      } ],
      "additionalInfo" : {
        "description" : "",
        "contentType" : "JSON",
        "documentState" : "VALID"
      }
    }
  }, {
    "objectGuid" : "7rs7THLUbLGe6jtl6nGouI",
    "objectName" : "DSS_2",
    "objectType" : "DSS",
    "path" : "/Explore/Krishna_Project/Krishna_Folder",
    "metadata" : {
      "modelVersion" : {
        "major" : 0,
        "minor" : 0
      },
      "repoInfo" : {
        "repoHandle" : "01002K0I000000000003"
      },
      "objectRefs" : [ "6M5n4Cs9ozgkBhT5F1cwQw" ],
      "contextAttributes" : [ {
        "name" : "id",
        "value" : "@1"
      } ],
      "additionalInfo" : {
        "description" : "",
        "contentType" : "JSON",
        "documentState" : "VALID"
      }
    }
  }, {
    "objectGuid" : "1giaqEo8DYOfVklz5EgAGH",
    "objectName" : "schema_REMS",
    "objectType" : "HSCHEMA",
    "path" : "/Explore/Sukhman_Project/UCSD",
    "metadata" : {
      "modelVersion" : {
        "major" : 0,
        "minor" : 0
      },
      "repoInfo" : {
        "repoHandle" : "01002K36000000000002"
      },
      "objectRefs" : [ ],
      "contextAttributes" : [ {
        "name" : "id",
        "value" : "@1"
      } ],
      "additionalInfo" : {
        "description" : "",
        "contentType" : "JSON",
        "documentState" : "VALID"
      }
    }
  }, {
    "objectGuid" : "1BoUu0mavE8fq92UVNNVQR",
    "objectName" : "mct_Shaw_demo",
    "objectType" : "MTT",
    "path" : "/Explore/Sukhman_Project",
    "metadata" : {
      "modelVersion" : {
        "major" : 0,
        "minor" : 0
      },
      "repoInfo" : {
        "repoHandle" : "01002K0Z00000000003L"
      },
      "objectRefs" : [ "1ZgjGUj46EKdzwGJcuv0Kb", "5RREzGaEN0GdxywBqJbHuT", "dkosBpL944ikT6hf0KPwkE" ],
      "contextAttributes" : [ {
        "name" : "id",
        "value" : "@1"
      } ],
      "additionalInfo" : {
        "description" : "",
        "contentType" : "JSON",
        "documentState" : "VALID"
      }
    }
  }, {
    "objectGuid" : "jDgVIXcJkoDewlBh1zKc6m",
    "objectName" : "bs_Rel_Login",
    "objectType" : "BSERVICE",
    "path" : "/Explore/Sukhman_Project",
    "metadata" : {
      "modelVersion" : {
        "major" : 0,
        "minor" : 0
      },
      "repoInfo" : {
        "repoHandle" : "01002K27000000000003"
      },
      "objectRefs" : [ "24ukUf5Bxkudwu5ywzoyeY" ],
      "contextAttributes" : [ {
        "name" : "id",
        "value" : "@1"
      }, {
        "name" : "01002K28000000000003",
        "value" : "jDgVIXcJkoDewlBh1zKc6m@GetAccessToken"
      } ],
      "additionalInfo" : {
        "description" : "",
        "contentType" : "JSON",
        "documentState" : "VALID"
      }
    }
  }, {
    "objectGuid" : "kxglaNBKW8rdmFs7YbeEc6",
    "objectName" : "Orcl_Lookup",
    "objectType" : "DTEMPLATE",
    "path" : "/Explore/Sukhman_Project",
    "metadata" : {
      "modelVersion" : {
        "major" : 0,
        "minor" : 0
      },
      "repoInfo" : {
        "repoHandle" : "01002K1700000000000E"
      },
      "objectRefs" : [ "6M5n4Cs9ozgkBhT5F1cwQw", "5RREzGaEN0GdxywBqJbHuT" ],
      "contextAttributes" : [ {
        "name" : "id",
        "value" : "@1"
      } ],
      "additionalInfo" : {
        "description" : "",
        "contentType" : "JSON",
        "documentState" : "VALID"
      }
    }
  }, {
    "objectGuid" : "9bBUgCawfEKeRqBL1n2j2S",
    "objectName" : "mct_ParamTestShellOut",
    "objectType" : "MTT",
    "path" : "/Explore/Sukhman_Project",
    "metadata" : {
      "modelVersion" : {
        "major" : 0,
        "minor" : 0
      },
      "repoInfo" : {
        "repoHandle" : "01002K0Z00000000000G"
      },
      "objectRefs" : [ "6M5n4Cs9ozgkBhT5F1cwQw", "1G2fTKGHB7ZknMZnTWFLEJ", "dkosBpL944ikT6hf0KPwkE", "9DyGMnebeYPbD70yDdjtIr" ],
      "contextAttributes" : [ {
        "name" : "id",
        "value" : "@1"
      } ],
      "additionalInfo" : {
        "description" : "",
        "contentType" : "JSON",
        "documentState" : "VALID"
      }
    }
  }, {
    "objectGuid" : "gRL4s8PNf2Je3ftZkTdHQN",
    "objectName" : "Orcl_Lookup_connected_override",
    "objectType" : "DTEMPLATE",
    "path" : "/Explore/Sukhman_Project/GreenDot",
    "metadata" : {
      "modelVersion" : {
        "major" : 0,
        "minor" : 0
      },
      "repoInfo" : {
        "repoHandle" : "01002K1700000000000J"
      },
      "objectRefs" : [ "6M5n4Cs9ozgkBhT5F1cwQw", "5RREzGaEN0GdxywBqJbHuT" ],
      "contextAttributes" : [ {
        "name" : "id",
        "value" : "@1"
      } ],
      "additionalInfo" : {
        "description" : "",
        "contentType" : "JSON",
        "documentState" : "VALID"
      }
    }
  }, {
    "objectGuid" : "5x7WsBpQFqlk1LZL5ejoY5",
    "objectName" : "Sukhman_Project",
    "objectType" : "Project",
    "path" : "/Explore",
    "metadata" : {
      "modelVersion" : {
        "major" : 0,
        "minor" : 0
      },
      "repoInfo" : null,
      "objectRefs" : [ ],
      "contextAttributes" : [ ],
      "additionalInfo" : {
        "description" : "",
        "contentType" : "Binary",
        "documentState" : "COMPLETE"
      }
    }
  }, {
    "objectGuid" : "9DyGMnebeYPbD70yDdjtIr",
    "objectName" : "ParamTestShellOut",
    "objectType" : "DTEMPLATE",
    "path" : "/Explore/Sukhman_Project",
    "metadata" : {
      "modelVersion" : {
        "major" : 0,
        "minor" : 0
      },
      "repoInfo" : {
        "repoHandle" : "01002K1700000000000D"
      },
      "objectRefs" : [ "6M5n4Cs9ozgkBhT5F1cwQw", "1G2fTKGHB7ZknMZnTWFLEJ" ],
      "contextAttributes" : [ {
        "name" : "id",
        "value" : "@1"
      } ],
      "additionalInfo" : {
        "description" : "",
        "contentType" : "JSON",
        "documentState" : "VALID"
      }
    }
  }, {
    "objectGuid" : "617rLou2cfPl6H2rMErnAC",
    "objectName" : "Krishna_Project",
    "objectType" : "Project",
    "path" : "/Explore",
    "metadata" : {
      "modelVersion" : {
        "major" : 0,
        "minor" : 0
      },
      "repoInfo" : null,
      "objectRefs" : [ ],
      "contextAttributes" : [ ],
      "additionalInfo" : {
        "description" : "Krishna Gorrepati's Project",
        "contentType" : "Binary",
        "documentState" : "COMPLETE"
      }
    }
  }, {
    "objectGuid" : "7aPqzD5oioAjWddsjiA4Ge",
    "objectName" : "Hierarchical Schema7",
    "objectType" : "HSCHEMA",
    "path" : "/Explore/Sukhman_Project",
    "metadata" : {
      "modelVersion" : {
        "major" : 0,
        "minor" : 0
      },
      "repoInfo" : {
        "repoHandle" : "01002K36000000000003"
      },
      "objectRefs" : [ ],
      "contextAttributes" : [ {
        "name" : "id",
        "value" : "@1"
      } ],
      "additionalInfo" : {
        "description" : "",
        "contentType" : "JSON",
        "documentState" : "VALID"
      }
    }
  }, {
    "objectGuid" : "6Yxt8Wr8jIIjL1LQWhwyyu",
    "objectName" : "candidate",
    "objectType" : "PROCESS_OBJECT",
    "path" : "/Explore/Sukhman_Project",
    "metadata" : {
      "modelVersion" : {
        "major" : 1,
        "minor" : 0
      },
      "repoInfo" : {
        "repoHandle" : "wvwNXHVOJ2oTVMT-gt-440219-2018-10-30T17:48:51.365Z::po.xml"
      },
      "objectRefs" : [ ],
      "contextAttributes" : null,
      "additionalInfo" : {
        "description" : "",
        "contentType" : "application/json; charset=utf-8",
        "documentState" : "VALID"
      }
    }
  }, {
    "objectGuid" : "2Qo4hQoi46piKD6fIwnEOj",
    "objectName" : "m_ucsd_kafka_rest",
    "objectType" : "DTEMPLATE",
    "path" : "/Explore/Sukhman_Project",
    "metadata" : {
      "modelVersion" : {
        "major" : 0,
        "minor" : 0
      },
      "repoInfo" : {
        "repoHandle" : "01002K1700000000000T"
      },
      "objectRefs" : [ "6M5n4Cs9ozgkBhT5F1cwQw", "3wz3VN3Iouad5AZJ8p4z6Q" ],
      "contextAttributes" : [ {
        "name" : "id",
        "value" : "@1"
      } ],
      "additionalInfo" : {
        "description" : "",
        "contentType" : "JSON",
        "documentState" : "VALID"
      }
    }
  }, {
    "objectGuid" : "exyNUEcKAIfcQGgZfz9C6L",
    "objectName" : "Mapping56",
    "objectType" : "DTEMPLATE",
    "path" : "/Explore/Sukhman_Project",
    "metadata" : {
      "modelVersion" : {
        "major" : 0,
        "minor" : 0
      },
      "repoInfo" : {
        "repoHandle" : "01002K1700000000000S"
      },
      "objectRefs" : [ "6M5n4Cs9ozgkBhT5F1cwQw", "7aPqzD5oioAjWddsjiA4Ge" ],
      "contextAttributes" : [ {
        "name" : "id",
        "value" : "@1"
      } ],
      "additionalInfo" : {
        "description" : "",
        "contentType" : "JSON",
        "documentState" : "VALID"
      }
    }
  }, {
    "objectGuid" : "gpZFtBXJ58GdUGXKJ0jSuk",
    "objectName" : "mct_FileUpload_Dyn",
    "objectType" : "MTT",
    "path" : "/Explore/Sukhman_Project",
    "metadata" : {
      "modelVersion" : {
        "major" : 0,
        "minor" : 0
      },
      "repoInfo" : {
        "repoHandle" : "01002K0Z00000000002I"
      },
      "objectRefs" : [ "6M5n4Cs9ozgkBhT5F1cwQw", "9Pf3Pvfr8qEi0goFIq7x8X", "dkosBpL944ikT6hf0KPwkE", "jwWs4hdtuETdFFwV4tTaU5" ],
      "contextAttributes" : [ {
        "name" : "id",
        "value" : "@1"
      } ],
      "additionalInfo" : {
        "description" : "",
        "contentType" : "JSON",
        "documentState" : "VALID"
      }
    }
  }, {
    "objectGuid" : "7yXfhBeI1Emd8y6f9F4AQM",
    "objectName" : "mct_GetWorkOrderStatus_new_SFDC",
    "objectType" : "MTT",
    "path" : "/Explore/Sukhman_Project",
    "metadata" : {
      "modelVersion" : {
        "major" : 0,
        "minor" : 0
      },
      "repoInfo" : {
        "repoHandle" : "01002K0Z000000000004"
      },
      "objectRefs" : [ "24ukUf5Bxkudwu5ywzoyeY", "70nCTgFdkedcJzLtrMvz0Q", "2yVTC071gSvhLoQgTromKf", "dkosBpL944ikT6hf0KPwkE", "27CqD4aDGDxde6j6WS0ec7" ],
      "contextAttributes" : [ {
        "name" : "id",
        "value" : "@1"
      } ],
      "additionalInfo" : {
        "description" : "",
        "contentType" : "JSON",
        "documentState" : "VALID"
      }
    }
  }, {
    "objectGuid" : "4s1Sy3IeFKvdZ5sS8oa806",
    "objectName" : "infa_call_performance",
    "objectType" : "DTEMPLATE",
    "path" : "/Explore/Sukhman_Project",
    "metadata" : {
      "modelVersion" : {
        "major" : 0,
        "minor" : 0
      },
      "repoInfo" : {
        "repoHandle" : "01002K1700000000002E"
      },
      "objectRefs" : [ "5hql7RR53krl1JizavqlAU", "fptOjhJaPWrd2yv1gd32g9" ],
      "contextAttributes" : [ {
        "name" : "id",
        "value" : "@1"
      } ],
      "additionalInfo" : {
        "description" : "",
        "contentType" : "JSON",
        "documentState" : "VALID"
      }
    }
  }, {
    "objectGuid" : "hpdPHCF6eO2hTwkRTvIusn",
    "objectName" : "mct_Coupa_Upload_dyn_new_1",
    "objectType" : "MTT",
    "path" : "/Explore/Sukhman_Project",
    "metadata" : {
      "modelVersion" : {
        "major" : 0,
        "minor" : 0
      },
      "repoInfo" : {
        "repoHandle" : "01002K0Z00000000002N"
      },
      "objectRefs" : [ "6M5n4Cs9ozgkBhT5F1cwQw", "0P164zEfhbZfhdhHNZ8TgY", "dkosBpL944ikT6hf0KPwkE", "jwWs4hdtuETdFFwV4tTaU5", "5qPcylHSsDogWqwBW2wXYu" ],
      "contextAttributes" : [ {
        "name" : "id",
        "value" : "@1"
      } ],
      "additionalInfo" : {
        "description" : "",
        "contentType" : "JSON",
        "documentState" : "VALID"
      }
    }
  }, {
    "objectGuid" : "5RREzGaEN0GdxywBqJbHuT",
    "objectName" : "localOrclXE",
    "objectType" : "Connection",
    "path" : "/SYS",
    "metadata" : {
      "modelVersion" : {
        "major" : 0,
        "minor" : 0
      },
      "repoInfo" : {
        "repoHandle" : "01002K0B00000000000B"
      },
      "objectRefs" : [ "dkosBpL944ikT6hf0KPwkE" ],
      "contextAttributes" : [ {
        "name" : "id",
        "value" : "@1"
      } ],
      "additionalInfo" : {
        "description" : null,
        "contentType" : "JSON",
        "documentState" : "COMPLETE"
      }
    }
  }, {
    "objectGuid" : "4HzuRO8MUuecCdnwn92rAA",
    "objectName" : "mct_java_transform_demo",
    "objectType" : "MTT",
    "path" : "/Explore/Sukhman_Project",
    "metadata" : {
      "modelVersion" : {
        "major" : 0,
        "minor" : 0
      },
      "repoInfo" : {
        "repoHandle" : "01002K0Z000000000011"
      },
      "objectRefs" : [ "6M5n4Cs9ozgkBhT5F1cwQw", "aETjYm0QDQYeSRwKe693wx", "dkosBpL944ikT6hf0KPwkE" ],
      "contextAttributes" : [ {
        "name" : "id",
        "value" : "@1"
      } ],
      "additionalInfo" : {
        "description" : "",
        "contentType" : "JSON",
        "documentState" : "VALID"
      }
    }
  }, {
    "objectGuid" : "0P164zEfhbZfhdhHNZ8TgY",
    "objectName" : "Oracle_Demo_Som",
    "objectType" : "Connection",
    "path" : "/SYS",
    "metadata" : {
      "modelVersion" : {
        "major" : 0,
        "minor" : 0
      },
      "repoInfo" : {
        "repoHandle" : "01002K0B00000000000J"
      },
      "objectRefs" : [ "dkosBpL944ikT6hf0KPwkE" ],
      "contextAttributes" : [ {
        "name" : "id",
        "value" : "@1"
      } ],
      "additionalInfo" : {
        "description" : "Oracle_Demo_Som",
        "contentType" : "JSON",
        "documentState" : "COMPLETE"
      }
    }
  }, {
    "objectGuid" : "8VZKmnawV4wePqJEgJTvuJ",
    "objectName" : "User",
    "objectType" : "PROCESS_OBJECT",
    "path" : "/Explore/Sukhman_Project/Xifin",
    "metadata" : {
      "modelVersion" : {
        "major" : 1,
        "minor" : 0
      },
      "repoInfo" : {
        "repoHandle" : "rtRuImXycotFgpK-gt-134915-2018-07-10T22:34:16.288Z::po.xml"
      },
      "objectRefs" : [ ],
      "contextAttributes" : null,
      "additionalInfo" : {
        "description" : "",
        "contentType" : "application/json; charset=utf-8",
        "documentState" : "VALID"
      }
    }
  }, {
    "objectGuid" : "3PjfwIaIjFXgk3sBnhQNoV",
    "objectName" : "m_src_rel",
    "objectType" : "DTEMPLATE",
    "path" : "/Explore/Sukhman_Project",
    "metadata" : {
      "modelVersion" : {
        "major" : 0,
        "minor" : 0
      },
      "repoInfo" : {
        "repoHandle" : "01002K17000000000005"
      },
      "objectRefs" : [ "24ukUf5Bxkudwu5ywzoyeY", "6kuYJOQ7tyxkCgEfzywYUK" ],
      "contextAttributes" : [ {
        "name" : "id",
        "value" : "@1"
      } ],
      "additionalInfo" : {
        "description" : "",
        "contentType" : "JSON",
        "documentState" : "VALID"
      }
    }
  }, {
    "objectGuid" : "dkosBpL944ikT6hf0KPwkE",
    "objectName" : "PSVW12PRD1",
    "objectType" : "AgentGroup",
    "path" : "/SYS",
    "metadata" : {
      "modelVersion" : {
        "major" : 0,
        "minor" : 0
      },
      "repoInfo" : {
        "repoHandle" : "01002K25000000000002"
      },
      "objectRefs" : [ ],
      "contextAttributes" : [ {
        "name" : "id",
        "value" : "@1"
      } ],
      "additionalInfo" : {
        "description" : null,
        "contentType" : "JSON",
        "documentState" : "VALID"
      }
    }
  }, {
    "objectGuid" : "27CqD4aDGDxde6j6WS0ec7",
    "objectName" : "bs_rel_Order_Status",
    "objectType" : "BSERVICE",
    "path" : "/Explore/Sukhman_Project",
    "metadata" : {
      "modelVersion" : {
        "major" : 0,
        "minor" : 0
      },
      "repoInfo" : {
        "repoHandle" : "01002K27000000000002"
      },
      "objectRefs" : [ "8HKI1QJFY8dcJ0BxikH583" ],
      "contextAttributes" : [ {
        "name" : "id",
        "value" : "@1"
      }, {
        "name" : "01002K28000000000002",
        "value" : "27CqD4aDGDxde6j6WS0ec7@GetOrderStatus"
      } ],
      "additionalInfo" : {
        "description" : "",
        "contentType" : "JSON",
        "documentState" : "VALID"
      }
    }
  }, {
    "objectGuid" : "1bT4euf5NeljEifgq9JMoy",
    "objectName" : "Salesforce",
    "objectType" : "AI_CONNECTION",
    "path" : "/Explore/Sukhman_Project",
    "metadata" : {
      "modelVersion" : {
        "major" : 1,
        "minor" : 0
      },
      "repoInfo" : {
        "repoHandle" : "U3TPdqRi92qBbbe-gt-95751-2018-11-08T18:23:37.754Z::conn.xml"
      },
      "objectRefs" : [ ],
      "contextAttributes" : null,
      "additionalInfo" : {
        "description" : "",
        "contentType" : "application/json; charset=utf-8",
        "documentState" : "VALID"
      }
    }
  }, {
    "objectGuid" : "dAuuR2XDH48kwDUnyzitO2",
    "objectName" : "FileWriter",
    "objectType" : "AI_CONNECTION",
    "path" : "/Explore/Sukhman_Project",
    "metadata" : {
      "modelVersion" : {
        "major" : 1,
        "minor" : 0
      },
      "repoInfo" : {
        "repoHandle" : "aabclvAhrswVYx8-gt-683009-2018-11-27T20:20:19.01Z::conn.xml"
      },
      "objectRefs" : [ ],
      "contextAttributes" : null,
      "additionalInfo" : {
        "description" : "",
        "contentType" : "application/json; charset=utf-8",
        "documentState" : "VALID"
      }
    }
  }, {
    "objectGuid" : "1RbXBVvZv1DlTTShmHt6IM",
    "objectName" : "m_GetWorkOrderStatus_linetem",
    "objectType" : "DTEMPLATE",
    "path" : "/Explore/Sukhman_Project",
    "metadata" : {
      "modelVersion" : {
        "major" : 0,
        "minor" : 0
      },
      "repoInfo" : {
        "repoHandle" : "01002K17000000000006"
      },
      "objectRefs" : [ "6kuYJOQ7tyxkCgEfzywYUK" ],
      "contextAttributes" : [ {
        "name" : "id",
        "value" : "@1"
      } ],
      "additionalInfo" : {
        "description" : "",
        "contentType" : "JSON",
        "documentState" : "VALID"
      }
    }
  }, {
    "objectGuid" : "jlNddRDvFK4iHzHpwLc26o",
    "objectName" : "OBMLeadCreated",
    "objectType" : "PROCESS",
    "path" : "/Explore/Sukhman_Project",
    "metadata" : {
      "modelVersion" : {
        "major" : 1,
        "minor" : 0
      },
      "repoInfo" : {
        "repoHandle" : "9uk1SwEYrwn2H0F-gt-169148-2018-11-19T17:05:16.981Z::pd.xml"
      },
      "objectRefs" : [ ],
      "contextAttributes" : null,
      "additionalInfo" : {
        "description" : "Create or Update LEAD_DATA DB table row.  Populates sfdc_lead_id on Leads created from DB insert.  Creates entire record for Leads created in SFDC",
        "contentType" : "Binary",
        "documentState" : "VALID"
      }
    }
  }, {
    "objectGuid" : "0aru8zwvcAgeQ8UaTnyUIe",
    "objectName" : "sfdc_obm_test",
    "objectType" : "PROCESS",
    "path" : "/Explore/Sukhman_Project",
    "metadata" : {
      "modelVersion" : {
        "major" : 1,
        "minor" : 0
      },
      "repoInfo" : {
        "repoHandle" : "uCBghNf4TsrT2ht-gt-97382-2018-11-08T18:30:27.323Z::pd.xml"
      },
      "objectRefs" : [ ],
      "contextAttributes" : null,
      "additionalInfo" : {
        "description" : "",
        "contentType" : "application/json; charset=utf-8",
        "documentState" : "VALID"
      }
    }
  }, {
    "objectGuid" : "8HKI1QJFY8dcJ0BxikH583",
    "objectName" : "ReliableGetOrderStatus",
    "objectType" : "Connection",
    "path" : "/SYS",
    "metadata" : {
      "modelVersion" : {
        "major" : 0,
        "minor" : 0
      },
      "repoInfo" : {
        "repoHandle" : "01002K0B000000000005"
      },
      "objectRefs" : [ "dkosBpL944ikT6hf0KPwkE" ],
      "contextAttributes" : [ {
        "name" : "id",
        "value" : "@1"
      } ],
      "additionalInfo" : {
        "description" : null,
        "contentType" : "JSON",
        "documentState" : "COMPLETE"
      }
    }
  }, {
    "objectGuid" : "a9vo1xLi8bHixnSw9NTeIT",
    "objectName" : "mct_ParamTest_final",
    "objectType" : "MTT",
    "path" : "/Explore/Sukhman_Project/GreenDot",
    "metadata" : {
      "modelVersion" : {
        "major" : 0,
        "minor" : 0
      },
      "repoInfo" : {
        "repoHandle" : "01002K0Z00000000000B"
      },
      "objectRefs" : [ "6M5n4Cs9ozgkBhT5F1cwQw", "1G2fTKGHB7ZknMZnTWFLEJ", "dkosBpL944ikT6hf0KPwkE", "4Cz2xHoIq8LfFi5f2BfFOW" ],
      "contextAttributes" : [ {
        "name" : "id",
        "value" : "@1"
      } ],
      "additionalInfo" : {
        "description" : "",
        "contentType" : "JSON",
        "documentState" : "VALID"
      }
    }
  }, {
    "objectGuid" : "aETjYm0QDQYeSRwKe693wx",
    "objectName" : "m_java_transform_demo",
    "objectType" : "DTEMPLATE",
    "path" : "/Explore/Sukhman_Project",
    "metadata" : {
      "modelVersion" : {
        "major" : 0,
        "minor" : 0
      },
      "repoInfo" : {
        "repoHandle" : "01002K17000000000012"
      },
      "objectRefs" : [ "6M5n4Cs9ozgkBhT5F1cwQw" ],
      "contextAttributes" : [ {
        "name" : "id",
        "value" : "@1"
      } ],
      "additionalInfo" : {
        "description" : "",
        "contentType" : "JSON",
        "documentState" : "VALID"
      }
    }
  }, {
    "objectGuid" : "fptOjhJaPWrd2yv1gd32g9",
    "objectName" : "ff_local_sm",
    "objectType" : "Connection",
    "path" : "/SYS",
    "metadata" : {
      "modelVersion" : {
        "major" : 0,
        "minor" : 0
      },
      "repoInfo" : {
        "repoHandle" : "01002K0B000000000013"
      },
      "objectRefs" : [ "dkosBpL944ikT6hf0KPwkE" ],
      "contextAttributes" : [ {
        "name" : "id",
        "value" : "@1"
      } ],
      "additionalInfo" : {
        "description" : null,
        "contentType" : "JSON",
        "documentState" : "COMPLETE"
      }
    }
  }, {
    "objectGuid" : "7MBp2bGF3MNdr0HigemFSk",
    "objectName" : "Xifin",
    "objectType" : "Folder",
    "path" : "/Explore/Sukhman_Project",
    "metadata" : {
      "modelVersion" : {
        "major" : 0,
        "minor" : 0
      },
      "repoInfo" : null,
      "objectRefs" : [ ],
      "contextAttributes" : [ ],
      "additionalInfo" : {
        "description" : "",
        "contentType" : "Binary",
        "documentState" : "COMPLETE"
      }
    }
  }, {
    "objectGuid" : "07owhYvwn4tk2nDuiqTPER",
    "objectName" : "m_GetWorkOrderStatus_new_test",
    "objectType" : "DTEMPLATE",
    "path" : "/Explore/Sukhman_Project",
    "metadata" : {
      "modelVersion" : {
        "major" : 0,
        "minor" : 0
      },
      "repoInfo" : {
        "repoHandle" : "01002K17000000000007"
      },
      "objectRefs" : [ "6kuYJOQ7tyxkCgEfzywYUK" ],
      "contextAttributes" : [ {
        "name" : "id",
        "value" : "@1"
      } ],
      "additionalInfo" : {
        "description" : "",
        "contentType" : "JSON",
        "documentState" : "VALID"
      }
    }
  }, {
    "objectGuid" : "9PZTsfINO64e9MxliTMBMT",
    "objectName" : "mct_test_new",
    "objectType" : "MTT",
    "path" : "/Explore/Sukhman_Project",
    "metadata" : {
      "modelVersion" : {
        "major" : 0,
        "minor" : 0
      },
      "repoInfo" : {
        "repoHandle" : "01002K0Z000000000005"
      },
      "objectRefs" : [ "24ukUf5Bxkudwu5ywzoyeY", "70nCTgFdkedcJzLtrMvz0Q", "2yVTC071gSvhLoQgTromKf", "dkosBpL944ikT6hf0KPwkE", "27CqD4aDGDxde6j6WS0ec7" ],
      "contextAttributes" : [ {
        "name" : "id",
        "value" : "@1"
      } ],
      "additionalInfo" : {
        "description" : "",
        "contentType" : "JSON",
        "documentState" : "VALID"
      }
    }
  }, {
    "objectGuid" : "4WKkHqq0TSriWq983J1F43",
    "objectName" : "mtsk_infa_call_performance",
    "objectType" : "MTT",
    "path" : "/Explore/Sukhman_Project",
    "metadata" : {
      "modelVersion" : {
        "major" : 0,
        "minor" : 0
      },
      "repoInfo" : {
        "repoHandle" : "01002K0Z00000000003B"
      },
      "objectRefs" : [ "4s1Sy3IeFKvdZ5sS8oa806", "5hql7RR53krl1JizavqlAU", "dkosBpL944ikT6hf0KPwkE", "fptOjhJaPWrd2yv1gd32g9" ],
      "contextAttributes" : [ {
        "name" : "id",
        "value" : "@1"
      } ],
      "additionalInfo" : {
        "description" : "",
        "contentType" : "JSON",
        "documentState" : "VALID"
      }
    }
  }, {
    "objectGuid" : "19bGcu6LwB9b2CpLZ6mPEn",
    "objectName" : "UCSD",
    "objectType" : "Folder",
    "path" : "/Explore/Sukhman_Project",
    "metadata" : {
      "modelVersion" : {
        "major" : 0,
        "minor" : 0
      },
      "repoInfo" : null,
      "objectRefs" : [ ],
      "contextAttributes" : [ ],
      "additionalInfo" : {
        "description" : "",
        "contentType" : "Binary",
        "documentState" : "COMPLETE"
      }
    }
  }, {
    "objectGuid" : "5hql7RR53krl1JizavqlAU",
    "objectName" : "AZ_BLOB_ENT_DATA_LAKE",
    "objectType" : "Connection",
    "path" : "/SYS",
    "metadata" : {
      "modelVersion" : {
        "major" : 0,
        "minor" : 0
      },
      "repoInfo" : {
        "repoHandle" : "01002K0B000000000012"
      },
      "objectRefs" : [ "dkosBpL944ikT6hf0KPwkE" ],
      "contextAttributes" : [ {
        "name" : "id",
        "value" : "@1"
      } ],
      "additionalInfo" : {
        "description" : "Connection to Azure Blob Storage for the Data Lake",
        "contentType" : "JSON",
        "documentState" : "COMPLETE"
      }
    }
  }, {
    "objectGuid" : "5qPcylHSsDogWqwBW2wXYu",
    "objectName" : "m_Coupa_FileUpload_Dyn-new",
    "objectType" : "DTEMPLATE",
    "path" : "/Explore/Sukhman_Project",
    "metadata" : {
      "modelVersion" : {
        "major" : 0,
        "minor" : 0
      },
      "repoInfo" : {
        "repoHandle" : "01002K1700000000002C"
      },
      "objectRefs" : [ "6M5n4Cs9ozgkBhT5F1cwQw", "0P164zEfhbZfhdhHNZ8TgY", "jwWs4hdtuETdFFwV4tTaU5" ],
      "contextAttributes" : [ {
        "name" : "id",
        "value" : "@1"
      } ],
      "additionalInfo" : {
        "description" : "",
        "contentType" : "JSON",
        "documentState" : "VALID"
      }
    }
  }, {
    "objectGuid" : "7ZSyV8NmqcNjkDMcqfVZgX",
    "objectName" : "E2TProcess",
    "objectType" : "PROCESS",
    "path" : "/Explore/Sukhman_Project",
    "metadata" : {
      "modelVersion" : {
        "major" : 1,
        "minor" : 0
      },
      "repoInfo" : {
        "repoHandle" : "wVMZlNaaabdvhxi-gt-34889-2018-07-16T21:24:49.357Z::pd.xml"
      },
      "objectRefs" : [ ],
      "contextAttributes" : null,
      "additionalInfo" : {
        "description" : "",
        "contentType" : "application/json; charset=utf-8",
        "documentState" : "INVALID"
      }
    }
  }, {
    "objectGuid" : "56rjnCODEXKh7U6toX1Cs8",
    "objectName" : "CloudTask",
    "objectType" : "PROCESS",
    "path" : "/Explore/Sukhman_Project",
    "metadata" : {
      "modelVersion" : {
        "major" : 1,
        "minor" : 0
      },
      "repoInfo" : {
        "repoHandle" : "qlGwm7iUQbgdwUi-gt-263568-2018-09-17T22:13:28.268Z::pd.xml"
      },
      "objectRefs" : [ ],
      "contextAttributes" : null,
      "additionalInfo" : {
        "description" : "",
        "contentType" : "application/json; charset=utf-8",
        "documentState" : "VALID"
      }
    }
  }, {
    "objectGuid" : "0Y0vpn09XIKksTf4zrUTU8",
    "objectName" : "GreenDot",
    "objectType" : "Folder",
    "path" : "/Explore/Sukhman_Project",
    "metadata" : {
      "modelVersion" : {
        "major" : 0,
        "minor" : 0
      },
      "repoInfo" : null,
      "objectRefs" : [ ],
      "contextAttributes" : [ ],
      "additionalInfo" : {
        "description" : "Test project",
        "contentType" : "Binary",
        "documentState" : "COMPLETE"
      }
    }
  }, {
    "objectGuid" : "i2fyR5gJkqRc8T93vvs4Ay",
    "objectName" : "mct_Shaw_demo_new_1",
    "objectType" : "MTT",
    "path" : "/Explore/Sukhman_Project",
    "metadata" : {
      "modelVersion" : {
        "major" : 0,
        "minor" : 0
      },
      "repoInfo" : {
        "repoHandle" : "01002K0Z000000000044"
      },
      "objectRefs" : [ "5RREzGaEN0GdxywBqJbHuT", "dkosBpL944ikT6hf0KPwkE", "6Zw9v0tB022hRTZ5w6YbaQ" ],
      "contextAttributes" : [ {
        "name" : "id",
        "value" : "@1"
      } ],
      "additionalInfo" : {
        "description" : "",
        "contentType" : "JSON",
        "documentState" : "VALID"
      }
    }
  }, {
    "objectGuid" : "1aoD2jExzwulNrf25j5fqF",
    "objectName" : "dss_trial",
    "objectType" : "DSS",
    "path" : "/Explore/Sukhman_Project",
    "metadata" : {
      "modelVersion" : {
        "major" : 0,
        "minor" : 0
      },
      "repoInfo" : {
        "repoHandle" : "01002K0I000000000005"
      },
      "objectRefs" : [ "6BYEdnHLRlUgyuzmxAB9Wy", "6kuYJOQ7tyxkCgEfzywYUK" ],
      "contextAttributes" : [ {
        "name" : "id",
        "value" : "@1"
      } ],
      "additionalInfo" : {
        "description" : "",
        "contentType" : "JSON",
        "documentState" : "VALID"
      }
    }
  }, {
    "objectGuid" : "7Spq5xc7xIIguEPgEPojk4",
    "objectName" : "CloudWrapper",
    "objectType" : "PROCESS",
    "path" : "/Explore/Sukhman_Project",
    "metadata" : {
      "modelVersion" : {
        "major" : 1,
        "minor" : 0
      },
      "repoInfo" : {
        "repoHandle" : "xxYxQ2Tp5OjG4ab-gt-663306-2019-02-14T17:15:23.379Z::pd.xml"
      },
      "objectRefs" : [ "jGWHssOnh8TbgVcS16ImMU" ],
      "contextAttributes" : null,
      "additionalInfo" : {
        "description" : "",
        "contentType" : "application/json; charset=utf-8",
        "documentState" : "VALID"
      }
    }
  }, {
    "objectGuid" : "4CxYZ8y58Spl6UXJaSUawx",
    "objectName" : "Mapping1",
    "objectType" : "DTEMPLATE",
    "path" : "/Explore/Sukhman_Project",
    "metadata" : {
      "modelVersion" : {
        "major" : 0,
        "minor" : 0
      },
      "repoInfo" : {
        "repoHandle" : "01002K17000000000004"
      },
      "objectRefs" : [ "1G2fTKGHB7ZknMZnTWFLEJ" ],
      "contextAttributes" : [ {
        "name" : "id",
        "value" : "@1"
      } ],
      "additionalInfo" : {
        "description" : "",
        "contentType" : "JSON",
        "documentState" : "VALID"
      }
    }
  }, {
    "objectGuid" : "3wz3VN3Iouad5AZJ8p4z6Q",
    "objectName" : "bs_ucsd_kafka",
    "objectType" : "BSERVICE",
    "path" : "/Explore/Sukhman_Project",
    "metadata" : {
      "modelVersion" : {
        "major" : 0,
        "minor" : 0
      },
      "repoInfo" : {
        "repoHandle" : "01002K27000000000006"
      },
      "objectRefs" : [ "bFDkFgy2JiPiIgXlKMHaWe" ],
      "contextAttributes" : [ {
        "name" : "id",
        "value" : "@1"
      }, {
        "name" : "01002K28000000000009",
        "value" : "3wz3VN3Iouad5AZJ8p4z6Q@WriteToTopic"
      } ],
      "additionalInfo" : {
        "description" : "",
        "contentType" : "JSON",
        "documentState" : "VALID"
      }
    }
  }, {
    "objectGuid" : "2DYngwhv6dGl4fNrxoWCCf",
    "objectName" : "ICS Rest API Final",
    "objectType" : "AI_SERVICE_CONNECTOR",
    "path" : "/Explore/Sukhman_Project",
    "metadata" : {
      "modelVersion" : {
        "major" : 1,
        "minor" : 0
      },
      "repoInfo" : {
        "repoHandle" : "769eE1KoJBUhtyc-gt-2506950-2019-02-14T21:32:26.948Z::svc.xml"
      },
      "objectRefs" : [ ],
      "contextAttributes" : null,
      "additionalInfo" : {
        "description" : "",
        "contentType" : "application/json; charset=utf-8",
        "documentState" : "VALID"
      }
    }
  }, {
    "objectGuid" : "8Sx8WB9OYswge3qxhwKr8G",
    "objectName" : "Kafka",
    "objectType" : "Folder",
    "path" : "/Explore/Sukhman_Project",
    "metadata" : {
      "modelVersion" : {
        "major" : 0,
        "minor" : 0
      },
      "repoInfo" : null,
      "objectRefs" : [ ],
      "contextAttributes" : [ ],
      "additionalInfo" : {
        "description" : "",
        "contentType" : "Binary",
        "documentState" : "COMPLETE"
      }
    }
  }, {
    "objectGuid" : "9sGQMpWp9EDhsqgXaJsMOF",
    "objectName" : "Orcl_Lookup_connected_override",
    "objectType" : "DTEMPLATE",
    "path" : "/Explore/Sukhman_Project",
    "metadata" : {
      "modelVersion" : {
        "major" : 0,
        "minor" : 0
      },
      "repoInfo" : {
        "repoHandle" : "01002K1700000000000I"
      },
      "objectRefs" : [ "6M5n4Cs9ozgkBhT5F1cwQw", "5RREzGaEN0GdxywBqJbHuT" ],
      "contextAttributes" : [ {
        "name" : "id",
        "value" : "@1"
      } ],
      "additionalInfo" : {
        "description" : "",
        "contentType" : "JSON",
        "documentState" : "VALID"
      }
    }
  }, {
    "objectGuid" : "0wx7frk9zYLh7DDY6ea4st",
    "objectName" : "m_ucsd_kafka_rest",
    "objectType" : "DTEMPLATE",
    "path" : "/Explore/Sukhman_Project/Kafka",
    "metadata" : {
      "modelVersion" : {
        "major" : 0,
        "minor" : 0
      },
      "repoInfo" : {
        "repoHandle" : "01002K17000000000010"
      },
      "objectRefs" : [ "6M5n4Cs9ozgkBhT5F1cwQw", "3wz3VN3Iouad5AZJ8p4z6Q" ],
      "contextAttributes" : [ {
        "name" : "id",
        "value" : "@1"
      } ],
      "additionalInfo" : {
        "description" : "",
        "contentType" : null,
        "documentState" : "VALID"
      }
    }
  }, {
    "objectGuid" : "9gyjnz1Bo8vjTNSkNfqd8N",
    "objectName" : "TestSchedule",
    "objectType" : "WORKFLOW",
    "path" : "/Explore/Sukhman_Project",
    "metadata" : {
      "modelVersion" : {
        "major" : 0,
        "minor" : 0
      },
      "repoInfo" : {
        "repoHandle" : "01002K0N000000000002"
      },
      "objectRefs" : [ "5ZlCOI0766hbvd7i1mxpiu", "1B97DJOGMtMiPAzPuc8ZS1" ],
      "contextAttributes" : [ {
        "name" : "id",
        "value" : "@1"
      } ],
      "additionalInfo" : {
        "description" : null,
        "contentType" : "JSON",
        "documentState" : "VALID"
      }
    }
  }, {
    "objectGuid" : "1cO917jZUkabbbc5MxpaaV",
    "objectName" : "Infa DI Rest API",
    "objectType" : "AI_SERVICE_CONNECTOR",
    "path" : "/Explore/Sukhman_Project",
    "metadata" : {
      "modelVersion" : {
        "major" : 1,
        "minor" : 0
      },
      "repoInfo" : {
        "repoHandle" : "0Fdw8jIw8jIw8jI-gt-2095908-2019-02-13T15:51:37.997Z::svc.xml"
      },
      "objectRefs" : [ ],
      "contextAttributes" : null,
      "additionalInfo" : {
        "description" : "",
        "contentType" : null,
        "documentState" : "VALID"
      }
    }
  }, {
    "objectGuid" : "9LkkvjYKgATibGc7SiVdcp",
    "objectName" : "m_Workday_flattened",
    "objectType" : "DTEMPLATE",
    "path" : "/Explore/Sukhman_Project",
    "metadata" : {
      "modelVersion" : {
        "major" : 0,
        "minor" : 0
      },
      "repoInfo" : {
        "repoHandle" : "01002K1700000000000X"
      },
      "objectRefs" : [ "6M5n4Cs9ozgkBhT5F1cwQw", "29CPnz2JsoHchAXNt3CdWc" ],
      "contextAttributes" : [ {
        "name" : "id",
        "value" : "@1"
      } ],
      "additionalInfo" : {
        "description" : "",
        "contentType" : "JSON",
        "documentState" : "INVALID"
      }
    }
  }, {
    "objectGuid" : "0MNZwhBPK5Dji9qhL6azAx",
    "objectName" : "mct_ParamTestShellOut_new",
    "objectType" : "MTT",
    "path" : "/Explore/Sukhman_Project/GreenDot",
    "metadata" : {
      "modelVersion" : {
        "major" : 0,
        "minor" : 0
      },
      "repoInfo" : {
        "repoHandle" : "01002K0Z00000000000L"
      },
      "objectRefs" : [ "6M5n4Cs9ozgkBhT5F1cwQw", "1G2fTKGHB7ZknMZnTWFLEJ", "dkosBpL944ikT6hf0KPwkE", "9DyGMnebeYPbD70yDdjtIr" ],
      "contextAttributes" : [ {
        "name" : "id",
        "value" : "@1"
      } ],
      "additionalInfo" : {
        "description" : "for testing in-out params persistentce",
        "contentType" : "JSON",
        "documentState" : "VALID"
      }
    }
  }, {
    "objectGuid" : "3gWpmJ3X040djdJXlmACIG",
    "objectName" : "mct_shaw_demo_Sanjay",
    "objectType" : "MTT",
    "path" : "/Explore/Sukhman_Project",
    "metadata" : {
      "modelVersion" : {
        "major" : 0,
        "minor" : 0
      },
      "repoInfo" : {
        "repoHandle" : "01002K0Z000000000046"
      },
      "objectRefs" : [ "1ZgjGUj46EKdzwGJcuv0Kb", "5RREzGaEN0GdxywBqJbHuT", "dkosBpL944ikT6hf0KPwkE" ],
      "contextAttributes" : [ {
        "name" : "id",
        "value" : "@1"
      } ],
      "additionalInfo" : {
        "description" : "",
        "contentType" : "JSON",
        "documentState" : "VALID"
      }
    }
  }, {
    "objectGuid" : "bYcpTgpVMaEaZmEone7zGB",
    "objectName" : "mct_shaw_demo_3",
    "objectType" : "MTT",
    "path" : "/Explore/Sukhman_Project",
    "metadata" : {
      "modelVersion" : {
        "major" : 0,
        "minor" : 0
      },
      "repoInfo" : {
        "repoHandle" : "01002K0Z000000000045"
      },
      "objectRefs" : [ "5RREzGaEN0GdxywBqJbHuT", "dkosBpL944ikT6hf0KPwkE", "6Zw9v0tB022hRTZ5w6YbaQ" ],
      "contextAttributes" : [ {
        "name" : "id",
        "value" : "@1"
      } ],
      "additionalInfo" : {
        "description" : "",
        "contentType" : "JSON",
        "documentState" : "VALID"
      }
    }
  }, {
    "objectGuid" : "9QH7jOlk6SugEGQlD3gE4Q",
    "objectName" : "Orcl_Lookup_sql",
    "objectType" : "DTEMPLATE",
    "path" : "/Explore/Sukhman_Project",
    "metadata" : {
      "modelVersion" : {
        "major" : 0,
        "minor" : 0
      },
      "repoInfo" : {
        "repoHandle" : "01002K1700000000000F"
      },
      "objectRefs" : [ "6M5n4Cs9ozgkBhT5F1cwQw", "5RREzGaEN0GdxywBqJbHuT" ],
      "contextAttributes" : [ {
        "name" : "id",
        "value" : "@1"
      } ],
      "additionalInfo" : {
        "description" : "",
        "contentType" : "JSON",
        "documentState" : "VALID"
      }
    }
  }, {
    "objectGuid" : "2YuwtiozVe4luhXlwq1zGK",
    "objectName" : "ParamTestCopy",
    "objectType" : "DTEMPLATE",
    "path" : "/Explore/Sukhman_Project",
    "metadata" : {
      "modelVersion" : {
        "major" : 0,
        "minor" : 0
      },
      "repoInfo" : {
        "repoHandle" : "01002K1700000000000B"
      },
      "objectRefs" : [ "6M5n4Cs9ozgkBhT5F1cwQw", "1G2fTKGHB7ZknMZnTWFLEJ" ],
      "contextAttributes" : [ {
        "name" : "id",
        "value" : "@1"
      } ],
      "additionalInfo" : {
        "description" : "",
        "contentType" : "JSON",
        "documentState" : "VALID"
      }
    }
  }, {
    "objectGuid" : "jwWs4hdtuETdFFwV4tTaU5",
    "objectName" : "bs_coupaDyn",
    "objectType" : "BSERVICE",
    "path" : "/Explore/Sukhman_Project",
    "metadata" : {
      "modelVersion" : {
        "major" : 0,
        "minor" : 0
      },
      "repoInfo" : {
        "repoHandle" : "01002K2700000000000F"
      },
      "objectRefs" : [ "jW57yCOy5CldD59w0LTH6X" ],
      "contextAttributes" : [ {
        "name" : "id",
        "value" : "@1"
      }, {
        "name" : "01002K2800000000000H",
        "value" : "jwWs4hdtuETdFFwV4tTaU5@Coupa"
      } ],
      "additionalInfo" : {
        "description" : "",
        "contentType" : "JSON",
        "documentState" : "VALID"
      }
    }
  }, {
    "objectGuid" : "dDxPcVnY5Gfc74CwrNLmoS",
    "objectName" : "mct_GetwoorkOrder_new_sfdc",
    "objectType" : "MTT",
    "path" : "/Explore/Sukhman_Project",
    "metadata" : {
      "modelVersion" : {
        "major" : 0,
        "minor" : 0
      },
      "repoInfo" : {
        "repoHandle" : "01002K0Z000000000006"
      },
      "objectRefs" : [ "24ukUf5Bxkudwu5ywzoyeY", "70nCTgFdkedcJzLtrMvz0Q", "2yVTC071gSvhLoQgTromKf", "dkosBpL944ikT6hf0KPwkE", "27CqD4aDGDxde6j6WS0ec7" ],
      "contextAttributes" : [ {
        "name" : "id",
        "value" : "@1"
      } ],
      "additionalInfo" : {
        "description" : "",
        "contentType" : "JSON",
        "documentState" : "VALID"
      }
    }
  }, {
    "objectGuid" : "7uASa1QVHMHjyQyPd7yReE",
    "objectName" : "m_ucsd_xml_parser",
    "objectType" : "DTEMPLATE",
    "path" : "/Explore/Sukhman_Project/UCSD",
    "metadata" : {
      "modelVersion" : {
        "major" : 0,
        "minor" : 0
      },
      "repoInfo" : {
        "repoHandle" : "01002K1700000000000P"
      },
      "objectRefs" : [ "6M5n4Cs9ozgkBhT5F1cwQw", "1giaqEo8DYOfVklz5EgAGH" ],
      "contextAttributes" : [ {
        "name" : "id",
        "value" : "@1"
      } ],
      "additionalInfo" : {
        "description" : "",
        "contentType" : "JSON",
        "documentState" : "VALID"
      }
    }
  }, {
    "objectGuid" : "7wWrvrQ59n6dPqMIxf8YIC",
    "objectName" : "Orcl_Lookup_sql_override",
    "objectType" : "DTEMPLATE",
    "path" : "/Explore/Sukhman_Project",
    "metadata" : {
      "modelVersion" : {
        "major" : 0,
        "minor" : 0
      },
      "repoInfo" : {
        "repoHandle" : "01002K1700000000000G"
      },
      "objectRefs" : [ "6M5n4Cs9ozgkBhT5F1cwQw", "5RREzGaEN0GdxywBqJbHuT" ],
      "contextAttributes" : [ {
        "name" : "id",
        "value" : "@1"
      } ],
      "additionalInfo" : {
        "description" : "",
        "contentType" : "JSON",
        "documentState" : "VALID"
      }
    }
  }, {
    "objectGuid" : "jGWHssOnh8TbgVcS16ImMU",
    "objectName" : "fileReader",
    "objectType" : "PROCESS",
    "path" : "/Explore/Krishna_Project/Krishna_Folder",
    "metadata" : {
      "modelVersion" : {
        "major" : 1,
        "minor" : 0
      },
      "repoInfo" : {
        "repoHandle" : "3QhNzUzeA8rJ4pb-gt-2416916-2019-02-14T16:14:24.88Z::pd.xml"
      },
      "objectRefs" : [ ],
      "contextAttributes" : null,
      "additionalInfo" : {
        "description" : "",
        "contentType" : "application/json; charset=utf-8",
        "documentState" : "VALID"
      }
    }
  }, {
    "objectGuid" : "1l7EWxq1Sbif169AsCtpIL",
    "objectName" : "TestSchedule",
    "objectType" : "TASKFLOW",
    "path" : "/Explore/Sukhman_Project",
    "metadata" : {
      "modelVersion" : {
        "major" : 1,
        "minor" : 0
      },
      "repoInfo" : {
        "repoHandle" : "PFJ7XhFtybduaa-gt-2008364-2018-09-07T16:26:36.667Z::tf.xml"
      },
      "objectRefs" : [ "5ZlCOI0766hbvd7i1mxpiu", "1B97DJOGMtMiPAzPuc8ZS1" ],
      "contextAttributes" : null,
      "additionalInfo" : {
        "description" : "",
        "contentType" : "application/json; charset=utf-8",
        "documentState" : "VALID"
      }
    }
  }, {
    "objectGuid" : "4hgCDeuKmAMc3go6UXrXM9",
    "objectName" : "mct_GetWorkOrderStatus_new_test",
    "objectType" : "MTT",
    "path" : "/Explore/Sukhman_Project",
    "metadata" : {
      "modelVersion" : {
        "major" : 0,
        "minor" : 0
      },
      "repoInfo" : {
        "repoHandle" : "01002K0Z000000000002"
      },
      "objectRefs" : [ "dkosBpL944ikT6hf0KPwkE", "6kuYJOQ7tyxkCgEfzywYUK", "07owhYvwn4tk2nDuiqTPER" ],
      "contextAttributes" : [ {
        "name" : "id",
        "value" : "@1"
      } ],
      "additionalInfo" : {
        "description" : "",
        "contentType" : "JSON",
        "documentState" : "VALID"
      }
    }
  }, {
    "objectGuid" : "70nCTgFdkedcJzLtrMvz0Q",
    "objectName" : "m_GetWorkOrderStatus_new_sfdc",
    "objectType" : "DTEMPLATE",
    "path" : "/Explore/Sukhman_Project",
    "metadata" : {
      "modelVersion" : {
        "major" : 0,
        "minor" : 0
      },
      "repoInfo" : {
        "repoHandle" : "01002K17000000000008"
      },
      "objectRefs" : [ "24ukUf5Bxkudwu5ywzoyeY", "2yVTC071gSvhLoQgTromKf", "27CqD4aDGDxde6j6WS0ec7" ],
      "contextAttributes" : [ {
        "name" : "id",
        "value" : "@1"
      } ],
      "additionalInfo" : {
        "description" : "",
        "contentType" : "JSON",
        "documentState" : "VALID"
      }
    }
  }, {
    "objectGuid" : "1G2fTKGHB7ZknMZnTWFLEJ",
    "objectName" : "test-sfdc",
    "objectType" : "Connection",
    "path" : "/SYS",
    "metadata" : {
      "modelVersion" : {
        "major" : 0,
        "minor" : 0
      },
      "repoInfo" : {
        "repoHandle" : "01002K0B000000000004"
      },
      "objectRefs" : [ "dkosBpL944ikT6hf0KPwkE" ],
      "contextAttributes" : [ {
        "name" : "id",
        "value" : "@1"
      } ],
      "additionalInfo" : {
        "description" : null,
        "contentType" : "JSON",
        "documentState" : "COMPLETE"
      }
    }
  }, {
    "objectGuid" : "cM8psvb5AOddkV3h73zY8l",
    "objectName" : "mct_Coupa_FileUpload_Dyn-new",
    "objectType" : "MTT",
    "path" : "/Explore/Sukhman_Project",
    "metadata" : {
      "modelVersion" : {
        "major" : 0,
        "minor" : 0
      },
      "repoInfo" : {
        "repoHandle" : "01002K0Z00000000002K"
      },
      "objectRefs" : [ "6M5n4Cs9ozgkBhT5F1cwQw", "0P164zEfhbZfhdhHNZ8TgY", "dkosBpL944ikT6hf0KPwkE", "jwWs4hdtuETdFFwV4tTaU5", "5qPcylHSsDogWqwBW2wXYu" ],
      "contextAttributes" : [ {
        "name" : "id",
        "value" : "@1"
      } ],
      "additionalInfo" : {
        "description" : "",
        "contentType" : "JSON",
        "documentState" : "VALID"
      }
    }
  }, {
    "objectGuid" : "gngML7ytpoBhEVh1K7DqYJ",
    "objectName" : "DSS_1",
    "objectType" : "DSS",
    "path" : "/Explore/Krishna_Project/Krishna_Folder",
    "metadata" : {
      "modelVersion" : {
        "major" : 0,
        "minor" : 0
      },
      "repoInfo" : {
        "repoHandle" : "01002K0I000000000002"
      },
      "objectRefs" : [ "6M5n4Cs9ozgkBhT5F1cwQw" ],
      "contextAttributes" : [ {
        "name" : "id",
        "value" : "@1"
      } ],
      "additionalInfo" : {
        "description" : "",
        "contentType" : "JSON",
        "documentState" : "VALID"
      }
    }
  }, {
    "objectGuid" : "6Zw9v0tB022hRTZ5w6YbaQ",
    "objectName" : "m_Shaw_demo_new",
    "objectType" : "DTEMPLATE",
    "path" : "/Explore/Sukhman_Project",
    "metadata" : {
      "modelVersion" : {
        "major" : 0,
        "minor" : 0
      },
      "repoInfo" : {
        "repoHandle" : "01002K1700000000002O"
      },
      "objectRefs" : [ "5RREzGaEN0GdxywBqJbHuT" ],
      "contextAttributes" : [ {
        "name" : "id",
        "value" : "@1"
      } ],
      "additionalInfo" : {
        "description" : "",
        "contentType" : "JSON",
        "documentState" : "VALID"
      }
    }
  }, {
    "objectGuid" : "6M5n4Cs9ozgkBhT5F1cwQw",
    "objectName" : "ff_local",
    "objectType" : "Connection",
    "path" : "/SYS",
    "metadata" : {
      "modelVersion" : {
        "major" : 0,
        "minor" : 0
      },
      "repoInfo" : {
        "repoHandle" : "01002K0B000000000002"
      },
      "objectRefs" : [ "dkosBpL944ikT6hf0KPwkE" ],
      "contextAttributes" : [ {
        "name" : "id",
        "value" : "@1"
      } ],
      "additionalInfo" : {
        "description" : null,
        "contentType" : "JSON",
        "documentState" : "COMPLETE"
      }
    }
  }, {
    "objectGuid" : "5ZlCOI0766hbvd7i1mxpiu",
    "objectName" : "TestSchedule1",
    "objectType" : "DSS",
    "path" : "/Explore/Sukhman_Project",
    "metadata" : {
      "modelVersion" : {
        "major" : 0,
        "minor" : 0
      },
      "repoInfo" : {
        "repoHandle" : "01002K0I000000000007"
      },
      "objectRefs" : [ "6M5n4Cs9ozgkBhT5F1cwQw" ],
      "contextAttributes" : [ {
        "name" : "id",
        "value" : "@1"
      } ],
      "additionalInfo" : {
        "description" : "",
        "contentType" : "JSON",
        "documentState" : "VALID"
      }
    }
  }, {
    "objectGuid" : "lozIfwE2miIf6N5ckuDaej",
    "objectName" : "LocalFiles",
    "objectType" : "AI_CONNECTION",
    "path" : "/Explore/Sukhman_Project",
    "metadata" : {
      "modelVersion" : {
        "major" : 1,
        "minor" : 0
      },
      "repoInfo" : {
        "repoHandle" : "fOC2XZPnE29Em2k-gt-36594-2018-11-28T15:23:19.081Z::conn.xml"
      },
      "objectRefs" : [ ],
      "contextAttributes" : null,
      "additionalInfo" : {
        "description" : "",
        "contentType" : "application/json; charset=utf-8",
        "documentState" : "VALID"
      }
    }
  }, {
    "objectGuid" : "jjhTGfmU4A8iOsXuehfK6I",
    "objectName" : "Replication Task1",
    "objectType" : "DRS",
    "path" : "/Explore/Sukhman_Project",
    "metadata" : {
      "modelVersion" : {
        "major" : 0,
        "minor" : 0
      },
      "repoInfo" : {
        "repoHandle" : "01002K0G000000000002"
      },
      "objectRefs" : [ "6M5n4Cs9ozgkBhT5F1cwQw", "1G2fTKGHB7ZknMZnTWFLEJ" ],
      "contextAttributes" : [ {
        "name" : "id",
        "value" : "@1"
      } ],
      "additionalInfo" : {
        "description" : null,
        "contentType" : "JSON",
        "documentState" : "VALID"
      }
    }
  }, {
    "objectGuid" : "6BYEdnHLRlUgyuzmxAB9Wy",
    "objectName" : "IntegrationDB",
    "objectType" : "Connection",
    "path" : "/SYS",
    "metadata" : {
      "modelVersion" : {
        "major" : 0,
        "minor" : 0
      },
      "repoInfo" : {
        "repoHandle" : "01002K0B000000000006"
      },
      "objectRefs" : [ "dkosBpL944ikT6hf0KPwkE" ],
      "contextAttributes" : [ {
        "name" : "id",
        "value" : "@1"
      } ],
      "additionalInfo" : {
        "description" : "Connection to Oracle database ITGd.",
        "contentType" : "JSON",
        "documentState" : "COMPLETE"
      }
    }
  }, {
    "objectGuid" : "enGXkFFBGYDd9dxNQCS9YC",
    "objectName" : "mct_test_file_new",
    "objectType" : "MTT",
    "path" : "/Explore/Sukhman_Project",
    "metadata" : {
      "modelVersion" : {
        "major" : 0,
        "minor" : 0
      },
      "repoInfo" : {
        "repoHandle" : "01002K0Z00000000002L"
      },
      "objectRefs" : [ "6M5n4Cs9ozgkBhT5F1cwQw", "0P164zEfhbZfhdhHNZ8TgY", "dkosBpL944ikT6hf0KPwkE", "jwWs4hdtuETdFFwV4tTaU5", "5qPcylHSsDogWqwBW2wXYu" ],
      "contextAttributes" : [ {
        "name" : "id",
        "value" : "@1"
      } ],
      "additionalInfo" : {
        "description" : "",
        "contentType" : "JSON",
        "documentState" : "VALID"
      }
    }
  }, {
    "objectGuid" : "6kuYJOQ7tyxkCgEfzywYUK",
    "objectName" : "SNA-CONS2",
    "objectType" : "Connection",
    "path" : "/SYS",
    "metadata" : {
      "modelVersion" : {
        "major" : 0,
        "minor" : 0
      },
      "repoInfo" : {
        "repoHandle" : "01002K0B000000000008"
      },
      "objectRefs" : [ "dkosBpL944ikT6hf0KPwkE" ],
      "contextAttributes" : [ {
        "name" : "id",
        "value" : "@1"
      } ],
      "additionalInfo" : {
        "description" : null,
        "contentType" : "JSON",
        "documentState" : "COMPLETE"
      }
    }
  }, {
    "objectGuid" : "ihPkM2S2UEihf8xogqru8m",
    "objectName" : "mct_paramTest",
    "objectType" : "MTT",
    "path" : "/Explore/Sukhman_Project",
    "metadata" : {
      "modelVersion" : {
        "major" : 0,
        "minor" : 0
      },
      "repoInfo" : {
        "repoHandle" : "01002K0Z000000000009"
      },
      "objectRefs" : [ "6M5n4Cs9ozgkBhT5F1cwQw", "1G2fTKGHB7ZknMZnTWFLEJ", "dkosBpL944ikT6hf0KPwkE", "4Cz2xHoIq8LfFi5f2BfFOW" ],
      "contextAttributes" : [ {
        "name" : "id",
        "value" : "@1"
      } ],
      "additionalInfo" : {
        "description" : "",
        "contentType" : "JSON",
        "documentState" : "VALID"
      }
    }
  }, {
    "objectGuid" : "29CPnz2JsoHchAXNt3CdWc",
    "objectName" : "bs_nutanix",
    "objectType" : "BSERVICE",
    "path" : "/Explore/Sukhman_Project",
    "metadata" : {
      "modelVersion" : {
        "major" : 0,
        "minor" : 0
      },
      "repoInfo" : {
        "repoHandle" : "01002K27000000000005"
      },
      "objectRefs" : [ "gMUE0dGem0Vk84wwjCLhep" ],
      "contextAttributes" : [ {
        "name" : "id",
        "value" : "@1"
      }, {
        "name" : "01002K28000000000006",
        "value" : "29CPnz2JsoHchAXNt3CdWc@Execute_Report"
      } ],
      "additionalInfo" : {
        "description" : "Most recent",
        "contentType" : "JSON",
        "documentState" : "VALID"
      }
    }
  }, {
    "objectGuid" : "1B97DJOGMtMiPAzPuc8ZS1",
    "objectName" : "TestSchedule2",
    "objectType" : "MTT",
    "path" : "/Explore/Sukhman_Project",
    "metadata" : {
      "modelVersion" : {
        "major" : 0,
        "minor" : 0
      },
      "repoInfo" : {
        "repoHandle" : "01002K0Z00000000000N"
      },
      "objectRefs" : [ "6M5n4Cs9ozgkBhT5F1cwQw", "dkosBpL944ikT6hf0KPwkE", "9RHzERHY0CTdS48IjZtCOP" ],
      "contextAttributes" : [ {
        "name" : "id",
        "value" : "@1"
      } ],
      "additionalInfo" : {
        "description" : "",
        "contentType" : "JSON",
        "documentState" : "VALID"
      }
    }
  }, {
    "objectGuid" : "bZ8mX2lUTijl5x5kH3sSSu",
    "objectName" : "m_FinancialForce_ES_AttachRate",
    "objectType" : "DTEMPLATE",
    "path" : "/Explore/Sukhman_Project",
    "metadata" : {
      "modelVersion" : {
        "major" : 0,
        "minor" : 0
      },
      "repoInfo" : {
        "repoHandle" : "01002K17000000000015"
      },
      "objectRefs" : [ "6M5n4Cs9ozgkBhT5F1cwQw" ],
      "contextAttributes" : [ {
        "name" : "id",
        "value" : "@1"
      } ],
      "additionalInfo" : {
        "description" : "",
        "contentType" : "JSON",
        "documentState" : "VALID"
      }
    }
  }, {
    "objectGuid" : "41Pyh27USQDbwAqTj89nwp",
    "objectName" : "m_Workday_Load",
    "objectType" : "DTEMPLATE",
    "path" : "/Explore/Sukhman_Project",
    "metadata" : {
      "modelVersion" : {
        "major" : 0,
        "minor" : 0
      },
      "repoInfo" : {
        "repoHandle" : "01002K1700000000000U"
      },
      "objectRefs" : [ "6M5n4Cs9ozgkBhT5F1cwQw", "29CPnz2JsoHchAXNt3CdWc" ],
      "contextAttributes" : [ {
        "name" : "id",
        "value" : "@1"
      } ],
      "additionalInfo" : {
        "description" : "",
        "contentType" : "JSON",
        "documentState" : "VALID"
      }
    }
  }, {
    "objectGuid" : "hT7YahPVOWOjXO73aIIsu0",
    "objectName" : "OBMLeadSyncConvert",
    "objectType" : "PROCESS",
    "path" : "/Explore/Sukhman_Project",
    "metadata" : {
      "modelVersion" : {
        "major" : 1,
        "minor" : 0
      },
      "repoInfo" : {
        "repoHandle" : "5kchzt1Y6tMFygl-gt-169138-2018-11-19T17:05:16.906Z::pd.xml"
      },
      "objectRefs" : [ ],
      "contextAttributes" : null,
      "additionalInfo" : {
        "description" : "Synchronizes updates to Lead records with LEAD_DATA DB table.  Will also execute the ConvertLead action on Lead records that have \"Ready to Convert\" = TRUE.",
        "contentType" : "Binary",
        "documentState" : "VALID"
      }
    }
  }, {
    "objectGuid" : "aEnwgBugTEskMuSveqDfWW",
    "objectName" : "COH_XML_Parser",
    "objectType" : "PROCESS",
    "path" : "/Explore/Sukhman_Project",
    "metadata" : {
      "modelVersion" : {
        "major" : 1,
        "minor" : 0
      },
      "repoInfo" : {
        "repoHandle" : "vFpGY2KsJlv58pI-gt-2134703-2018-10-30T16:35:38.339Z::pd.xml"
      },
      "objectRefs" : [ "6Yxt8Wr8jIIjL1LQWhwyyu" ],
      "contextAttributes" : null,
      "additionalInfo" : {
        "description" : "",
        "contentType" : "application/json; charset=utf-8",
        "documentState" : "VALID"
      }
    }
  }, {
    "objectGuid" : "9Pf3Pvfr8qEi0goFIq7x8X",
    "objectName" : "m_Coupa_FileUpload_Dyn",
    "objectType" : "DTEMPLATE",
    "path" : "/Explore/Sukhman_Project",
    "metadata" : {
      "modelVersion" : {
        "major" : 0,
        "minor" : 0
      },
      "repoInfo" : {
        "repoHandle" : "01002K1700000000002B"
      },
      "objectRefs" : [ "6M5n4Cs9ozgkBhT5F1cwQw", "jwWs4hdtuETdFFwV4tTaU5" ],
      "contextAttributes" : [ {
        "name" : "id",
        "value" : "@1"
      } ],
      "additionalInfo" : {
        "description" : "",
        "contentType" : "JSON",
        "documentState" : "VALID"
      }
    }
  }, {
    "objectGuid" : "9avxRPOEV4jlmFlf6Ov76F",
    "objectName" : "m_Workday_country",
    "objectType" : "DTEMPLATE",
    "path" : "/Explore/Sukhman_Project",
    "metadata" : {
      "modelVersion" : {
        "major" : 0,
        "minor" : 0
      },
      "repoInfo" : {
        "repoHandle" : "01002K1700000000000V"
      },
      "objectRefs" : [ "6M5n4Cs9ozgkBhT5F1cwQw", "29CPnz2JsoHchAXNt3CdWc" ],
      "contextAttributes" : [ {
        "name" : "id",
        "value" : "@1"
      } ],
      "additionalInfo" : {
        "description" : "",
        "contentType" : "JSON",
        "documentState" : "VALID"
      }
    }
  }, {
    "objectGuid" : "6YIQOPRzT6XlJYtK2rALkU",
    "objectName" : "Orcl_Lookup_sql_override",
    "objectType" : "DTEMPLATE",
    "path" : "/Explore/Sukhman_Project/GreenDot",
    "metadata" : {
      "modelVersion" : {
        "major" : 0,
        "minor" : 0
      },
      "repoInfo" : {
        "repoHandle" : "01002K1700000000000K"
      },
      "objectRefs" : [ "6M5n4Cs9ozgkBhT5F1cwQw", "5RREzGaEN0GdxywBqJbHuT" ],
      "contextAttributes" : [ {
        "name" : "id",
        "value" : "@1"
      } ],
      "additionalInfo" : {
        "description" : "",
        "contentType" : "JSON",
        "documentState" : "VALID"
      }
    }
  }, {
    "objectGuid" : "7IjmGC7P07slE1iIxt5ZoX",
    "objectName" : "bs_ucsd_kafka",
    "objectType" : "BSERVICE",
    "path" : "/Explore/Sukhman_Project/Kafka",
    "metadata" : {
      "modelVersion" : {
        "major" : 0,
        "minor" : 0
      },
      "repoInfo" : {
        "repoHandle" : "01002K27000000000008"
      },
      "objectRefs" : [ "bFDkFgy2JiPiIgXlKMHaWe" ],
      "contextAttributes" : [ {
        "name" : "id",
        "value" : "@1"
      }, {
        "name" : "01002K2800000000000A",
        "value" : "7IjmGC7P07slE1iIxt5ZoX@WriteToTopic"
      } ],
      "additionalInfo" : {
        "description" : "",
        "contentType" : null,
        "documentState" : "VALID"
      }
    }
  }, {
    "objectGuid" : "6uOy6NBwH1vjayxq6KYbWw",
    "objectName" : "ICS_Taskflows",
    "objectType" : "Folder",
    "path" : "/Explore/Sukhman_Project",
    "metadata" : {
      "modelVersion" : {
        "major" : 0,
        "minor" : 0
      },
      "repoInfo" : null,
      "objectRefs" : [ ],
      "contextAttributes" : [ ],
      "additionalInfo" : {
        "description" : "",
        "contentType" : "Binary",
        "documentState" : "COMPLETE"
      }
    }
  }, {
    "objectGuid" : "4bqGZu8GvcNgnUcPLtHiU0",
    "objectName" : "mct_workday_country",
    "objectType" : "MTT",
    "path" : "/Explore/Sukhman_Project",
    "metadata" : {
      "modelVersion" : {
        "major" : 0,
        "minor" : 0
      },
      "repoInfo" : {
        "repoHandle" : "01002K0Z00000000000Z"
      },
      "objectRefs" : [ "6M5n4Cs9ozgkBhT5F1cwQw", "9avxRPOEV4jlmFlf6Ov76F", "dkosBpL944ikT6hf0KPwkE", "29CPnz2JsoHchAXNt3CdWc" ],
      "contextAttributes" : [ {
        "name" : "id",
        "value" : "@1"
      } ],
      "additionalInfo" : {
        "description" : "",
        "contentType" : "JSON",
        "documentState" : "VALID"
      }
    }
  }, {
    "objectGuid" : "gMUE0dGem0Vk84wwjCLhep",
    "objectName" : "workday_nutanix",
    "objectType" : "Connection",
    "path" : "/SYS",
    "metadata" : {
      "modelVersion" : {
        "major" : 0,
        "minor" : 0
      },
      "repoInfo" : {
        "repoHandle" : "01002K0B00000000000D"
      },
      "objectRefs" : [ "dkosBpL944ikT6hf0KPwkE" ],
      "contextAttributes" : [ {
        "name" : "id",
        "value" : "@1"
      } ],
      "additionalInfo" : {
        "description" : null,
        "contentType" : "JSON",
        "documentState" : "COMPLETE"
      }
    }
  }, {
    "objectGuid" : "bFDkFgy2JiPiIgXlKMHaWe",
    "objectName" : "uscd_kafka_rest",
    "objectType" : "Connection",
    "path" : "/SYS",
    "metadata" : {
      "modelVersion" : {
        "major" : 0,
        "minor" : 0
      },
      "repoInfo" : {
        "repoHandle" : "01002K0B00000000000F"
      },
      "objectRefs" : [ "dkosBpL944ikT6hf0KPwkE" ],
      "contextAttributes" : [ {
        "name" : "id",
        "value" : "@1"
      } ],
      "additionalInfo" : {
        "description" : null,
        "contentType" : "JSON",
        "documentState" : "COMPLETE"
      }
    }
  }, {
    "objectGuid" : "8DtdVzILDi4d77DXSj7V4q",
    "objectName" : "FileWriter",
    "objectType" : "PROCESS",
    "path" : "/Explore/Sukhman_Project",
    "metadata" : {
      "modelVersion" : {
        "major" : 1,
        "minor" : 0
      },
      "repoInfo" : {
        "repoHandle" : "T53nQciSrZMSPfX-gt-15400-2018-11-28T15:25:35.734Z::pd.xml"
      },
      "objectRefs" : [ "lozIfwE2miIf6N5ckuDaej" ],
      "contextAttributes" : null,
      "additionalInfo" : {
        "description" : "",
        "contentType" : "application/json; charset=utf-8",
        "documentState" : "VALID"
      }
    }
  }, {
    "objectGuid" : "0wMdYQX3WQjjErcFl6FXU3",
    "objectName" : "Krishna_Folder",
    "objectType" : "Folder",
    "path" : "/Explore/Krishna_Project",
    "metadata" : {
      "modelVersion" : {
        "major" : 0,
        "minor" : 0
      },
      "repoInfo" : null,
      "objectRefs" : [ ],
      "contextAttributes" : [ ],
      "additionalInfo" : {
        "description" : "Krishna Gorrepati's Folder",
        "contentType" : "Binary",
        "documentState" : "COMPLETE"
      }
    }
  }, {
    "objectGuid" : "jV5vKlyGjkWdu4CepAiMMb",
    "objectName" : "m_java_demo",
    "objectType" : "DTEMPLATE",
    "path" : "/Explore/Sukhman_Project",
    "metadata" : {
      "modelVersion" : {
        "major" : 0,
        "minor" : 0
      },
      "repoInfo" : {
        "repoHandle" : "01002K17000000000011"
      },
      "objectRefs" : [ "6M5n4Cs9ozgkBhT5F1cwQw" ],
      "contextAttributes" : [ {
        "name" : "id",
        "value" : "@1"
      } ],
      "additionalInfo" : {
        "description" : "",
        "contentType" : "JSON",
        "documentState" : "INVALID"
      }
    }
  }, {
    "objectGuid" : "7eSiXp60iSAfPpjUWX1CaF",
    "objectName" : "connOracle-new",
    "objectType" : "AI_CONNECTION",
    "path" : "/Explore/Sukhman_Project",
    "metadata" : {
      "modelVersion" : {
        "major" : 1,
        "minor" : 0
      },
      "repoInfo" : {
        "repoHandle" : "clS3wOLIFvukNXH-gt-2559566-2019-02-13T15:39:04.304Z::conn.xml"
      },
      "objectRefs" : [ ],
      "contextAttributes" : null,
      "additionalInfo" : {
        "description" : "",
        "contentType" : "application/json; charset=utf-8",
        "documentState" : "VALID"
      }
    }
  }, {
    "objectGuid" : "4Cz2xHoIq8LfFi5f2BfFOW",
    "objectName" : "ParamTest",
    "objectType" : "DTEMPLATE",
    "path" : "/Explore/Sukhman_Project",
    "metadata" : {
      "modelVersion" : {
        "major" : 0,
        "minor" : 0
      },
      "repoInfo" : {
        "repoHandle" : "01002K1700000000000A"
      },
      "objectRefs" : [ "6M5n4Cs9ozgkBhT5F1cwQw", "1G2fTKGHB7ZknMZnTWFLEJ" ],
      "contextAttributes" : [ {
        "name" : "id",
        "value" : "@1"
      } ],
      "additionalInfo" : {
        "description" : "",
        "contentType" : "JSON",
        "documentState" : "VALID"
      }
    }
  } ]
}