{"EntryId":{"$t":"GXShOeCFk4AdypK-gt-276993-2018-10-11T20:30:52.527Z::pd.xml"},"Name":{"$t":"Dummy_Process"},"MimeType":{"$t":"application\/xml+process"},"Description":{},"AppliesTo":{},"Tags":{},"VersionLabel":{"$t":"1.0"},"State":{"$t":"CURRENT"},"ProcessGroup":{},"CreatedBy":{"$t":"gstasko@svccon.com"},"CreationDate":{"$t":"2018-10-11T20:30:53Z"},"ModifiedBy":{},"PublicationStatus":{"$t":"unpublished"},"AutosaveExists":{"$t":"false"},"Entry":{"process":{"displayName":"Dummy Process","name":"Dummy_Process","xmlns":"http:\/\/schemas.active-endpoints.com\/appmodules\/screenflow\/2010\/10\/avosScreenflow.xsd","xmlns$aetgt":"http:\/\/schemas.active-endpoints.com\/appmodules\/repository\/2010\/10\/avrepository.xsd","xmlns$list":"urn:activevos:spi:list:functions","appliesTo":{},"description":{},"tags":{},"generator":{"$t":"Informatica Process Designer 9"},"notes":{},"deployment":{"suspendOnFault":"false","tracingLevel":"none","rest":{}},"flow":{"id":"a","start":{"id":"b","link":{"id":"link1","targetId":"c"}},"end":{"id":"c"}}}},"GUID":{"$t":"4MZeIa1Rrk5eR2Prcw0M4L"},"DisplayName":{"$t":"Dummy Process"}}