<aetgt:getResponse xmlns:aetgt="http://schemas.active-endpoints.com/appmodules/repository/2010/10/avrepository.xsd"
                   xmlns:types1="http://schemas.active-endpoints.com/appmodules/repository/2010/10/avrepository.xsd">
   <types1:Item>
      <types1:EntryId>wvwNXHVOJ2oTVMT-gt-440219-2018-10-30T17:48:51.365Z::po.xml</types1:EntryId>
      <types1:Name>candidate</types1:Name>
      <types1:ParentFlowIds>vFpGY2KsJlv58pI-gt-2134703-2018-10-30T16:35:38.339Z::pd.xml</types1:ParentFlowIds>
      <types1:MimeType>application/xml+processobject</types1:MimeType>
      <types1:Description/>
      <types1:AppliesTo/>
      <types1:Tags/>
      <types1:VersionLabel>1.0</types1:VersionLabel>
      <types1:State>CURRENT</types1:State>
      <types1:ProcessGroup/>
      <types1:CreatedBy>smanes@informatica.com.demo.ga</types1:CreatedBy>
      <types1:CreationDate>2018-10-30T17:48:51Z</types1:CreationDate>
      <types1:ModifiedBy/>
      <types1:PublicationStatus>unpublished</types1:PublicationStatus>
      <types1:AutosaveExists>false</types1:AutosaveExists>
      <types1:Entry>
         <processObject xmlns="http://schemas.active-endpoints.com/appmodules/screenflow/2011/06/avosHostEnvironment.xsd"
                        displayName="candidate"
                        isByCopy="true"
                        name="candidate">
            <description/>
            <tags/>
            <detail>
               <field label="firstname" name="firstname" type="string"/>
               <field label="middlename" name="middlename" type="string"/>
            </detail>
         </processObject>
      </types1:Entry>
      <types1:GUID>6Yxt8Wr8jIIjL1LQWhwyyu</types1:GUID>
      <types1:DisplayName>candidate</types1:DisplayName>
   </types1:Item>
   <types1:CurrentServerDateTime>2019-03-01T16:53:35.111Z</types1:CurrentServerDateTime>
</aetgt:getResponse>
