<aetgt:getResponse xmlns:aetgt="http://schemas.active-endpoints.com/appmodules/repository/2010/10/avrepository.xsd"
                   xmlns:types1="http://schemas.active-endpoints.com/appmodules/repository/2010/10/avrepository.xsd">
   <types1:Item>
      <types1:EntryId>wVMZlNaaabdvhxi-gt-34889-2018-07-16T21:24:49.357Z::pd.xml</types1:EntryId>
      <types1:Name>E2TProcess</types1:Name>
      <types1:MimeType>application/xml+process</types1:MimeType>
      <types1:Description/>
      <types1:AppliesTo/>
      <types1:Tags>.anonymous</types1:Tags>
      <types1:VersionLabel>1.0</types1:VersionLabel>
      <types1:State>CURRENT</types1:State>
      <types1:ProcessGroup/>
      <types1:CreatedBy>smanes@informatica.com.demo.ga</types1:CreatedBy>
      <types1:CreationDate>2018-07-16T21:24:49Z</types1:CreationDate>
      <types1:ModifiedBy>smanes@informatica.com.demo.ga</types1:ModifiedBy>
      <types1:ModificationDate>2019-03-01T16:48:41Z</types1:ModificationDate>
      <types1:PublicationStatus>unpublished</types1:PublicationStatus>
      <types1:AutosaveExists>false</types1:AutosaveExists>
      <types1:Entry>
         <process xmlns="http://schemas.active-endpoints.com/appmodules/screenflow/2010/10/avosScreenflow.xsd"
                  xmlns:list="urn:activevos:spi:list:functions"
                  displayName="E2TProcess"
                  name="E2TProcess">
            <appliesTo/>
            <description/>
            <tags>.anonymous</tags>
            <generator>Informatica Process Designer 9</generator>
            <notes/>
            <deployment suspendOnFault="false" tracingLevel="none">
               <rest>
                  <allowAnonymousAccess/>
               </rest>
            </deployment>
            <flow id="a">
               <start id="b">
                  <link id="jjos0uo3" targetId="jjos0uo2"/>
               </start>
               <service id="jjos0uo2">
                  <title>GetToken</title>
                  <serviceName>value-not-set</serviceName>
                  <serviceGUID/>
                  <serviceInput/>
                  <link id="jjos0uo4" targetId="c"/>
               </service>
               <end id="c"/>
            </flow>
         </process>
      </types1:Entry>
      <types1:GUID>7ZSyV8NmqcNjkDMcqfVZgX</types1:GUID>
      <types1:DisplayName>E2TProcess</types1:DisplayName>
   </types1:Item>
   <types1:CurrentServerDateTime>2019-03-01T16:53:35.092Z</types1:CurrentServerDateTime>
</aetgt:getResponse>
