<aetgt:getResponse xmlns:aetgt="http://schemas.active-endpoints.com/appmodules/repository/2010/10/avrepository.xsd"
                   xmlns:types1="http://schemas.active-endpoints.com/appmodules/repository/2010/10/avrepository.xsd">
   <types1:Item>
      <types1:EntryId>769eE1KoJBUhtyc-gt-2506950-2019-02-14T21:32:26.948Z::svc.xml</types1:EntryId>
      <types1:Name>ICS_Rest_API_Final</types1:Name>
      <types1:MimeType>application/xml+businesssconnector</types1:MimeType>
      <types1:Description/>
      <types1:AppliesTo/>
      <types1:Tags>ParallerFileProcessing</types1:Tags>
      <types1:VersionLabel>1.0</types1:VersionLabel>
      <types1:State>CURRENT</types1:State>
      <types1:ProcessGroup/>
      <types1:CreatedBy>smanes@informatica.com.demo.ga</types1:CreatedBy>
      <types1:CreationDate>2019-02-14T21:32:27Z</types1:CreationDate>
      <types1:ModifiedBy/>
      <types1:PublicationStatus>unpublished</types1:PublicationStatus>
      <types1:AutosaveExists>false</types1:AutosaveExists>
      <types1:Entry>
         <businessConnector xmlns="http://schemas.informatica.com/socrates/data-services/2014/05/business-connector-model.xsd"
                            agentOnly="false"
                            debug="false"
                            label=""
                            name="ICS_Rest_API_Final"
                            uuid="76a7e691-f362-446c-8e49-12c793fe4c2b">
            <description/>
            <tags>ParallerFileProcessing</tags>
            <connectionAttributes xmlns="http://schemas.informatica.com/appmodules/screenflow/2014/04/avosConnectors.xsd"/>
            <actions>
               <action category=""
                       failOnError="true"
                       forSearch="false"
                       isAbstract="true"
                       label="base"
                       name="base">
                  <description/>
                  <input/>
                  <binding>
                     <restSimpleBinding multiUsing="semicolonSeparated"
                                        url="https://app.informaticaondemand.com/ma/api/v2"
                                        verb="POST">
                        <body generateUsing="JSON"/>
                     </restSimpleBinding>
                  </binding>
                  <output>
                     <field description="" name="orgId" property="orgId" type="string"/>
                     <field description=""
                            name="icSessionId"
                            property="icSessionId"
                            type="string"/>
                  </output>
               </action>
               <action category=""
                       failOnError="true"
                       forSearch="false"
                       inherits="base"
                       label="login"
                       name="login">
                  <description/>
                  <inheritanceMetadata>
                     <section type="output">
                        <section type="outputFields">
                           <attribute name="orgId" type="field"/>
                           <attribute name="icSessionId" type="field"/>
                        </section>
                     </section>
                     <section type="restSimpleBinding">
                        <attribute inherit="extend" name="url" type="url"/>
                        <section type="httpHeaders"/>
                        <section type="otherParams"/>
                     </section>
                  </inheritanceMetadata>
                  <input>
                     <parameter label="type"
                                name="@type"
                                required="false"
                                testWith="login"
                                type="string"/>
                     <parameter label="username"
                                name="username"
                                required="false"
                                testWith="smanes@informatica.com"
                                type="string"/>
                     <parameter label="password"
                                name="password"
                                required="false"
                                testWith="Sukhkamal114#"
                                type="string"/>
                  </input>
                  <binding>
                     <restSimpleBinding url="/user/login" verb="POST">
                        <body generateUsing="JSON"/>
                     </restSimpleBinding>
                  </binding>
                  <output>
                     <field description=""
                            name="serverUrl"
                            property="serverUrl"
                            type="string"/>
                  </output>
               </action>
               <action category=""
                       failOnError="true"
                       forSearch="false"
                       label="GetMTTask"
                       name="GetMTTask">
                  <description/>
                  <input>
                     <parameter label="mttaskID"
                                name="mttaskID"
                                required="false"
                                testWith="001AGO0Z000000000015"
                                type="string"/>
                     <parameter label="serverURL"
                                name="serverURL"
                                required="false"
                                testWith="https://app2.informaticacloud.com/saas"
                                type="string"/>
                     <parameter label="icSessionId"
                                name="icSessionId"
                                required="false"
                                testWith="vhU40XfgKVcpNJ5V"
                                type="string"/>
                  </input>
                  <binding>
                     <restSimpleBinding multiUsing="semicolonSeparated"
                                        url="{$serverURL}/api/v2/mttask/{$mttaskID}"
                                        verb="GET">
                        <httpHeaders>
                           <header name="Content-Type">application/xml</header>
                           <header name="Accept">application/xml</header>
                           <header name="icSessionId">{$icSessionId}</header>
                        </httpHeaders>
                     </restSimpleBinding>
                  </binding>
                  <output>
                     <field description="" name="name" property="name" type="string"/>
                  </output>
               </action>
               <action category=""
                       failOnError="true"
                       forSearch="false"
                       label="UpdateMTTask"
                       name="UpdateMTTask">
                  <description/>
                  <input>
                     <parameter label="LeadId"
                                name="LeadId"
                                required="false"
                                testWith="00Q28000001IeT3"
                                type="string"/>
                     <parameter label="mttaskID"
                                name="mttaskID"
                                required="false"
                                testWith="0011L10Z00000000001W"
                                type="string"/>
                     <parameter label="icSessionId"
                                name="icSessionId"
                                required="false"
                                testWith="4YmApgMQXv6y2d9h"
                                type="string"/>
                     <parameter label="serverURL"
                                name="serverURL"
                                required="false"
                                testWith="https://app2.informaticacloud.com/saas"
                                type="string"/>
                  </input>
                  <binding>
                     <restSimpleBinding multiUsing="semicolonSeparated"
                                        url="{$serverURL}/api/v2/mttask/{$mttaskID}"
                                        verb="POST">
                        <httpHeaders>
                           <header name="Content-Type">application/xml</header>
                           <header name="Accept">application/xml</header>
                           <header name="icSessionId">{$icSessionId}</header>
                        </httpHeaders>
                        <body>&lt;mtTask&gt;
           &lt;orgId&gt;0011L1&lt;/orgId&gt;
         &lt;name&gt;mct_orchestration&lt;/name&gt;
         &lt;parameters&gt;
            &lt;parameter&gt;
               &lt;id&gt;21892724&lt;/id&gt;
               &lt;name&gt;$src_DB$&lt;/name&gt;
               &lt;type&gt;SOURCE&lt;/type&gt;
               &lt;label&gt;src_DB&lt;/label&gt;
               &lt;sourceConnectionId&gt;0011L10B00000000000G&lt;/sourceConnectionId&gt;
               &lt;sourceObject&gt;DUMMY_src_DB&lt;/sourceObject&gt;
               &lt;newFlatFile&gt;false&lt;/newFlatFile&gt;
               &lt;newObject&gt;false&lt;/newObject&gt;
               &lt;showBusinessNames&gt;false&lt;/showBusinessNames&gt;
               &lt;naturalOrder&gt;true&lt;/naturalOrder&gt;
               &lt;truncateTarget&gt;false&lt;/truncateTarget&gt;
               &lt;customFuncCfg&gt;
                  &lt;id&gt;-1&lt;/id&gt;
               &lt;/customFuncCfg&gt;
               &lt;tgtFieldRefs/&gt;
               &lt;runtimeAttrs/&gt;
               &lt;isRESTModernSource&gt;true&lt;/isRESTModernSource&gt;
               &lt;customQuery&gt;select STATE_NAME from DEMO_STATES where ST='TEST'&lt;/customQuery&gt;
            &lt;/parameter&gt;
            &lt;parameter&gt;
               &lt;id&gt;21892725&lt;/id&gt;
               &lt;name&gt;$tgt_FF$&lt;/name&gt;
               &lt;type&gt;TARGET&lt;/type&gt;
               &lt;label&gt;tgt_FF&lt;/label&gt;
               &lt;targetConnectionId&gt;0011L10B000000000003&lt;/targetConnectionId&gt;
               &lt;targetObject&gt;orchestration2.csv&lt;/targetObject&gt;
               &lt;targetObjectLabel&gt;orchestration2.csv&lt;/targetObjectLabel&gt;
               &lt;newFlatFile&gt;false&lt;/newFlatFile&gt;
               &lt;newObject&gt;true&lt;/newObject&gt;
               &lt;showBusinessNames&gt;false&lt;/showBusinessNames&gt;
               &lt;naturalOrder&gt;true&lt;/naturalOrder&gt;
               &lt;newObjectName&gt;orchestration.csv&lt;/newObjectName&gt;
               &lt;truncateTarget&gt;false&lt;/truncateTarget&gt;
               &lt;tgtFFAttrs&gt;
                  &lt;delimiter&gt;,&lt;/delimiter&gt;
                  &lt;escapeChar/&gt;
                  &lt;headerLineNo&gt;1&lt;/headerLineNo&gt;
                  &lt;id&gt;547328&lt;/id&gt;
                  &lt;textQualifier&gt;"&lt;/textQualifier&gt;
               &lt;/tgtFFAttrs&gt;
               &lt;customFuncCfg&gt;
                  &lt;id&gt;-1&lt;/id&gt;
               &lt;/customFuncCfg&gt;
               &lt;tgtFieldRefs/&gt;
               &lt;extendedObject&gt;
                  &lt;filters/&gt;
                  &lt;sortFields/&gt;
               &lt;/extendedObject&gt;
               &lt;runtimeAttrs/&gt;
               &lt;isRESTModernSource&gt;true&lt;/isRESTModernSource&gt;
            &lt;/parameter&gt;
         &lt;/parameters&gt;
  &lt;mappingId&gt;0011L11700000000001S&lt;/mappingId&gt;
      &lt;/mtTask&gt;</body>
                     </restSimpleBinding>
                  </binding>
                  <output>
                     <field description="" name="name" type="string">
                        <xquery/>
                     </field>
                  </output>
               </action>
               <action category=""
                       failOnError="true"
                       forSearch="false"
                       label="logout"
                       name="logout">
                  <description/>
                  <input>
                     <parameter label="icSessionId"
                                name="icSessionId"
                                required="false"
                                testWith="3TSZBEKycduInbRR"
                                type="string"/>
                     <parameter label="serverURL"
                                name="serverURL"
                                required="false"
                                testWith="https://app2.informaticacloud.com/saas"
                                type="string"/>
                  </input>
                  <binding>
                     <restSimpleBinding multiUsing="semicolonSeparated"
                                        url="{$serverURL}/api/v2/user/logout"
                                        verb="POST">
                        <httpHeaders>
                           <header name="Content-Type">application/json</header>
                           <header name="Accept">application/json</header>
                           <header name="icSessionId">{$icSessionId}</header>
                        </httpHeaders>
                        <body generateUsing="JSON"/>
                     </restSimpleBinding>
                  </binding>
                  <output/>
               </action>
               <action category=""
                       failOnError="true"
                       forSearch="false"
                       label="MonitorTask"
                       name="MonitorTask">
                  <description/>
                  <input>
                     <parameter label="icSessionId"
                                name="icSessionId"
                                required="false"
                                testWith="hD6QNkdMdZY6eTlW"
                                type="string"/>
                     <parameter label="serverURL"
                                name="serverURL"
                                required="false"
                                testWith="https://app2.informaticacloud.com/saas"
                                type="string"/>
                  </input>
                  <binding>
                     <restSimpleBinding multiUsing="semicolonSeparated"
                                        url="{$serverURL}/api/v2/activity/activityMonitor"
                                        verb="GET">
                        <httpHeaders>
                           <header name="Content-Type">application/xml</header>
                           <header name="Accept">application/xml</header>
                           <header name="icSessionId">{$icSessionId}</header>
                        </httpHeaders>
                     </restSimpleBinding>
                  </binding>
                  <output>
                     <field description=""
                            name="monitorResult"
                            type="reference"
                            xmlElement=".">
                        <options>
                           <option name="referenceTo">root</option>
                        </options>
                     </field>
                  </output>
               </action>
               <action category=""
                       failOnError="true"
                       forSearch="false"
                       label="RunTask"
                       name="RunTask">
                  <description/>
                  <input>
                     <parameter label="icSessionId"
                                name="icSessionId"
                                required="false"
                                testWith="4YmApgMQXv6y2d9h"
                                type="string"/>
                     <parameter label="serverURL"
                                name="serverURL"
                                required="false"
                                testWith="https://app2.informaticacloud.com/saas"
                                type="string"/>
                     <parameter label="mttaskID"
                                name="mttaskID"
                                required="false"
                                testWith="0011L10Z000000000022"
                                type="string"/>
                     <parameter label="filter"
                                name="filter"
                                required="false"
                                testWith="DEMO_STATES.ST=CA"
                                type="string"/>
                  </input>
                  <binding>
                     <restSimpleBinding multiUsing="semicolonSeparated"
                                        url="{$serverURL}/api/v2/job"
                                        verb="POST">
                        <httpHeaders>
                           <header name="Content-Type">application/xml</header>
                           <header name="Accept">application/xml</header>
                           <header name="icSessionId">{$icSessionId}</header>
                           <header name="Charset">UTF-8</header>
                        </httpHeaders>
                        <body>&lt;job xmlns:rest="http://schemas.activebpel.org/REST/2007/12/01/aeREST.xsd"&gt;
&lt;taskId&gt;{$mttaskID}&lt;/taskId&gt;
&lt;taskType&gt;MTT&lt;/taskType&gt;
&lt;filters&gt;{$filter}&lt;/filters&gt;
&lt;/job&gt;</body>
                     </restSimpleBinding>
                  </binding>
                  <output>
                     <field description=""
                            name="statusCode"
                            property="statusCode"
                            type="string"/>
                  </output>
               </action>
               <action category=""
                       failOnError="true"
                       forSearch="false"
                       label="CreateMTTTask"
                       name="CreateMTTTask">
                  <description/>
                  <input>
                     <parameter label="serverURL"
                                name="serverURL"
                                required="false"
                                testWith="https://app2.informaticacloud.com/saas"
                                type="string"/>
                     <parameter label="icSessionId"
                                name="icSessionId"
                                required="false"
                                testWith="vhU40XfgKVcpNJ5V"
                                type="string"/>
                     <parameter label="TaskName"
                                name="TaskName"
                                required="false"
                                testWith="mct_123"
                                type="string"/>
                     <parameter label="LoadId"
                                name="LoadId"
                                required="false"
                                testWith="1001"
                                type="string"/>
                     <parameter label="Country"
                                name="Country"
                                required="false"
                                testWith="CA"
                                type="string"/>
                  </input>
                  <binding>
                     <restSimpleBinding multiUsing="semicolonSeparated"
                                        url="{$serverURL}/api/v2/mttask/"
                                        verb="POST">
                        <httpHeaders>
                           <header name="Content-Type">application/xml</header>
                           <header name="Accept">application/xml</header>
                           <header name="icSessionId">{$icSessionId}</header>
                        </httpHeaders>
                        <body>&lt;mtTask&gt;
   &lt;orgId&gt;0011L1&lt;/orgId&gt;
   &lt;name&gt;{$TaskName}&lt;/name&gt;
   &lt;description/&gt;
   &lt;runtimeEnvironmentId&gt;0011L125000000000002&lt;/runtimeEnvironmentId&gt;
   &lt;parameters&gt;
      &lt;parameter&gt;
         &lt;id&gt;22234475&lt;/id&gt;
         &lt;name&gt;$src_DB$&lt;/name&gt;
         &lt;type&gt;EXTENDED_SOURCE&lt;/type&gt;
         &lt;label&gt;src_DB&lt;/label&gt;
         &lt;sourceConnectionId&gt;0011L10B00000000000G&lt;/sourceConnectionId&gt;
         &lt;newFlatFile&gt;false&lt;/newFlatFile&gt;
         &lt;newObject&gt;false&lt;/newObject&gt;
         &lt;showBusinessNames&gt;false&lt;/showBusinessNames&gt;
         &lt;naturalOrder&gt;true&lt;/naturalOrder&gt;
         &lt;truncateTarget&gt;false&lt;/truncateTarget&gt;
         &lt;customFuncCfg&gt;
            &lt;id&gt;-1&lt;/id&gt;
         &lt;/customFuncCfg&gt;
         &lt;tgtFieldRefs/&gt;
         &lt;extendedObject&gt;
            &lt;object&gt;
               &lt;name&gt;DEMO_STATES&lt;/name&gt;
               &lt;label&gt;DEMO_STATES&lt;/label&gt;
               &lt;metadataUpdated&gt;false&lt;/metadataUpdated&gt;
               &lt;relations/&gt;
               &lt;children/&gt;
            &lt;/object&gt;
            &lt;filters&gt;
               &lt;filter&gt;
                  &lt;field&gt;ST&lt;/field&gt;
                  &lt;objectName&gt;DEMO_STATES&lt;/objectName&gt;
                  &lt;operator&gt;equals&lt;/operator&gt;
                  &lt;type&gt;STRING&lt;/type&gt;
                  &lt;value&gt;{$Country}&lt;/value&gt;
               &lt;/filter&gt;
            &lt;/filters&gt;
            &lt;sortFields/&gt;
         &lt;/extendedObject&gt;
         &lt;runtimeAttrs/&gt;
         &lt;isRESTModernSource&gt;true&lt;/isRESTModernSource&gt;
      &lt;/parameter&gt;
      &lt;parameter&gt;
         &lt;id&gt;22234476&lt;/id&gt;
         &lt;name&gt;$tgt_DB$&lt;/name&gt;
         &lt;type&gt;TARGET&lt;/type&gt;
         &lt;label&gt;tgt_DB&lt;/label&gt;
         &lt;targetConnectionId&gt;0011L10B00000000000G&lt;/targetConnectionId&gt;
         &lt;targetObject&gt;ORCHESTRATION_ACCOUNTS&lt;/targetObject&gt;
         &lt;targetObjectLabel&gt;ORCHESTRATION_ACCOUNTS&lt;/targetObjectLabel&gt;
         &lt;newFlatFile&gt;false&lt;/newFlatFile&gt;
         &lt;newObject&gt;false&lt;/newObject&gt;
         &lt;showBusinessNames&gt;false&lt;/showBusinessNames&gt;
         &lt;naturalOrder&gt;true&lt;/naturalOrder&gt;
         &lt;truncateTarget&gt;false&lt;/truncateTarget&gt;
         &lt;customFuncCfg&gt;
            &lt;id&gt;-1&lt;/id&gt;
         &lt;/customFuncCfg&gt;
         &lt;tgtFieldRefs/&gt;
         &lt;extendedObject&gt;
            &lt;filters/&gt;
            &lt;sortFields/&gt;
         &lt;/extendedObject&gt;
         &lt;runtimeAttrs/&gt;
         &lt;isRESTModernSource&gt;true&lt;/isRESTModernSource&gt;
      &lt;/parameter&gt;
      &lt;parameter&gt;
         &lt;id&gt;22234477&lt;/id&gt;
         &lt;name&gt;$exp_fields$&lt;/name&gt;
         &lt;type&gt;STRING&lt;/type&gt;
         &lt;text&gt;string(100,0) COUNTRY=STATE_NAME;string(100,0) LOAD_ID='{$LoadId}';&lt;/text&gt;
         &lt;label&gt;exp_fields&lt;/label&gt;
         &lt;description/&gt;
         &lt;newFlatFile&gt;false&lt;/newFlatFile&gt;
         &lt;newObject&gt;false&lt;/newObject&gt;
         &lt;showBusinessNames&gt;true&lt;/showBusinessNames&gt;
         &lt;naturalOrder&gt;true&lt;/naturalOrder&gt;
         &lt;truncateTarget&gt;false&lt;/truncateTarget&gt;
         &lt;customFuncCfg&gt;
            &lt;id&gt;-1&lt;/id&gt;
         &lt;/customFuncCfg&gt;
         &lt;tgtFieldRefs/&gt;
         &lt;runtimeAttrs/&gt;
         &lt;isRESTModernSource&gt;true&lt;/isRESTModernSource&gt;
      &lt;/parameter&gt;
   &lt;/parameters&gt;
   &lt;mappingId&gt;0011L11700000000001S&lt;/mappingId&gt;
   &lt;shortDescription/&gt;
   &lt;sessionProperties/&gt;
&lt;/mtTask&gt;</body>
                     </restSimpleBinding>
                  </binding>
                  <output>
                     <field description="" name="TaskID" property="id" type="string"/>
                  </output>
               </action>
               <action category=""
                       failOnError="true"
                       forSearch="false"
                       label="GetMapping"
                       name="GetMapping">
                  <description/>
                  <input>
                     <parameter label="mappingID"
                                name="mappingID"
                                required="false"
                                testWith="0011L10Z00000000001M"
                                type="string"/>
                     <parameter label="serverURL"
                                name="serverURL"
                                required="false"
                                testWith="https://app2.informaticacloud.com/saas"
                                type="string"/>
                     <parameter label="icSessionId"
                                name="icSessionId"
                                required="false"
                                testWith="4YmApgMQXv6y2d9h"
                                type="string"/>
                  </input>
                  <binding>
                     <restSimpleBinding multiUsing="semicolonSeparated"
                                        url="{$serverURL}/api/v2/mapping/0011L11700000000001S"
                                        verb="GET">
                        <httpHeaders>
                           <header name="Content-Type">application/xml</header>
                           <header name="Accept">application/xml</header>
                           <header name="icSessionId">{$icSessionId}</header>
                        </httpHeaders>
                     </restSimpleBinding>
                  </binding>
                  <output/>
               </action>
               <action category=""
                       failOnError="true"
                       forSearch="false"
                       label="deleteTask"
                       name="deleteTask">
                  <description/>
                  <input>
                     <parameter label="serverURL"
                                name="serverURL"
                                required="false"
                                testWith="https://app2.informaticacloud.com/saas"
                                type="string"/>
                     <parameter label="icSessionId"
                                name="icSessionId"
                                required="false"
                                testWith="hD6QNkdMdZY6eTlW"
                                type="string"/>
                     <parameter label="taskId"
                                name="taskId"
                                required="false"
                                testWith="0011L10Z000000000044"
                                type="string"/>
                  </input>
                  <binding>
                     <restSimpleBinding multiUsing="semicolonSeparated"
                                        url="{$serverURL}/api/v2/mttask/{$taskId}"
                                        verb="DELETE">
                        <httpHeaders>
                           <header name="icSessionId">{$icSessionId}</header>
                        </httpHeaders>
                     </restSimpleBinding>
                  </binding>
                  <output/>
               </action>
               <action category=""
                       failOnError="true"
                       forSearch="false"
                       label="ActivityLog"
                       name="ActivityLog">
                  <description/>
                  <input>
                     <parameter label="serverURL"
                                name="serverURL"
                                nogen="true"
                                required="false"
                                testWith="https://app2.informaticacloud.com/saas"
                                type="string"/>
                     <parameter label="icSessionId"
                                name="icSessionId"
                                nogen="true"
                                required="false"
                                testWith="jxugVg30jZ5hx4ha"
                                type="string"/>
                  </input>
                  <binding>
                     <restSimpleBinding multiUsing="semicolonSeparated"
                                        url="{$serverURL}/api/v2/activity/activityLog?rowLimit=20"
                                        verb="GET">
                        <httpHeaders>
                           <header name="icSessionId">{$icSessionId}</header>
                        </httpHeaders>
                     </restSimpleBinding>
                  </binding>
                  <output>
                     <field description="" name="id" type="string">
                        <xquery/>
                     </field>
                  </output>
               </action>
               <action category=""
                       failOnError="true"
                       forSearch="false"
                       label="GetConnection"
                       name="GetConnection">
                  <description/>
                  <input>
                     <parameter label="serverURL"
                                name="serverURL"
                                nogen="true"
                                required="false"
                                testWith="https://app2.informaticacloud.com/saas"
                                type="string"/>
                     <parameter label="icSessionId"
                                name="icSessionId"
                                nogen="true"
                                required="false"
                                testWith="v9L6rgqyBRpmxcMf"
                                type="string"/>
                     <parameter label="agentId"
                                name="agentId"
                                nogen="true"
                                required="false"
                                testWith="0011L108000000000002"
                                type="string"/>
                     <parameter label="uiType"
                                name="uiType"
                                nogen="true"
                                required="false"
                                testWith="Oracle"
                                type="string"/>
                  </input>
                  <binding>
                     <restSimpleBinding multiUsing="commaSeparated"
                                        url="{$serverURL}/api/v2/connection"
                                        verb="GET">
                        <httpHeaders>
                           <header name="icSessionId">{$icSessionId}</header>
                        </httpHeaders>
                     </restSimpleBinding>
                  </binding>
                  <output>
                     <field description="" name="result" type="objectlist" xmlElement=".">
                        <options>
                           <option name="referenceTo">Connection</option>
                        </options>
                     </field>
                  </output>
               </action>
               <action category=""
                       failOnError="true"
                       forSearch="false"
                       label="CreateLongRunningMTT"
                       name="CreateLongRunningMTT">
                  <description/>
                  <input>
                     <parameter name="serverURL"
                                required="false"
                                testWith="https://app2.informaticacloud.com/saas"
                                type="string"/>
                     <parameter name="icSessionId"
                                required="false"
                                testWith="vhU40XfgKVcpNJ5V"
                                type="string"/>
                     <parameter name="Filename" required="false" testWith="1.csv" type="string"/>
                  </input>
                  <binding>
                     <restSimpleBinding multiUsing="semicolonSeparated"
                                        url="{$serverURL}/api/v2/mttask/"
                                        verb="POST">
                        <httpHeaders>
                           <header name="Content-Type">application/xml</header>
                           <header name="Accept">application/xml</header>
                           <header name="icSessionId">{$icSessionId}</header>
                        </httpHeaders>
                        <body>&lt;mtTask xmlns:rest="http://schemas.activebpel.org/REST/2007/12/01/aeREST.xsd"&gt;
   &lt;orgId&gt;001AGO&lt;/orgId&gt;
   &lt;name&gt;mct_Long_Running_{$Filename}&lt;/name&gt;
   &lt;description/&gt;
   &lt;agentId&gt;001AGO08000000000002&lt;/agentId&gt;
   &lt;runtimeEnvironmentId&gt;001AGO25000000000002&lt;/runtimeEnvironmentId&gt;
   &lt;parameters&gt;
      &lt;parameter&gt;
         &lt;id&gt;66785139&lt;/id&gt;
         &lt;name&gt;$src_FF$&lt;/name&gt;
         &lt;type&gt;EXTENDED_SOURCE&lt;/type&gt;
         &lt;label&gt;src_FF&lt;/label&gt;
         &lt;uiProperties&gt;
            &lt;entry&gt;
               &lt;key&gt;connectionParameterized&lt;/key&gt;
               &lt;value&gt;false&lt;/value&gt;
            &lt;/entry&gt;
            &lt;entry&gt;
               &lt;key&gt;isMsrcFilterParameterized&lt;/key&gt;
               &lt;value&gt;false&lt;/value&gt;
            &lt;/entry&gt;
            &lt;entry&gt;
               &lt;key&gt;isMsrcSortParameterized&lt;/key&gt;
               &lt;value&gt;false&lt;/value&gt;
            &lt;/entry&gt;
            &lt;entry&gt;
               &lt;key&gt;objlabel&lt;/key&gt;
               &lt;value&gt;p_src_filename&lt;/value&gt;
            &lt;/entry&gt;
            &lt;entry&gt;
               &lt;key&gt;objectParameterized&lt;/key&gt;
               &lt;value&gt;true&lt;/value&gt;
            &lt;/entry&gt;
            &lt;entry&gt;
               &lt;key&gt;objDesc&lt;/key&gt;
               &lt;value/&gt;
            &lt;/entry&gt;
         &lt;/uiProperties&gt;
         &lt;sourceConnectionId&gt;001AGO0B00000000001Q&lt;/sourceConnectionId&gt;
         &lt;newFlatFile&gt;false&lt;/newFlatFile&gt;
         &lt;newObject&gt;false&lt;/newObject&gt;
         &lt;showBusinessNames&gt;true&lt;/showBusinessNames&gt;
         &lt;naturalOrder&gt;true&lt;/naturalOrder&gt;
         &lt;truncateTarget&gt;false&lt;/truncateTarget&gt;
         &lt;customFuncCfg&gt;
            &lt;id&gt;-1&lt;/id&gt;
         &lt;/customFuncCfg&gt;
         &lt;tgtFieldRefs/&gt;
         &lt;extendedObject&gt;
            &lt;object&gt;
               &lt;name&gt;{$Filename}&lt;/name&gt;
               &lt;label&gt;{$Filename}.csv&lt;/label&gt;
               &lt;metadataUpdated&gt;false&lt;/metadataUpdated&gt;
               &lt;relations/&gt;
               &lt;children/&gt;
            &lt;/object&gt;
            &lt;filters/&gt;
            &lt;sortFields/&gt;
         &lt;/extendedObject&gt;
         &lt;runtimeAttrs/&gt;
         &lt;isRESTModernSource&gt;true&lt;/isRESTModernSource&gt;
      &lt;/parameter&gt;
      &lt;parameter&gt;
         &lt;id&gt;66785140&lt;/id&gt;
         &lt;name&gt;$tgt_FF$&lt;/name&gt;
         &lt;type&gt;TARGET&lt;/type&gt;
         &lt;label&gt;tgt_FF&lt;/label&gt;
         &lt;uiProperties&gt;
            &lt;entry&gt;
               &lt;key&gt;connectionParameterized&lt;/key&gt;
               &lt;value&gt;false&lt;/value&gt;
            &lt;/entry&gt;
            &lt;entry&gt;
               &lt;key&gt;objlabel&lt;/key&gt;
               &lt;value&gt;p_tgt_filename&lt;/value&gt;
            &lt;/entry&gt;
            &lt;entry&gt;
               &lt;key&gt;objectParameterized&lt;/key&gt;
               &lt;value&gt;true&lt;/value&gt;
            &lt;/entry&gt;
            &lt;entry&gt;
               &lt;key&gt;objDesc&lt;/key&gt;
               &lt;value/&gt;
            &lt;/entry&gt;
            &lt;entry&gt;
               &lt;key&gt;defaultTargetUpdateColumns&lt;/key&gt;
               &lt;value/&gt;
            &lt;/entry&gt;
         &lt;/uiProperties&gt;
         &lt;targetConnectionId&gt;001AGO0B00000000001Q&lt;/targetConnectionId&gt;
         &lt;targetObject&gt;{$Filename}_result.csv&lt;/targetObject&gt;
         &lt;targetObjectLabel&gt;{$Filename}_result.csv&lt;/targetObjectLabel&gt;
         &lt;newFlatFile&gt;false&lt;/newFlatFile&gt;
         &lt;newObject&gt;false&lt;/newObject&gt;
         &lt;showBusinessNames&gt;true&lt;/showBusinessNames&gt;
         &lt;naturalOrder&gt;true&lt;/naturalOrder&gt;
         &lt;truncateTarget&gt;false&lt;/truncateTarget&gt;
         &lt;customFuncCfg&gt;
            &lt;id&gt;-1&lt;/id&gt;
         &lt;/customFuncCfg&gt;
         &lt;tgtFieldRefs/&gt;
         &lt;extendedObject&gt;
            &lt;filters/&gt;
            &lt;sortFields/&gt;
         &lt;/extendedObject&gt;
         &lt;runtimeAttrs/&gt;
         &lt;isRESTModernSource&gt;true&lt;/isRESTModernSource&gt;
      &lt;/parameter&gt;
      &lt;parameter&gt;
         &lt;id&gt;66785141&lt;/id&gt;
         &lt;name&gt;$sp_Sleep$&lt;/name&gt;
         &lt;type&gt;CONNECTION&lt;/type&gt;
         &lt;label&gt;sp_Sleep&lt;/label&gt;
         &lt;uiProperties&gt;
            &lt;entry&gt;
               &lt;key&gt;connectionParameterized&lt;/key&gt;
               &lt;value&gt;false&lt;/value&gt;
            &lt;/entry&gt;
         &lt;/uiProperties&gt;
         &lt;transfConnectionId&gt;001AGO0B00000000001P&lt;/transfConnectionId&gt;
         &lt;newFlatFile&gt;false&lt;/newFlatFile&gt;
         &lt;newObject&gt;false&lt;/newObject&gt;
         &lt;showBusinessNames&gt;true&lt;/showBusinessNames&gt;
         &lt;naturalOrder&gt;true&lt;/naturalOrder&gt;
         &lt;truncateTarget&gt;false&lt;/truncateTarget&gt;
         &lt;customFuncCfg&gt;
            &lt;id&gt;-1&lt;/id&gt;
         &lt;/customFuncCfg&gt;
         &lt;tgtFieldRefs/&gt;
         &lt;runtimeAttrs/&gt;
         &lt;isRESTModernSource&gt;true&lt;/isRESTModernSource&gt;
      &lt;/parameter&gt;
   &lt;/parameters&gt;
   &lt;verbose&gt;false&lt;/verbose&gt;
   &lt;mappingId&gt;001AGO17000000000026&lt;/mappingId&gt;
   &lt;shortDescription/&gt;
   &lt;sessionProperties/&gt;
   &lt;sequences/&gt;
   &lt;inOutParameters/&gt;
&lt;/mtTask&gt;</body>
                     </restSimpleBinding>
                  </binding>
                  <output>
                     <field description="" name="id" property="id" type="string"/>
                     <field description="" name="taskName" type="string">
                        <xquery>{/mtTask/name/text()||" [MTT]"}</xquery>
                     </field>
                  </output>
               </action>
            </actions>
            <objects>
               <processObject xmlns="http://schemas.active-endpoints.com/appmodules/screenflow/2011/06/avosHostEnvironment.xsd"
                              isByCopy="true"
                              name="Connection">
                  <description>An automatically generated process object</description>
                  <detail>
                     <field name="port" type="int"/>
                     <field name="createTime" type="string"/>
                     <field name="host" type="string"/>
                     <field name="updateTime" type="string"/>
                     <field name="agentId" type="string"/>
                     <field name="runtimeEnvironmentId" type="string"/>
                     <field name="type" type="string"/>
                     <field name="password" type="string"/>
                     <field name="adjustedJdbcHostName" type="string"/>
                     <field name="database" type="string"/>
                     <field name="codepage" type="string"/>
                     <field name="updatedBy" type="string"/>
                     <field name="id" type="string"/>
                     <field name="orgId" type="string"/>
                     <field name="username" type="string"/>
                     <field name="createdBy" type="string"/>
                     <field name="name" type="string"/>
                     <field name="timeout" type="int"/>
                     <field name="majorUpdateTime" type="string"/>
                  </detail>
               </processObject>
            </objects>
         </businessConnector>
      </types1:Entry>
      <types1:GUID>2DYngwhv6dGl4fNrxoWCCf</types1:GUID>
      <types1:DisplayName>ICS Rest API Final</types1:DisplayName>
   </types1:Item>
   <types1:CurrentServerDateTime>2019-03-01T16:53:35.059Z</types1:CurrentServerDateTime>
</aetgt:getResponse>
