<aetgt:getResponse xmlns:aetgt="http://schemas.active-endpoints.com/appmodules/repository/2010/10/avrepository.xsd"
                   xmlns:types1="http://schemas.active-endpoints.com/appmodules/repository/2010/10/avrepository.xsd">
   <types1:Item>
      <types1:EntryId>0Fdw8jIw8jIw8jI-gt-2095908-2019-02-13T15:51:37.997Z::svc.xml</types1:EntryId>
      <types1:Name>Infa_DI_Rest_API-2</types1:Name>
      <types1:MimeType>application/xml+businesssconnector</types1:MimeType>
      <types1:Description/>
      <types1:AppliesTo/>
      <types1:Tags/>
      <types1:VersionLabel>1.0</types1:VersionLabel>
      <types1:State>CURRENT</types1:State>
      <types1:ProcessGroup/>
      <types1:CreatedBy>smanes@informatica.com.demo.ga</types1:CreatedBy>
      <types1:CreationDate>2019-02-13T15:51:38Z</types1:CreationDate>
      <types1:ModifiedBy/>
      <types1:PublicationStatus>unpublished</types1:PublicationStatus>
      <types1:AutosaveExists>false</types1:AutosaveExists>
      <types1:Entry>
         <businessConnector xmlns="http://schemas.informatica.com/socrates/data-services/2014/05/business-connector-model.xsd"
                            agentOnly="false"
                            debug="false"
                            displayName="Infa DI Rest API"
                            label=""
                            name="Infa_DI_Rest_API-2"
                            uuid="fa4aa9e1-377c-402b-af83-d2b53640db75">
            <description/>
            <tags/>
            <connectionAttributes xmlns="http://schemas.informatica.com/appmodules/screenflow/2014/04/avosConnectors.xsd">
               <connectionAttribute description=""
                                    masked="false"
                                    name="Username"
                                    required="true"
                                    testWith="csa@rockconnections.com.dev"
                                    type="string"/>
               <connectionAttribute description=""
                                    masked="true"
                                    name="Password"
                                    required="true"
                                    testWith=""
                                    type="string"/>
            </connectionAttributes>
            <actions>
               <action category=""
                       failOnError="true"
                       forSearch="false"
                       label="login"
                       maxRedirects="100"
                       name="login"
                       preemptiveAuth="true"
                       responseEncoding="">
                  <description/>
                  <input/>
                  <binding>
                     <restSimpleBinding multiUsing="semicolonSeparated"
                                        url="https://dm-us.informaticacloud.com/saas/public/core/v3/login"
                                        verb="POST">
                        <httpHeaders>
                           <header name="Content-Type">application/json</header>
                        </httpHeaders>
                        <body>{{
"username": "{$Username}",
"password": "{$Password }"

}}</body>
                     </restSimpleBinding>
                  </binding>
                  <output>
                     <field description=""
                            name="baseApiUrl"
                            property="baseApiUrl"
                            type="string"/>
                     <field description=""
                            name="sessionId"
                            property="sessionId"
                            type="string"/>
                  </output>
               </action>
               <action category=""
                       failOnError="true"
                       forSearch="false"
                       label="logout"
                       maxRedirects="100"
                       name="logout"
                       preemptiveAuth="true"
                       responseEncoding="">
                  <description/>
                  <input>
                     <parameter name="InfaSessionId"
                                required="false"
                                testWith="a5XneqBScAElgfTkiWAQUN"
                                type="string"/>
                  </input>
                  <binding>
                     <restSimpleBinding multiUsing="semicolonSeparated"
                                        url="https://dm-us.informaticacloud.com/saas/public/core/v3/logout"
                                        verb="POST">
                        <httpHeaders>
                           <header name="INFA-SESSION-ID">{$InfaSessionId}</header>
                        </httpHeaders>
                        <body/>
                     </restSimpleBinding>
                  </binding>
                  <output/>
               </action>
               <action category=""
                       failOnError="true"
                       forSearch="false"
                       label="startJob"
                       maxRedirects="100"
                       name="startJob"
                       preemptiveAuth="true"
                       responseEncoding="">
                  <description/>
                  <input>
                     <parameter name="serverUrl"
                                nogen="true"
                                required="false"
                                testWith="https://na1.dm-us.informaticacloud.com/saas"
                                type="string"/>
                     <parameter name="taskName"
                                required="false"
                                testWith="mct_Five9ReportResult_Redshift11"
                                type="string"/>
                     <parameter name="taskType" required="false" testWith="MTT" type="string"/>
                     <parameter name="InfaSessionId"
                                nogen="true"
                                required="false"
                                testWith="f3qgpnNZoGEhpFWpatr1Ar"
                                type="string"/>
                     <parameter name="@type" required="false" testWith="job" type="string"/>
                  </input>
                  <binding>
                     <restSimpleBinding multiUsing="semicolonSeparated"
                                        url="{$serverUrl}/api/v2/job"
                                        verb="POST">
                        <httpHeaders>
                           <header name="icSessionId">{$InfaSessionId}</header>
                        </httpHeaders>
                        <body generateUsing="JSON" preserveJsonStringFormatting="true"/>
                     </restSimpleBinding>
                  </binding>
                  <output>
                     <field description="" name="runId" property="runId" type="string"/>
                     <field description="" name="taskId" property="taskId" type="string"/>
                     <field description=""
                            name="httpResponse"
                            responseStatusCode="true"
                            type="string"/>
                  </output>
               </action>
               <action category=""
                       failOnError="true"
                       forSearch="false"
                       label="getTaskRunStats"
                       maxRedirects="100"
                       name="getTaskRunStats"
                       preemptiveAuth="true"
                       responseEncoding="">
                  <description/>
                  <input>
                     <parameter name="serverUrl"
                                nogen="true"
                                required="false"
                                testWith="https://na1.dm-us.informaticacloud.com/saas"
                                type="string"/>
                     <parameter name="InfaSessionId"
                                nogen="true"
                                required="false"
                                testWith="f3qgpnNZoGEhpFWpatr1Ar"
                                type="string"/>
                     <parameter name="taskId"
                                required="false"
                                testWith="0102AZ0Z00000000000B"
                                type="string"/>
                     <parameter name="runId" required="false" testWith="18" type="string"/>
                  </input>
                  <binding>
                     <restSimpleBinding multiUsing="semicolonSeparated"
                                        url="{$serverUrl}/api/v2/activity/activityLog"
                                        verb="GET">
                        <httpHeaders>
                           <header name="icSessionId">{$InfaSessionId}</header>
                        </httpHeaders>
                     </restSimpleBinding>
                  </binding>
                  <output>
                     <field description=""
                            name="startTime"
                            property="startTime"
                            type="string"/>
                     <field description="" name="endTime" property="endTime" type="string"/>
                     <field description="" name="state" property="state" type="string"/>
                     <field description=""
                            name="failedSourceRows"
                            property="failedSourceRows"
                            type="string"/>
                     <field description=""
                            name="successSourceRows"
                            property="successSourceRows"
                            type="string"/>
                     <field description=""
                            name="failedTargetRows"
                            property="failedTargetRows"
                            type="string"/>
                     <field description=""
                            name="successTargetRows"
                            property="successTargetRows"
                            type="string"/>
                     <field description=""
                            name="errorMsg"
                            property="errorMsg"
                            type="string"/>
                     <field description=""
                            name="httpResponse"
                            responseStatusCode="true"
                            type="string"/>
                  </output>
               </action>
            </actions>
            <objects/>
         </businessConnector>
      </types1:Entry>
      <types1:GUID>1cO917jZUkabbbc5MxpaaV</types1:GUID>
      <types1:DisplayName>Infa DI Rest API</types1:DisplayName>
   </types1:Item>
   <types1:CurrentServerDateTime>2019-03-01T16:53:35.068Z</types1:CurrentServerDateTime>
</aetgt:getResponse>
