<aetgt:getResponse xmlns:aetgt="http://schemas.active-endpoints.com/appmodules/repository/2010/10/avrepository.xsd"
                   xmlns:types1="http://schemas.active-endpoints.com/appmodules/repository/2010/10/avrepository.xsd">
   <types1:Item>
      <types1:EntryId>fOC2XZPnE29Em2k-gt-36594-2018-11-28T15:23:19.081Z::conn.xml</types1:EntryId>
      <types1:Name>LocalFiles-1</types1:Name>
      <types1:ParentFlowIds>T53nQciSrZMSPfX-gt-15400-2018-11-28T15:25:35.734Z::pd.xml</types1:ParentFlowIds>
      <types1:MimeType>application/xml+connection</types1:MimeType>
      <types1:Description/>
      <types1:AppliesTo/>
      <types1:Tags>.agent:PSVW12PRD1</types1:Tags>
      <types1:VersionLabel>1.0</types1:VersionLabel>
      <types1:State>CURRENT</types1:State>
      <types1:ProcessGroup/>
      <types1:CreatedBy>smanes@informatica.com.demo.ga</types1:CreatedBy>
      <types1:CreationDate>2018-11-28T15:23:19Z</types1:CreationDate>
      <types1:ModifiedBy>smanes@informatica.com.demo.ga</types1:ModifiedBy>
      <types1:ModificationDate>2018-11-28T15:23:57Z</types1:ModificationDate>
      <types1:PublicationStatus>published</types1:PublicationStatus>
      <types1:PublishedBy>smanes@informatica.com.demo.ga</types1:PublishedBy>
      <types1:PublicationDate>2018-11-28T15:24:23Z</types1:PublicationDate>
      <types1:PublishedContributionId>project:/rt.connection/LocalFiles-1/LocalFiles-1.conn.xml</types1:PublishedContributionId>
      <types1:AutosaveExists>false</types1:AutosaveExists>
      <types1:Entry>
         <connection xmlns="http://schemas.informatica.com/socrates/data-services/2014/04/avosConnections.xsd"
                     displayName="LocalFiles"
                     label="LocalFiles"
                     name="LocalFiles-1">
            <description/>
            <tags>.agent:PSVW12PRD1</tags>
            <agent>PSVW12PRD1</agent>
            <attributes/>
            <producers>
               <producer enabled="true" name="FileWriter" typeName="FileWriter">
                  <description>Use this event target to write output to a file.</description>
                  <attributes>
                     <attribute encrypted="false" name="directoryName" value="C:\LocalFiles"/>
                     <attribute encrypted="false" name="fileExist" value="Override"/>
                     <attribute encrypted="false" name="moveExisting" value=""/>
                     <attribute encrypted="false" name="eagerDeleteTargetFile" value="true"/>
                     <attribute encrypted="false" name="tempPrefix" value=""/>
                     <attribute encrypted="false" name="tempFileName" value=""/>
                     <attribute encrypted="false" name="forceWrites" value="true"/>
                     <attribute encrypted="false" name="bufferSize" value=""/>
                     <attribute encrypted="false" name="charset" value=""/>
                  </attributes>
               </producer>
            </producers>
            <javaConnector xmlns="http://schemas.informatica.com/appmodules/screenflow/2014/04/avosConnectors.xsd"
                           agentOnly="true"
                           plugin="Camel"
                           supportsConnectionTest="true"
                           supportsDataPreview="false"
                           supportsOData="false"
                           type="File"
                           uuid="ac000300-d9fe-11e4-8830-0800200c9a66">
               <description>Provides connections to file monitoring brokers.</description>
            </javaConnector>
         </connection>
      </types1:Entry>
      <types1:GUID>lozIfwE2miIf6N5ckuDaej</types1:GUID>
      <types1:DisplayName>LocalFiles</types1:DisplayName>
   </types1:Item>
   <types1:CurrentServerDateTime>2019-03-01T16:53:35.047Z</types1:CurrentServerDateTime>
</aetgt:getResponse>
