<aetgt:getResponse xmlns:aetgt="http://schemas.active-endpoints.com/appmodules/repository/2010/10/avrepository.xsd"
                   xmlns:types1="http://schemas.active-endpoints.com/appmodules/repository/2010/10/avrepository.xsd">
   <types1:Item>
      <types1:EntryId>xXlQNOQoVVVVVVV-gt-370276-2020-04-15T18:54:37.371Z::conn.xml</types1:EntryId>
      <types1:Name>api-RecordCount-Conn</types1:Name>
      <types1:ParentFlowIds>0bdpsaaaa-gt-8543548-2020-05-15T17:16:59.995Z::pd.xml,0fPAreFRqXpIW7W-gt-7485246-2020-05-20T13:54:06.99Z::pd.xml,2n7ZLPJljxcghuI-gt-5324835-2020-05-27T20:57:58.5Z::pd.xml,6yV4AdypKwKBqRi-gt-25138237-2020-05-12T14:59:38.929Z::pd.xml,7k4AdypKwKBqRi9-gt-3044252-2020-05-15T19:43:08.94Z::pd.xml,8dpgbcggaaaaa-gt-15792917-2020-05-14T20:22:33.954Z::pd.xml,9xGomUhGdwOLIFv-gt-9248836-2020-05-22T04:50:23.971Z::pd.xml,abcjw4ARW8UBM7z-gt-7679770-2020-05-12T15:15:15.014Z::pd.xml,cjAXhNUdyOoMdtl-gt-4903199-2020-05-18T15:54:12.039Z::pd.xml,HEJRxZsEi4tciSr-gt-12804658-2020-05-27T20:13:11.543Z::pd.xml,ImXycotFgpKi9zh-gt-24404886-2020-05-11T17:55:32.549Z::pd.xml,KBmeK3jhBjop81V-gt-15993504-2020-04-03T17:30:48.595Z::pd.xml,KoEFsWTzIf6riX2-gt-1348643-2020-05-23T15:11:37.585Z::pd.xml,QoPVm5Y6tMFygls-gt-11353903-2020-05-27T05:39:34.687Z::pd.xml,ROKx6I1dq2ME9pa-gt-5186512-2020-04-23T22:07:19.704Z::pd.xml,Su7O2htghGZ5i4r-gt-1320570-2020-05-23T14:34:12.72Z::pd.xml,toC2g0aaaaaaaaa-gt-27400933-2020-05-15T18:09:31.9Z::pd.xml,x3kPaaaaaaaaa-gt-9281598-2020-05-04T16:58:08.138Z::pd.xml</types1:ParentFlowIds>
      <types1:MimeType>application/xml+connection</types1:MimeType>
      <types1:Description>App connection for "api-RecordCount-Service".</types1:Description>
      <types1:AppliesTo/>
      <types1:Tags>.agent:Linux_IcsaGroup01_Integrations</types1:Tags>
      <types1:VersionLabel>1.0</types1:VersionLabel>
      <types1:State>CURRENT</types1:State>
      <types1:ProcessGroup/>
      <types1:CreatedBy>vkakarl@gmu.edu</types1:CreatedBy>
      <types1:CreationDate>2020-04-15T18:54:37Z</types1:CreationDate>
      <types1:ModifiedBy>edis@gmu.edu.dev</types1:ModifiedBy>
      <types1:ModificationDate>2020-05-27T20:16:26Z</types1:ModificationDate>
      <types1:PublicationStatus>published</types1:PublicationStatus>
      <types1:PublishedBy>edis@gmu.edu.dev</types1:PublishedBy>
      <types1:PublicationDate>2020-05-29T15:11:48Z</types1:PublicationDate>
      <types1:PublishedContributionId>project:/rt.connection/api-RecordCount-Conn/api-RecordCount-Conn.conn.xml</types1:PublishedContributionId>
      <types1:AutosaveExists>false</types1:AutosaveExists>
      <types1:Entry>
         <connection xmlns="http://schemas.informatica.com/socrates/data-services/2014/04/avosConnections.xsd"
                     displayName="api-RecordCount-Conn"
                     label="api-RecordCount-Conn"
                     name="api-RecordCount-Conn">
            <description>App connection for "api-RecordCount-Service".</description>
            <tags>.agent:Linux_IcsaGroup01_Integrations</tags>
            <agent>Linux_IcsaGroup01_Integrations</agent>
            <attributes/>
            <businessConnector xmlns="http://schemas.informatica.com/appmodules/screenflow/2014/04/avosConnectors.xsd"
                               agentOnly="false"
                               connectorPath="project:/rt.connector/api_RecordCount_Service/api_RecordCount_Service_svcDef.xml"
                               guid="dnDduSC9aW3jpve39NwQSy"
                               name="api-RecordCount-Service"
                               supportsConnectionTest="false"
                               uuid="a0f4abcb-80ab-4212-84de-f9f495af774c">
               <description>Service to get Record Count from views/tables</description>
            </businessConnector>
         </connection>
      </types1:Entry>
      <types1:GUID>aoMd7TK0wVTdKiMLiZoIUx</types1:GUID>
      <types1:DisplayName>api-RecordCount-Conn</types1:DisplayName>
   </types1:Item>
   <types1:CurrentServerDateTime>2020-06-23T19:59:48.093Z</types1:CurrentServerDateTime>
</aetgt:getResponse>
