<aetgt:getResponse xmlns:aetgt="http://schemas.active-endpoints.com/appmodules/repository/2010/10/avrepository.xsd"
                   xmlns:types1="http://schemas.active-endpoints.com/appmodules/repository/2010/10/avrepository.xsd">
   <types1:Item>
      <types1:EntryId>xM22z2YNmumf6S3-gt-17210678-2020-05-08T16:03:21.382Z::pd.xml</types1:EntryId>
      <types1:Name>api-TextToIntegerTypeConversion</types1:Name>
      <types1:ParentFlowIds>7D2L5SeE1KoJBUh-gt-26033335-2020-05-13T16:12:43.95Z::pd.xml,8RVf4VQT53nQciS-gt-15555443-2020-05-06T18:28:09.696Z::pd.xml,dypLK2D86CjqFVN-gt-9604576-2020-05-20T13:57:35.063Z::pd.xml,FIWk6yQC8WrY1Sy-gt-2457061-2020-05-20T13:54:07.251Z::pd.xml,kcifSB7O2htghGZ-gt-2972905-2020-05-15T19:43:09.217Z::pd.xml,LlBWlD2pHALVYxW-gt-1413634-2020-04-09T16:08:47.609Z::pd.xml,llCYAOTMneBjrab-gt-875595-2020-05-12T14:59:39.178Z::pd.xml,m59XW1830nYNmum-gt-2981207-2020-05-15T18:09:32.197Z::pd.xml,mi3wOLIFvukNXHV-gt-277121-2020-05-18T19:49:28.203Z::pd.xml,pzDLdw8jIw8jIw8-gt-9221032-2020-05-04T15:11:26.253Z::pd.xml,r6zlrMZgpDqotxG-gt-887422-2020-05-12T15:15:15.28Z::pd.xml,sGuDoWn2sqeErhN-gt-1330225-2020-05-23T15:01:18.292Z::pd.xml,sH7lJjx9AWbg0Zk-gt-15792931-2020-05-14T20:22:34.29Z::pd.xml,tUSptM9hOznKKvv-gt-14932317-2020-05-13T14:23:12.31Z::pd.xml,UJsJGD4ARW8UBM7-gt-9347346-2020-05-04T18:55:00.474Z::pd.xml,WRi8RVf4VQT53nQ-gt-3946904-2020-05-27T20:57:58.785Z::pd.xml</types1:ParentFlowIds>
      <types1:MimeType>application/xml+process</types1:MimeType>
      <types1:Description>Converts "Text" type field to "Integer" type.</types1:Description>
      <types1:AppliesTo/>
      <types1:Tags/>
      <types1:VersionLabel>1.0</types1:VersionLabel>
      <types1:State>CURRENT</types1:State>
      <types1:ProcessGroup/>
      <types1:CreatedBy>edis@gmu.edu.sandbox</types1:CreatedBy>
      <types1:CreationDate>2020-05-08T16:03:21Z</types1:CreationDate>
      <types1:ModifiedBy>edis@gmu.edu.dev</types1:ModifiedBy>
      <types1:ModificationDate>2020-05-27T20:16:18Z</types1:ModificationDate>
      <types1:PublicationStatus>published</types1:PublicationStatus>
      <types1:PublishedBy>edis@gmu.edu.dev</types1:PublishedBy>
      <types1:PublicationDate>2020-06-05T15:21:59Z</types1:PublicationDate>
      <types1:PublishedContributionId>project:/spi.api-TextToIntegerTypeConversion/api-TextToIntegerTypeConversion.pd.xml</types1:PublishedContributionId>
      <types1:AutosaveExists>false</types1:AutosaveExists>
      <types1:Entry>
         <process xmlns="http://schemas.active-endpoints.com/appmodules/screenflow/2010/10/avosScreenflow.xsd"
                  xmlns:list="urn:activevos:spi:list:functions"
                  displayName="api-TextToIntegerTypeConversion"
                  name="api-TextToIntegerTypeConversion">
            <appliesTo/>
            <description>Converts "Text" type field to "Integer" type.</description>
            <tags/>
            <generator>Informatica Process Designer 11</generator>
            <input>
               <parameter description="pageNumber as &#34;Text&#34;" name="pageNumber" type="string">
                  <options>
                     <option name="required">false</option>
                  </options>
               </parameter>
               <parameter description="pageSize as &#34;Text&#34;" name="pageSize" type="string">
                  <options>
                     <option name="required">false</option>
                  </options>
               </parameter>
            </input>
            <output>
               <field description="pageNumber as &#34;Integer&#34;"
                      name="pageNumberInt"
                      type="int">
                  <options>
                     <option name="required">false</option>
                  </options>
               </field>
               <field description="pageSize as &#34;Integer&#34;" name="pageSizeInt" type="int">
                  <options>
                     <option name="required">false</option>
                  </options>
               </field>
            </output>
            <notes/>
            <deployment suspendOnFault="false" tracingLevel="none">
               <rest>
                  <allowedGroups>
                     <group>Admin Team</group>
                  </allowedGroups>
                  <allowedUsers>
                     <user>edis@gmu.edu.dev</user>
                     <user>api-edis@gmu.edu.dev</user>
                  </allowedUsers>
               </rest>
            </deployment>
            <flow id="a">
               <start id="b">
                  <link id="k9ydr973" targetId="k9ydr972"/>
               </start>
               <assignment id="k9ydr972">
                  <title>Assignment to pageNumberInt, pageSizeInt</title>
                  <operation source="formula" to="output.pageNumberInt">
                     <expression language="XQuery">xs:integer($input.pageNumber)</expression>
                  </operation>
                  <operation source="formula" to="output.pageSizeInt">
                     <expression language="XQuery">xs:integer($input.pageSize)</expression>
                  </operation>
                  <link id="k9ydr974" targetId="c"/>
               </assignment>
               <end id="c"/>
            </flow>
         </process>
         <ns1:sample-data-sets xmlns:ns1="http://schemas.active-endpoints.com/appmodules/repository/2010/10/sampleData.xsd">
            <ns1:SampleData>
               <ns1:Id>a53c724a-725d-4a41-a558-08cc9373f251</ns1:Id>
               <ns1:Name>test_1</ns1:Name>
               <ns1:CreatedBy>edis@gmu.edu.sandbox</ns1:CreatedBy>
               <ns1:CreationDate>2020-05-08T20:03:10Z</ns1:CreationDate>
               <ns1:ModifiedBy>edis@gmu.edu.dev</ns1:ModifiedBy>
               <ns1:ModifiedDate>2020-05-27T20:16:18Z</ns1:ModifiedDate>
               <ns1:Data format="xml">&lt;root&gt;
&lt;textValue&gt;1,100&lt;/textValue&gt;
&lt;/root&gt;</ns1:Data>
            </ns1:SampleData>
         </ns1:sample-data-sets>
      </types1:Entry>
      <types1:GUID>4gYKZbibk6wffBFRdWM3GJ</types1:GUID>
      <types1:DisplayName>api-TextToIntegerTypeConversion</types1:DisplayName>
   </types1:Item>
   <types1:CurrentServerDateTime>2020-06-23T19:59:47.432Z</types1:CurrentServerDateTime>
</aetgt:getResponse>
