<aetgt:getResponse xmlns:aetgt="http://schemas.active-endpoints.com/appmodules/repository/2010/10/avrepository.xsd"
                   xmlns:types1="http://schemas.active-endpoints.com/appmodules/repository/2010/10/avrepository.xsd">
   <types1:Item>
      <types1:EntryId>mVSciY3AxtPk7HN-gt-17213160-2020-05-08T16:09:53.193Z::pd.xml</types1:EntryId>
      <types1:Name>api-TextToDateTimeTypeConversion</types1:Name>
      <types1:ParentFlowIds>7D2L5SeE1KoJBUh-gt-26033335-2020-05-13T16:12:43.95Z::pd.xml,8RVf4VQT53nQciS-gt-15555443-2020-05-06T18:28:09.696Z::pd.xml,dypLK2D86CjqFVN-gt-9604576-2020-05-20T13:57:35.063Z::pd.xml,FIWk6yQC8WrY1Sy-gt-2457061-2020-05-20T13:54:07.251Z::pd.xml,kcifSB7O2htghGZ-gt-2972905-2020-05-15T19:43:09.217Z::pd.xml,LlBWlD2pHALVYxW-gt-1413634-2020-04-09T16:08:47.609Z::pd.xml,llCYAOTMneBjrab-gt-875595-2020-05-12T14:59:39.178Z::pd.xml,m59XW1830nYNmum-gt-2981207-2020-05-15T18:09:32.197Z::pd.xml,mi3wOLIFvukNXHV-gt-277121-2020-05-18T19:49:28.203Z::pd.xml,pzDLdw8jIw8jIw8-gt-9221032-2020-05-04T15:11:26.253Z::pd.xml,r6zlrMZgpDqotxG-gt-887422-2020-05-12T15:15:15.28Z::pd.xml,sGuDoWn2sqeErhN-gt-1330225-2020-05-23T15:01:18.292Z::pd.xml,sH7lJjx9AWbg0Zk-gt-15792931-2020-05-14T20:22:34.29Z::pd.xml,tUSptM9hOznKKvv-gt-14932317-2020-05-13T14:23:12.31Z::pd.xml,UJsJGD4ARW8UBM7-gt-9347346-2020-05-04T18:55:00.474Z::pd.xml,WRi8RVf4VQT53nQ-gt-3946904-2020-05-27T20:57:58.785Z::pd.xml</types1:ParentFlowIds>
      <types1:MimeType>application/xml+process</types1:MimeType>
      <types1:Description>Converts "Text" type field to "Date Time" Type.</types1:Description>
      <types1:AppliesTo/>
      <types1:Tags/>
      <types1:VersionLabel>1.0</types1:VersionLabel>
      <types1:State>CURRENT</types1:State>
      <types1:ProcessGroup/>
      <types1:CreatedBy>edis@gmu.edu.sandbox</types1:CreatedBy>
      <types1:CreationDate>2020-05-08T16:09:53Z</types1:CreationDate>
      <types1:ModifiedBy>edis@gmu.edu.dev</types1:ModifiedBy>
      <types1:ModificationDate>2020-05-27T20:16:21Z</types1:ModificationDate>
      <types1:PublicationStatus>published</types1:PublicationStatus>
      <types1:PublishedBy>edis@gmu.edu.dev</types1:PublishedBy>
      <types1:PublicationDate>2020-06-05T15:21:59Z</types1:PublicationDate>
      <types1:PublishedContributionId>project:/spi.api-TextToDateTimeTypeConversion/api-TextToDateTimeTypeConversion.pd.xml</types1:PublishedContributionId>
      <types1:AutosaveExists>false</types1:AutosaveExists>
      <types1:Entry>
         <process xmlns="http://schemas.active-endpoints.com/appmodules/screenflow/2010/10/avosScreenflow.xsd"
                  xmlns:list="urn:activevos:spi:list:functions"
                  displayName="api-TextToDateTimeTypeConversion"
                  name="api-TextToDateTimeTypeConversion">
            <appliesTo/>
            <description>Converts "Text" type field to "Date Time" Type.</description>
            <tags/>
            <generator>Informatica Process Designer 11</generator>
            <input>
               <parameter description="effectiveFromDtAfter as &#34;Text&#34;"
                          name="effectiveFromDtAfter"
                          type="string">
                  <options>
                     <option name="required">false</option>
                  </options>
               </parameter>
               <parameter description="effectiveFromDtBefore as &#34;Text&#34;"
                          name="effectiveFromDtBefore"
                          type="string">
                  <options>
                     <option name="required">false</option>
                  </options>
               </parameter>
            </input>
            <output>
               <field description="effectiveFromDtAfter as &#34;Date Time&#34;"
                      name="effectiveFromDtAfterDateTime"
                      type="datetime">
                  <options>
                     <option name="thirtyMinutesIncrement">true</option>
                     <option name="required">false</option>
                  </options>
               </field>
               <field description="effectiveFromDtBefore as &#34;Date Time&#34;"
                      name="effectiveFromDtBeforeDateTime"
                      type="datetime">
                  <options>
                     <option name="thirtyMinutesIncrement">true</option>
                     <option name="required">false</option>
                  </options>
               </field>
            </output>
            <notes/>
            <deployment suspendOnFault="false" tracingLevel="none">
               <rest>
                  <allowedGroups>
                     <group>Admin Team</group>
                  </allowedGroups>
                  <allowedUsers>
                     <user>edis@gmu.edu.dev</user>
                     <user>api-edis@gmu.edu.dev</user>
                  </allowedUsers>
               </rest>
            </deployment>
            <flow id="a">
               <start id="b">
                  <link id="k9ye575e" targetId="k9ye575d"/>
               </start>
               <assignment id="k9ye575d">
                  <title>Assignment to effectiveFromDtAfterDateTime, effectiveFromDtBeforeDateTime</title>
                  <operation source="formula" to="output.effectiveFromDtAfterDateTime">
                     <expression language="XQuery">xs:dateTime($input.effectiveFromDtAfter)</expression>
                  </operation>
                  <operation source="formula" to="output.effectiveFromDtBeforeDateTime">
                     <expression language="XQuery">xs:dateTime($input.effectiveFromDtBefore)</expression>
                  </operation>
                  <link id="k9ye575f" targetId="c"/>
               </assignment>
               <end id="c"/>
            </flow>
         </process>
      </types1:Entry>
      <types1:GUID>d4sYBfxMsQqiifCkHNPacK</types1:GUID>
      <types1:DisplayName>api-TextToDateTimeTypeConversion</types1:DisplayName>
   </types1:Item>
   <types1:CurrentServerDateTime>2020-06-23T19:59:47.962Z</types1:CurrentServerDateTime>
</aetgt:getResponse>
