<aetgt:getResponse xmlns:aetgt="http://schemas.active-endpoints.com/appmodules/repository/2010/10/avrepository.xsd"
                   xmlns:types1="http://schemas.active-endpoints.com/appmodules/repository/2010/10/avrepository.xsd">
   <types1:Item>
      <types1:EntryId>YQSBi9zhFtybdua-gt-3425895-2020-05-21T18:06:48.816Z::pd.xml</types1:EntryId>
      <types1:Name>api-TextToDateTypeConversion</types1:Name>
      <types1:MimeType>application/xml+process</types1:MimeType>
      <types1:Description>Converts "Text" type field to "Date" Type.</types1:Description>
      <types1:AppliesTo/>
      <types1:Tags/>
      <types1:VersionLabel>1.0</types1:VersionLabel>
      <types1:State>CURRENT</types1:State>
      <types1:ProcessGroup/>
      <types1:CreatedBy>edis@gmu.edu.dev</types1:CreatedBy>
      <types1:CreationDate>2020-05-21T18:06:49Z</types1:CreationDate>
      <types1:ModifiedBy/>
      <types1:PublicationStatus>published</types1:PublicationStatus>
      <types1:PublishedBy>edis@gmu.edu.dev</types1:PublishedBy>
      <types1:PublicationDate>2020-05-21T18:06:58Z</types1:PublicationDate>
      <types1:PublishedContributionId>project:/spi.api-TextToDateTypeConversion/api-TextToDateTypeConversion.pd.xml</types1:PublishedContributionId>
      <types1:AutosaveExists>false</types1:AutosaveExists>
      <types1:Entry>
         <process xmlns="http://schemas.active-endpoints.com/appmodules/screenflow/2010/10/avosScreenflow.xsd"
                  xmlns:list="urn:activevos:spi:list:functions"
                  displayName="api-TextToDateTypeConversion"
                  name="api-TextToDateTypeConversion"
                  overrideAPIName="false">
            <appliesTo/>
            <description>Converts "Text" type field to "Date" Type.</description>
            <tags/>
            <generator>Informatica Process Designer 11</generator>
            <input>
               <parameter description="effectiveFromDtAfter as &#34;Text&#34;"
                          name="effectiveFromDtAfter"
                          type="string">
                  <options>
                     <option name="required">false</option>
                  </options>
               </parameter>
               <parameter description="effectiveFromDtBefore as &#34;Text&#34;"
                          name="effectiveFromDtBefore"
                          type="string">
                  <options>
                     <option name="required">false</option>
                  </options>
               </parameter>
            </input>
            <output>
               <field description="effectiveFromDtAfter as &#34;Date&#34;"
                      name="effectiveFromDtAfterDate"
                      type="date">
                  <options>
                     <option name="required">false</option>
                  </options>
               </field>
               <field description="effectiveFromDtBefore as &#34;Date&#34;"
                      name="effectiveFromDtBeforeDate"
                      type="date">
                  <options>
                     <option name="required">false</option>
                  </options>
               </field>
            </output>
            <notes/>
            <deployment suspendOnFault="false" tracingLevel="none">
               <rest>
                  <allowedGroups>
                     <group>Admin Team</group>
                  </allowedGroups>
                  <allowedUsers>
                     <user>edis@gmu.edu.dev</user>
                     <user>api-edis@gmu.edu.dev</user>
                  </allowedUsers>
               </rest>
            </deployment>
            <flow id="a">
               <start id="b">
                  <link id="kah2t9e8" targetId="kah2t9e7"/>
               </start>
               <assignment id="kah2t9e7">
                  <title>Assignment to effectiveFromDtAfterDate, effectiveFromDtBeforeDate</title>
                  <operation source="formula" to="output.effectiveFromDtAfterDate">
                     <expression language="XQuery">xs:date($input.effectiveFromDtAfter)</expression>
                  </operation>
                  <operation source="formula" to="output.effectiveFromDtBeforeDate">
                     <expression language="XQuery">xs:date($input.effectiveFromDtBefore)</expression>
                  </operation>
                  <link id="kah2t9e9" targetId="c"/>
               </assignment>
               <end id="c"/>
            </flow>
         </process>
      </types1:Entry>
      <types1:GUID>7rPsP9AmSgPbiyciKjVA00</types1:GUID>
      <types1:DisplayName>api-TextToDateTypeConversion</types1:DisplayName>
   </types1:Item>
   <types1:CurrentServerDateTime>2020-06-23T19:59:47.615Z</types1:CurrentServerDateTime>
</aetgt:getResponse>
