<aetgt:getResponse xmlns:aetgt="http://schemas.active-endpoints.com/appmodules/repository/2010/10/avrepository.xsd"
                   xmlns:types1="http://schemas.active-endpoints.com/appmodules/repository/2010/10/avrepository.xsd">
   <types1:Item>
      <types1:EntryId>n5hA7vNljLYqBGZ-gt-363996-2020-04-15T18:54:37.221Z::svc.xml</types1:EntryId>
      <types1:Name>api-RecordCount-Service-new</types1:Name>
      <types1:MimeType>application/xml+businesssconnector</types1:MimeType>
      <types1:Description/>
      <types1:AppliesTo/>
      <types1:Tags/>
      <types1:VersionLabel>1.0</types1:VersionLabel>
      <types1:State>CURRENT</types1:State>
      <types1:ProcessGroup/>
      <types1:CreatedBy>vkakarl@gmu.edu</types1:CreatedBy>
      <types1:CreationDate>2020-04-15T18:54:37Z</types1:CreationDate>
      <types1:ModifiedBy>edis@gmu.edu.sandbox</types1:ModifiedBy>
      <types1:ModificationDate>2020-04-29T10:21:25Z</types1:ModificationDate>
      <types1:PublicationStatus>unpublished</types1:PublicationStatus>
      <types1:AutosaveExists>false</types1:AutosaveExists>
      <types1:Entry>
         <businessConnector xmlns="http://schemas.informatica.com/socrates/data-services/2014/05/business-connector-model.xsd"
                            agentOnly="false"
                            debug="false"
                            displayName="api-RecordCount-Service-new"
                            label=""
                            name="api-RecordCount-Service-new"
                            uuid="a0f4abcb-80ab-4212-84de-f9f495af774c">
            <description/>
            <tags/>
            <connectionAttributes xmlns="http://schemas.informatica.com/appmodules/screenflow/2014/04/avosConnectors.xsd"/>
            <actions>
               <action category=""
                       failOnError="true"
                       forSearch="false"
                       label="GetRecordCount"
                       maxRedirects="100"
                       name="GetRecordCount"
                       preemptiveAuth="true"
                       responseEncoding="">
                  <description/>
                  <input/>
                  <binding>
                     <restSimpleBinding url="http://localhost:7080/process-engine/public/services/InfaDASExecSQL"
                                        verb="GET"/>
                  </binding>
                  <output/>
               </action>
            </actions>
            <objects/>
         </businessConnector>
      </types1:Entry>
      <types1:GUID>f1TGnosJjOIh49ETgX0W2C</types1:GUID>
      <types1:DisplayName>api-RecordCount-Service-new</types1:DisplayName>
   </types1:Item>
   <types1:CurrentServerDateTime>2020-06-23T19:59:47.8Z</types1:CurrentServerDateTime>
</aetgt:getResponse>
