{"EntryId":{"$t":"Ugbcggaaaaa-gt-2332172-2018-10-11T20:32:53.742Z::pd.xml"},"Name":{"$t":"Dummy_Process"},"MimeType":{"$t":"application\/xml+process"},"Description":{},"AppliesTo":{},"Tags":{},"VersionLabel":{"$t":"1.0"},"State":{"$t":"CURRENT"},"ProcessGroup":{},"CreatedBy":{"$t":"gstasko@svccon.com"},"CreationDate":{"$t":"2018-10-11T20:32:54Z"},"ModifiedBy":{},"PublicationStatus":{"$t":"unpublished"},"AutosaveExists":{"$t":"false"},"Entry":{"process":{"displayName":"Dummy Process","name":"Dummy_Process","xmlns":"http:\/\/schemas.active-endpoints.com\/appmodules\/screenflow\/2010\/10\/avosScreenflow.xsd","xmlns$aetgt":"http:\/\/schemas.active-endpoints.com\/appmodules\/repository\/2010\/10\/avrepository.xsd","xmlns$list":"urn:activevos:spi:list:functions","appliesTo":{},"description":{},"tags":{},"generator":{"$t":"Informatica Process Designer 9"},"notes":{},"deployment":{"suspendOnFault":"false","tracingLevel":"none","rest":{}},"flow":{"id":"a","start":{"id":"b","link":{"id":"link1","targetId":"c"}},"end":{"id":"c"}}}},"GUID":{"$t":"241rLdCuDUDhirOtmpl5yv"},"DisplayName":{"$t":"Dummy Process"}}