{"EntryId":{"$t":"oLtVJmojDXJqEhy-gt-490703-2018-09-15T22:07:19.236Z::conn.xml"},"Name":{"$t":"Email-Service"},"ParentFlowIds":{"$t":"Vox9AWbg0ZkL0jm-gt-683480-2018-09-15T22:13:15.763Z::pd.xml"},"MimeType":{"$t":"application\/xml+connection"},"Description":{},"AppliesTo":{},"Tags":{},"VersionLabel":{"$t":"1.0"},"State":{"$t":"CURRENT"},"ProcessGroup":{},"CreatedBy":{"$t":"sagarwal@svccon.com"},"CreationDate":{"$t":"2018-09-15T22:07:19Z"},"ModifiedBy":{},"PublicationStatus":{"$t":"published"},"PublishedBy":{"$t":"sagarwal@svccon.com"},"PublicationDate":{"$t":"2018-09-15T22:07:25Z"},"PublishedContributionId":{"$t":"project:\/rt.connection\/Email-Service\/Email-Service.conn.xml"},"AutosaveExists":{"$t":"false"},"Entry":{"connection":{"displayName":"Email-Service","label":"Email-Service","name":"Email-Service","xmlns":"http:\/\/schemas.informatica.com\/socrates\/data-services\/2014\/04\/avosConnections.xsd","xmlns$aetgt":"http:\/\/schemas.active-endpoints.com\/appmodules\/repository\/2010\/10\/avrepository.xsd","description":{},"tags":{},"agent":{},"attributes":{"attribute":[{"encrypted":"false","name":"hostName","value":"na1.ai.dm-us.informaticacloud.com:443"},{"encrypted":"false","name":"username","value":"testuser2"},{"encrypted":"true","name":"password","value":""}]},"businessConnector":{"agentOnly":"false","connectorPath":"project:\/rt.connector\/Email_Service\/Email_Service_svcDef.xml","guid":"3t9Wk0LXyHxjk62xe1T1Y5","name":"Email_Service","supportsConnectionTest":"false","uuid":"e5a075fd-8d9d-45a6-86d4-bd603ca916e9","xmlns":"http:\/\/schemas.informatica.com\/appmodules\/screenflow\/2014\/04\/avosConnectors.xsd","description":{}}}},"GUID":{"$t":"2H9wBo7tk9CdCJr7jn2FCQ"},"DisplayName":{"$t":"Email-Service"}}