{"EntryId":{"$t":"clLnzYLnzYLnzYL-gt-574322-2018-09-15T22:06:24.043Z::svc.xml"},"Name":{"$t":"Email_Service"},"ParentFlowIds":{"$t":"oLtVJmojDXJqEhy-gt-490703-2018-09-15T22:07:19.236Z::conn.xml"},"MimeType":{"$t":"application\/xml+businesssconnector"},"Description":{},"AppliesTo":{},"Tags":{},"VersionLabel":{"$t":"1.0"},"State":{"$t":"CURRENT"},"ProcessGroup":{},"CreatedBy":{"$t":"sagarwal@svccon.com"},"CreationDate":{"$t":"2018-09-15T22:06:24Z"},"ModifiedBy":{},"PublicationStatus":{"$t":"published"},"PublishedBy":{"$t":"sagarwal@svccon.com"},"PublicationDate":{"$t":"2018-09-15T22:06:27Z"},"PublishedContributionId":{"$t":"project:\/rt.connector\/Email_Service\/Email_Service_svcDef.xml"},"AutosaveExists":{"$t":"false"},"Entry":{"businessConnector":{"agentOnly":"false","debug":"false","displayName":"Email Service","label":"","name":"Email_Service","uuid":"e5a075fd-8d9d-45a6-86d4-bd603ca916e9","xmlns":"http:\/\/schemas.informatica.com\/socrates\/data-services\/2014\/05\/business-connector-model.xsd","xmlns$aetgt":"http:\/\/schemas.active-endpoints.com\/appmodules\/repository\/2010\/10\/avrepository.xsd","description":{},"tags":{},"connectionAttributes":{"xmlns":"http:\/\/schemas.informatica.com\/appmodules\/screenflow\/2014\/04\/avosConnectors.xsd","connectionAttribute":[{"description":"Host Name","masked":"false","name":"hostName","required":"true","testWith":"na1.ai.dm-us.informaticacloud.com:443","type":"string"},{"description":"User Name","masked":"false","name":"username","required":"true","testWith":"testuser2","type":"string"},{"description":"Password","masked":"true","name":"password","required":"true","testWith":"","type":"string"}]},"actions":{"action":{"category":"","failOnError":"true","forSearch":"false","label":"Email_ServiceOperation","maxRedirects":"100","name":"Email_ServiceOperation","preemptiveAuth":"true","responseEncoding":"","description":{},"input":{"parameter":{"label":"body","name":"body","required":"true","testWith":"{ \"SendTo\": \"testconsumer@mailinator.com\", \"Message\": \"Test\" }","type":"reference","options":{"option":{"name":"referenceTo","$t":"Email_ServiceRequest"}}}},"binding":{"restSimpleBinding":{"multiUsing":"semicolonSeparated","url":"https:\/\/{$hostName}\/active-bpel\/rt\/Email_Service","verb":"POST","authentication":{"username":{"$t":"{$username}"},"password":{"$t":"{$password}"},"isExpressionInPassword":{"$t":"true"}},"httpHeaders":{"header":{"name":"Content-Type","$t":"application\/json"}},"body":{"generateUsing":"UnwrappedJSON","preserveJsonStringFormatting":"false"}}},"output":{}}},"objects":{"processObject":[{"isByCopy":"true","name":"Email_ServiceRequest","xmlns":"http:\/\/schemas.active-endpoints.com\/appmodules\/screenflow\/2011\/06\/avosHostEnvironment.xsd","description":{},"detail":{"field":[{"name":"Message","type":"string"},{"name":"SendTo","type":"string"}]}},{"isByCopy":"true","name":"string","xmlns":"http:\/\/schemas.active-endpoints.com\/appmodules\/screenflow\/2011\/06\/avosHostEnvironment.xsd","description":{},"detail":{"field":{"name":"string","type":"string"}}},{"isByCopy":"true","name":"boolean","xmlns":"http:\/\/schemas.active-endpoints.com\/appmodules\/screenflow\/2011\/06\/avosHostEnvironment.xsd","description":{},"detail":{"field":{"name":"boolean","type":"boolean"}}},{"isByCopy":"true","name":"double","xmlns":"http:\/\/schemas.active-endpoints.com\/appmodules\/screenflow\/2011\/06\/avosHostEnvironment.xsd","description":{},"detail":{"field":{"name":"double","type":"double"}}},{"isByCopy":"true","name":"integer","xmlns":"http:\/\/schemas.active-endpoints.com\/appmodules\/screenflow\/2011\/06\/avosHostEnvironment.xsd","description":{},"detail":{"field":{"name":"integer","type":"int"}}}]}}},"GUID":{"$t":"3t9Wk0LXyHxjk62xe1T1Y5"},"DisplayName":{"$t":"Email Service"}}