{"EntryId":{"$t":"q78OHDvGFaaaaaa-gt-574316-2018-09-15T21:55:37.263Z::svc.xml"},"Name":{"$t":"Get_Margin_Detail"},"ParentFlowIds":{"$t":"XhFtybduaa-gt-490697-2018-09-15T21:56:37.794Z::conn.xml"},"MimeType":{"$t":"application\/xml+businesssconnector"},"Description":{},"AppliesTo":{},"Tags":{},"VersionLabel":{"$t":"1.0"},"State":{"$t":"CURRENT"},"ProcessGroup":{},"CreatedBy":{"$t":"sagarwal@svccon.com"},"CreationDate":{"$t":"2018-09-15T21:55:37Z"},"ModifiedBy":{},"PublicationStatus":{"$t":"published"},"PublishedBy":{"$t":"sagarwal@svccon.com"},"PublicationDate":{"$t":"2018-09-15T21:55:41Z"},"PublishedContributionId":{"$t":"project:\/rt.connector\/Get_Margin_Detail\/Get_Margin_Detail_svcDef.xml"},"AutosaveExists":{"$t":"false"},"Entry":{"businessConnector":{"agentOnly":"false","debug":"false","displayName":"Get Margin Detail","label":"","name":"Get_Margin_Detail","uuid":"55396781-e99b-49c5-95fe-96b9137979df","xmlns":"http:\/\/schemas.informatica.com\/socrates\/data-services\/2014\/05\/business-connector-model.xsd","xmlns$aetgt":"http:\/\/schemas.active-endpoints.com\/appmodules\/repository\/2010\/10\/avrepository.xsd","description":{},"tags":{},"connectionAttributes":{"xmlns":"http:\/\/schemas.informatica.com\/appmodules\/screenflow\/2014\/04\/avosConnectors.xsd","connectionAttribute":[{"description":"Host Name","masked":"false","name":"hostName","required":"true","testWith":"na1.ai.dm-us.informaticacloud.com:443","type":"string"},{"description":"User Name","masked":"false","name":"username","required":"true","testWith":"testuser2","type":"string"},{"description":"Password","masked":"true","name":"password","required":"true","testWith":"","type":"string"}]},"actions":{"action":{"category":"","failOnError":"true","forSearch":"false","label":"Calculate_Margin_ServiceOperation","maxRedirects":"100","name":"Calculate_Margin_ServiceOperation","preemptiveAuth":"true","responseEncoding":"","description":{"$t":"This mock service calculates margin for a particular order. For a particular item, this service will provide details on company margin, sales margin and margin per unit."},"input":{"parameter":{"label":"body","name":"body","required":"true","testWith":"{ \"ItemSellingPrice\": 100, \"ItemCount\": 2, \"ItemCostPrice\": 50, \"SalesCommissionInPercentage\": 10 }","type":"reference","options":{"option":{"name":"referenceTo","$t":"Calculate_Margin_ServiceRequest"}}}},"binding":{"restSimpleBinding":{"multiUsing":"semicolonSeparated","url":"https:\/\/{$hostName}\/active-bpel\/rt\/Calculate_Margin_Service","verb":"POST","authentication":{"username":{"$t":"{$username}"},"password":{"$t":"{$password}"},"isExpressionInPassword":{"$t":"true"}},"httpHeaders":{"header":[{"name":"Content-Type","$t":"application\/json"},{"name":"Accept","$t":"application\/json"}]},"body":{"generateUsing":"UnwrappedJSON","preserveJsonStringFormatting":"false"}}},"output":{"field":{"description":"Successful response","entireResponse":"true","name":"Calculate_Margin_ServiceResponse","type":"reference","options":{"option":{"name":"referenceTo","$t":"Calculate_Margin_ServiceResponse"}}}}}},"objects":{"processObject":[{"isByCopy":"true","name":"Calculate_Margin_ServiceRequest","xmlns":"http:\/\/schemas.active-endpoints.com\/appmodules\/screenflow\/2011\/06\/avosHostEnvironment.xsd","description":{},"detail":{"field":[{"name":"ItemSellingPrice","type":"double"},{"name":"ItemCount","type":"int"},{"name":"ItemCostPrice","type":"double"},{"name":"SalesCommissionInPercentage","type":"int"}]}},{"isByCopy":"true","name":"Calculate_Margin_ServiceResponse","xmlns":"http:\/\/schemas.active-endpoints.com\/appmodules\/screenflow\/2011\/06\/avosHostEnvironment.xsd","description":{},"detail":{"field":[{"name":"MarginPerUnit","type":"double"},{"name":"MarginAfterCommission","type":"double"},{"name":"MarginBeforeCommission","type":"double"},{"name":"SalesCommission","type":"double"}]}},{"isByCopy":"true","name":"string","xmlns":"http:\/\/schemas.active-endpoints.com\/appmodules\/screenflow\/2011\/06\/avosHostEnvironment.xsd","description":{},"detail":{"field":{"name":"string","type":"string"}}},{"isByCopy":"true","name":"boolean","xmlns":"http:\/\/schemas.active-endpoints.com\/appmodules\/screenflow\/2011\/06\/avosHostEnvironment.xsd","description":{},"detail":{"field":{"name":"boolean","type":"boolean"}}},{"isByCopy":"true","name":"double","xmlns":"http:\/\/schemas.active-endpoints.com\/appmodules\/screenflow\/2011\/06\/avosHostEnvironment.xsd","description":{},"detail":{"field":{"name":"double","type":"double"}}},{"isByCopy":"true","name":"integer","xmlns":"http:\/\/schemas.active-endpoints.com\/appmodules\/screenflow\/2011\/06\/avosHostEnvironment.xsd","description":{},"detail":{"field":{"name":"integer","type":"int"}}}]}}},"GUID":{"$t":"4pZ3m5BUqg0irIkmbHVhkp"},"DisplayName":{"$t":"Get Margin Detail"}}