{"EntryId":{"$t":"XhFtybduaa-gt-490697-2018-09-15T21:56:37.794Z::conn.xml"},"Name":{"$t":"Get-Margin-Detail"},"ParentFlowIds":{"$t":"dreAFLK2D86CjqF-gt-682235-2018-09-15T20:38:59.053Z::pd.xml"},"MimeType":{"$t":"application\/xml+connection"},"Description":{},"AppliesTo":{},"Tags":{},"VersionLabel":{"$t":"1.0"},"State":{"$t":"CURRENT"},"ProcessGroup":{},"CreatedBy":{"$t":"sagarwal@svccon.com"},"CreationDate":{"$t":"2018-09-15T21:56:38Z"},"ModifiedBy":{},"PublicationStatus":{"$t":"published"},"PublishedBy":{"$t":"sagarwal@svccon.com"},"PublicationDate":{"$t":"2018-09-15T21:56:42Z"},"PublishedContributionId":{"$t":"project:\/rt.connection\/Get-Margin-Detail\/Get-Margin-Detail.conn.xml"},"AutosaveExists":{"$t":"false"},"Entry":{"connection":{"displayName":"Get-Margin-Detail","label":"Get-Margin-Detail","name":"Get-Margin-Detail","xmlns":"http:\/\/schemas.informatica.com\/socrates\/data-services\/2014\/04\/avosConnections.xsd","xmlns$aetgt":"http:\/\/schemas.active-endpoints.com\/appmodules\/repository\/2010\/10\/avrepository.xsd","description":{},"tags":{},"agent":{},"attributes":{"attribute":[{"encrypted":"false","name":"hostName","value":"na1.ai.dm-us.informaticacloud.com:443"},{"encrypted":"false","name":"username","value":"testuser2"},{"encrypted":"true","name":"password","value":""}]},"businessConnector":{"agentOnly":"false","connectorPath":"project:\/rt.connector\/Get_Margin_Detail\/Get_Margin_Detail_svcDef.xml","guid":"4pZ3m5BUqg0irIkmbHVhkp","name":"Get_Margin_Detail","supportsConnectionTest":"false","uuid":"55396781-e99b-49c5-95fe-96b9137979df","xmlns":"http:\/\/schemas.informatica.com\/appmodules\/screenflow\/2014\/04\/avosConnectors.xsd","description":{}}}},"GUID":{"$t":"3DVsPP1OumReLE6GWuGHEO"},"DisplayName":{"$t":"Get-Margin-Detail"}}