{"EntryId":{"$t":"dreAFLK2D86CjqF-gt-682235-2018-09-15T20:38:59.053Z::pd.xml"},"Name":{"$t":"Order_Management"},"MimeType":{"$t":"application\/xml+process"},"Description":{},"AppliesTo":{},"Tags":{},"VersionLabel":{"$t":"1.0"},"State":{"$t":"CURRENT"},"ProcessGroup":{},"CreatedBy":{"$t":"sagarwal@svccon.com"},"CreationDate":{"$t":"2018-09-15T20:38:59Z"},"ModifiedBy":{"$t":"sagarwal@svccon.com"},"ModificationDate":{"$t":"2018-09-15T22:27:43Z"},"PublicationStatus":{"$t":"published"},"PublishedBy":{"$t":"sagarwal@svccon.com"},"PublicationDate":{"$t":"2018-09-15T22:27:47Z"},"PublishedContributionId":{"$t":"project:\/spi.Order_Management\/Order_Management.pd.xml"},"AutosaveExists":{"$t":"false"},"Entry":{"process":{"displayName":"Order Management","name":"Order_Management","xmlns":"http:\/\/schemas.active-endpoints.com\/appmodules\/screenflow\/2010\/10\/avosScreenflow.xsd","xmlns$aetgt":"http:\/\/schemas.active-endpoints.com\/appmodules\/repository\/2010\/10\/avrepository.xsd","xmlns$list":"urn:activevos:spi:list:functions","appliesTo":{},"description":{},"tags":{},"generator":{"$t":"Informatica Process Designer 9"},"input":{"parameter":[{"description":"Name of the Customer","name":"CustomerName","required":"true","type":"string","options":{"option":{"name":"required","$t":"false"}}},{"description":"Email of the Customer","name":"CustomerEmail","required":"true","type":"string","options":{"option":{"name":"required","$t":"false"}}},{"description":"Name of the Item","name":"ItemName","required":"true","type":"string","options":{"option":{"name":"required","$t":"false"}}},{"description":"Number of units of the Item ordered","name":"ItemCount","required":"true","type":"int","options":{"option":{"name":"required","$t":"false"}}}]},"output":{"field":[{"description":"Status of the order","name":"Status","type":"string","options":{"option":{"name":"required","$t":"false"}}},{"description":"Order tracking reference number","name":"OrderID","type":"string","options":{"option":{"name":"required","$t":"false"}}},{"description":"Price of the Item","name":"ItemPrice","type":"double","options":{"option":{"name":"required","$t":"false"}}},{"description":"Price of the Order- Item Price * Item Count","name":"OrderPrice","type":"double","options":{"option":{"name":"required","$t":"false"}}}]},"tempFields":{"field":{"description":"","name":"InventoryDetails","type":"reference","options":{"option":[{"name":"referenceTo","$t":"Get-Margin-Detail:Calculate_Margin_ServiceRequest"},{"name":"required","$t":"false"},{"name":"isCopy","$t":"true"},{"name":"guid","$t":"3DVsPP1OumReLE6GWuGHEO"}]}}},"notes":{},"deployment":{"suspendOnFault":"false","tracingLevel":"verbose","rest":{"allowedUsers":{"user":{"$t":"sagarwal@svccon.com"}}}},"flow":{"id":"a","start":{"id":"b","link":{"id":"jm3vzgry","targetId":"jm3zrxmh"}},"eventContainer":{"id":"jm3zrxmh","service":{"id":"jm3vzgrx","title":{"$t":"Get Inventory Detail"},"serviceName":{"$t":"Get-Inventory-Detail:getInventoryDetail"},"serviceGUID":{"$t":"2tyYddlJhO3erl2ZRYvOqx"},"serviceInput":{"parameter":{"name":"ItemName","source":"field","updatable":"true","$t":"input.ItemName"}}},"flow":[{"id":"jm3zrxmj","assignment":{"id":"jm3zrxmx","title":{"$t":"Assign Order Details"},"operation":[{"source":"constant","to":"output.Status","$t":"Your order is accepted."},{"source":"formula","to":"output.OrderID","expression":{"language":"XQuery","$t":"util:getProcessId()"}},{"source":"field","to":"output.ItemPrice","$t":"output.Item[1]\/sellprice"},{"source":"formula","to":"output.OrderPrice","expression":{"language":"XQuery","$t":"$output.ItemPrice * $input.ItemCount"}},{"source":"field","to":"temp.InventoryDetails[1]\/ItemCostPrice","$t":"output.Item[1]\/costprice"},{"source":"field","to":"temp.InventoryDetails[1]\/ItemCount","$t":"input.ItemCount"},{"source":"field","to":"temp.InventoryDetails[1]\/ItemSellingPrice","$t":"output.Item[1]\/sellprice"},{"source":"field","to":"temp.InventoryDetails[1]\/SalesCommissionInPercentage","$t":"output.Item[1]\/commission"}],"link":{"id":"jm3zrxnk","targetId":"jm3zrxnj"}},"service":{"id":"jm3zrxnj","title":{"$t":"Get Margin Detail"},"serviceName":{"$t":"Get-Margin-Detail:Calculate_Margin_ServiceOperation"},"serviceGUID":{"$t":"3DVsPP1OumReLE6GWuGHEO"},"serviceInput":{"parameter":{"name":"body","source":"field","$t":"temp.InventoryDetails"}},"link":{"id":"jm3zrxoa","targetId":"jm3zrxo1"}},"container":{"id":"jm3zrxo1","type":"parallel","title":{"$t":"Send Emails"},"flow":[{"id":"jm3zrxo2","subflow":{"id":"jm3zrxo3","title":{"$t":"Send Email to Consumer"},"subflowGUID":{"$t":"kM9XkTddNalcGeczHSyNS6"},"subflowPath":{"$t":"Send_Email"},"runForEach":{"$t":"false"},"input":{"parameter":[{"name":"EmailAddress","source":"field","updatable":"true","$t":"input.CustomerEmail"},{"name":"Message","source":"formula","updatable":"true","expression":{"language":"XQuery","$t":"fn:concat (\"Dear \", $input.CustomerName, \", Thanks for ordering.\", \".\\n\\nYour order ID is: \", $output.OrderID, \". We will deliver your order in 7 days.\")"}}]},"outputDef":{}},"link":{"id":"jm3zrxo8","targetId":"jm3zrxo1","type":"containerLink"}},{"id":"jm3zrxo4","subflow":{"id":"jm3zrxo5","title":{"$t":"Send Email to Vendor"},"subflowGUID":{"$t":"kM9XkTddNalcGeczHSyNS6"},"subflowPath":{"$t":"Send_Email"},"runForEach":{"$t":"false"},"input":{"parameter":[{"name":"EmailAddress","source":"constant","updatable":"true","$t":"testvendor@mailinator.com"},{"name":"Message","source":"formula","updatable":"true","expression":{"language":"XQuery","$t":"fn:concat (\"Order has been accepted. The order ID is: \", $output.OrderID, \". Please note below details for your records.\\n\", \"  \\nOverall Profit: \", $output.Calculate_Margin_ServiceResponse[1]\/MarginBeforeCommission   ,\"\\nSales Commission: \", $output.Calculate_Margin_ServiceResponse[1]\/SalesCommission,\"\\nProfit after Commission: \", $output.Calculate_Margin_ServiceResponse[1]\/MarginAfterCommission )"}}]},"outputDef":{}},"link":{"id":"jm3zrxo9","targetId":"jm3zrxo1","type":"containerLink"}}],"link":[{"id":"jm3zrxo6","targetId":"jm3zrxo2","type":"containerLink"},{"id":"jm3zrxo7","targetId":"jm3zrxo4","type":"containerLink"}]},"link":{"id":"jm3zrxmk","targetId":"jm3zrxmh","type":"containerLink"}},{"id":"jm3zrxmm","assignment":{"id":"jm3zrxop","title":{"$t":"Set fault status"},"operation":{"source":"constant","to":"output.Status","$t":"Item not in stock. Apologies for the inconvenience."}},"link":{"id":"jm3zrxmn","targetId":"jm3zrxmh","type":"containerLink"}}],"link":[{"id":"jm3zrxmi","targetId":"jm3zrxmj","type":"containerLink"},{"id":"jm3zrxo0","targetId":"c"}],"events":{"catch":{"faultField":"faultInfo","id":"jm3zrxmg","interrupting":"true","link":{"id":"jm3zrxml","targetId":"jm3zrxmm","type":"containerLink"}}}},"end":{"id":"c"}}}},"GUID":{"$t":"7dkSA5A4pSdfy5kr0jtyEX"},"DisplayName":{"$t":"Order Management"}}