{"EntryId":{"$t":"Vox9AWbg0ZkL0jm-gt-683480-2018-09-15T22:13:15.763Z::pd.xml"},"Name":{"$t":"Send_Email"},"ParentFlowIds":{"$t":"dreAFLK2D86CjqF-gt-682235-2018-09-15T20:38:59.053Z::pd.xml"},"MimeType":{"$t":"application\/xml+process"},"Description":{},"AppliesTo":{},"Tags":{"$t":".anonymous"},"VersionLabel":{"$t":"1.0"},"State":{"$t":"CURRENT"},"ProcessGroup":{},"CreatedBy":{"$t":"sagarwal@svccon.com"},"CreationDate":{"$t":"2018-09-15T22:13:16Z"},"ModifiedBy":{"$t":"sagarwal@svccon.com"},"ModificationDate":{"$t":"2018-09-15T22:16:18Z"},"PublicationStatus":{"$t":"published"},"PublishedBy":{"$t":"sagarwal@svccon.com"},"PublicationDate":{"$t":"2018-09-15T22:27:47Z"},"PublishedContributionId":{"$t":"project:\/spi.Send_Email\/Send_Email.pd.xml"},"AutosaveExists":{"$t":"false"},"Entry":{"process":{"displayName":"Send Email","name":"Send_Email","xmlns":"http:\/\/schemas.active-endpoints.com\/appmodules\/screenflow\/2010\/10\/avosScreenflow.xsd","xmlns$aetgt":"http:\/\/schemas.active-endpoints.com\/appmodules\/repository\/2010\/10\/avrepository.xsd","xmlns$list":"urn:activevos:spi:list:functions","appliesTo":{},"description":{},"tags":{"$t":".anonymous"},"generator":{"$t":"Informatica Process Designer 9"},"input":{"parameter":[{"description":"","name":"EmailAddress","required":"true","type":"string","options":{"option":{"name":"required","$t":"false"}}},{"description":"","name":"Message","required":"true","type":"string","options":{"option":{"name":"required","$t":"false"}}}]},"tempFields":{"field":{"description":"","name":"Email","type":"reference","options":{"option":[{"name":"referenceTo","$t":"Email-Service:Email_ServiceRequest"},{"name":"required","$t":"false"},{"name":"isCopy","$t":"true"},{"name":"guid","$t":"2H9wBo7tk9CdCJr7jn2FCQ"}]}}},"notes":{},"deployment":{"suspendOnFault":"false","tracingLevel":"verbose","rest":{"allowAnonymousAccess":{}}},"flow":{"id":"a","start":{"id":"b","link":{"id":"jm3zhpro","targetId":"jm3zhprn"}},"assignment":{"id":"jm3zhprn","title":{"$t":"Create Email"},"operation":[{"source":"field","to":"temp.Email[1]\/Message","$t":"input.Message"},{"source":"field","to":"temp.Email[1]\/SendTo","$t":"input.EmailAddress"}],"link":{"id":"jm3zhprz","targetId":"jm3zhpry"}},"service":{"id":"jm3zhpry","title":{"$t":"Call Email Service"},"serviceName":{"$t":"Email-Service:Email_ServiceOperation"},"serviceGUID":{"$t":"2H9wBo7tk9CdCJr7jn2FCQ"},"serviceInput":{"parameter":{"name":"body","source":"field","$t":"temp.Email"}},"link":{"id":"jm3zhps0","targetId":"c"}},"end":{"id":"c"}}}},"GUID":{"$t":"kM9XkTddNalcGeczHSyNS6"},"DisplayName":{"$t":"Send Email"}}