{
  "name" : "Google Geocode-0918",
  "sourceOrgId" : "aDdeKzHZEoQdwATn5hMqI8",
  "sourceOrgName" : "CAI Service Connectors",
  "exportedObjects" : [ {
    "objectGuid" : "6zQsuvi3AEjdUVo6EIrVCS",
    "objectName" : "Google Geocode API",
    "objectType" : "AI_SERVICE_CONNECTOR",
    "path" : "/Explore/Google Geocode",
    "metadata" : {
      "modelVersion" : {
        "major" : 1,
        "minor" : 0
      },
      "repoInfo" : {
        "repoHandle" : "5G7MDOp7jvppppp-gt-50181-2018-07-30T14:41:29.908Z::svc.xml"
      },
      "objectRefs" : [ ],
      "contextAttributes" : null,
      "additionalInfo" : {
        "description" : "Use Google's Simple Geocoding Web Service.  Takes a delimited address and returns latitude and longitude coordinates, and the fully formatted address.",
        "contentType" : "application/json; charset=utf-8",
        "documentState" : "VALID"
      },
      "objectExistence" : "WITH_DEPENDENCIES"
    }
  }, {
    "objectGuid" : "1ivY2S1Nk93j6ES984OM0N",
    "objectName" : "Google Geocode",
    "objectType" : "Project",
    "path" : "/Explore",
    "metadata" : {
      "modelVersion" : {
        "major" : 0,
        "minor" : 0
      },
      "repoInfo" : null,
      "objectRefs" : [ ],
      "contextAttributes" : [ ],
      "additionalInfo" : {
        "description" : "This contains the service connector, sample connection, and sample process that demonstrates use of Google's Geocode service.",
        "contentType" : "Binary",
        "documentState" : "COMPLETE"
      },
      "objectExistence" : "WITHOUT_DEPENDENCIES"
    }
  }, {
    "objectGuid" : "6PeXolFnhGtf7rquxQLSAr",
    "objectName" : "Geocode an address",
    "objectType" : "PROCESS",
    "path" : "/Explore/Google Geocode",
    "metadata" : {
      "modelVersion" : {
        "major" : 1,
        "minor" : 0
      },
      "repoInfo" : {
        "repoHandle" : "RDVhJEaaaaaaaaa-gt-257969-2018-07-30T14:46:46.703Z::pd.xml"
      },
      "objectRefs" : [ "6BrncxShdGwdbFoGHVAqYj" ],
      "contextAttributes" : null,
      "additionalInfo" : {
        "description" : "This process takes an address presented as a string and returns  the latitude and longitude of the address, along with lots of related information.",
        "contentType" : "application/json; charset=utf-8",
        "documentState" : "VALID"
      },
      "objectExistence" : "WITH_DEPENDENCIES"
    }
  }, {
    "objectGuid" : "6BrncxShdGwdbFoGHVAqYj",
    "objectName" : "Google-Geocode-API-actions",
    "objectType" : "AI_CONNECTION",
    "path" : "/Explore/Google Geocode",
    "metadata" : {
      "modelVersion" : {
        "major" : 1,
        "minor" : 0
      },
      "repoInfo" : {
        "repoHandle" : "zFKbdtqSLlBWlD2-gt-50197-2018-07-30T14:41:30.418Z::conn.xml"
      },
      "objectRefs" : [ "6zQsuvi3AEjdUVo6EIrVCS" ],
      "contextAttributes" : null,
      "additionalInfo" : {
        "description" : "",
        "contentType" : "application/json; charset=utf-8",
        "documentState" : "VALID"
      },
      "objectExistence" : "WITH_DEPENDENCIES"
    }
  } ]
}