{
  "name" : "Google Geocode-1537399046555",
  "sourceOrgId" : "aDdeKzHZEoQdwATn5hMqI8",
  "sourceOrgName" : "CAI Service Connectors",
  "exportedObjects" : [ {
    "objectGuid" : "6zQsuvi3AEjdUVo6EIrVCS",
    "objectName" : "Google Geocode API",
    "objectType" : "AI_SERVICE_CONNECTOR",
    "path" : "/Explore/Google Geocode",
    "metadata" : {
      "modelVersion" : {
        "major" : 1,
        "minor" : 0
      },
      "repoInfo" : {
        "repoHandle" : "5G7MDOp7jvppppp-gt-50181-2018-07-30T14:41:29.908Z::svc.xml"
      },
      "objectRefs" : [ ],
      "contextAttributes" : null,
      "additionalInfo" : {
        "description" : "Use Google's  Geocoding Web Service. Requires a Google API key.\nhttps://developers.google.com/maps/documentation/geocoding/start.",
        "contentType" : "application/json; charset=utf-8",
        "documentState" : "VALID"
      },
      "objectExistence" : "WITH_DEPENDENCIES"
    }
  }, {
    "objectGuid" : "1ivY2S1Nk93j6ES984OM0N",
    "objectName" : "Google Geocode",
    "objectType" : "Project",
    "path" : "/Explore",
    "metadata" : {
      "modelVersion" : {
        "major" : 0,
        "minor" : 0
      },
      "repoInfo" : null,
      "objectRefs" : [ ],
      "contextAttributes" : [ ],
      "additionalInfo" : {
        "description" : "This contains the service connector, sample connection, and sample process that demonstrates use of Google's Geocode service.",
        "contentType" : "Binary",
        "documentState" : "COMPLETE"
      },
      "objectExistence" : "WITHOUT_DEPENDENCIES"
    }
  }, {
    "objectGuid" : "4NhhMFYQF3jjHzTsHEY44F",
    "objectName" : "Generate Plus Codes from street address",
    "objectType" : "PROCESS",
    "path" : "/Explore/Google Geocode",
    "metadata" : {
      "modelVersion" : {
        "major" : 1,
        "minor" : 0
      },
      "repoInfo" : {
        "repoHandle" : "lAkRtO3M4WwOC2X-gt-34598-2018-09-18T19:10:59.185Z::pd.xml"
      },
      "objectRefs" : [ "6BrncxShdGwdbFoGHVAqYj" ],
      "contextAttributes" : null,
      "additionalInfo" : {
        "description" : "Take a street address as input, converts that to lat/lng points, which are then used to generate  Plus Code addresses.  https://plus.codes/",
        "contentType" : "application/json; charset=utf-8",
        "documentState" : "VALID"
      },
      "objectExistence" : "WITH_DEPENDENCIES"
    }
  }, {
    "objectGuid" : "6PeXolFnhGtf7rquxQLSAr",
    "objectName" : "Geocode an address",
    "objectType" : "PROCESS",
    "path" : "/Explore/Google Geocode",
    "metadata" : {
      "modelVersion" : {
        "major" : 1,
        "minor" : 0
      },
      "repoInfo" : {
        "repoHandle" : "RDVhJEaaaaaaaaa-gt-257969-2018-07-30T14:46:46.703Z::pd.xml"
      },
      "objectRefs" : [ "6BrncxShdGwdbFoGHVAqYj" ],
      "contextAttributes" : null,
      "additionalInfo" : {
        "description" : "This process takes an address presented as a string and returns  the latitude and longitude of the address, along with lots of related information.",
        "contentType" : "application/json; charset=utf-8",
        "documentState" : "VALID"
      },
      "objectExistence" : "WITH_DEPENDENCIES"
    }
  }, {
    "objectGuid" : "6BrncxShdGwdbFoGHVAqYj",
    "objectName" : "Google-Geocode-API-actions",
    "objectType" : "AI_CONNECTION",
    "path" : "/Explore/Google Geocode",
    "metadata" : {
      "modelVersion" : {
        "major" : 1,
        "minor" : 0
      },
      "repoInfo" : {
        "repoHandle" : "zFKbdtqSLlBWlD2-gt-50197-2018-07-30T14:41:30.418Z::conn.xml"
      },
      "objectRefs" : [ ],
      "contextAttributes" : null,
      "additionalInfo" : {
        "description" : "A connection built on the Google Geocode Connector.",
        "contentType" : "application/json; charset=utf-8",
        "documentState" : "VALID"
      },
      "objectExistence" : "WITH_DEPENDENCIES"
    }
  } ]
}