<aetgt:getResponse xmlns:aetgt="http://schemas.active-endpoints.com/appmodules/repository/2010/10/avrepository.xsd"
                   xmlns:types1="http://schemas.active-endpoints.com/appmodules/repository/2010/10/avrepository.xsd">
   <types1:Item>
      <types1:EntryId>UJsJGD4ARW8UBM7-gt-9347346-2020-05-04T18:55:00.474Z::pd.xml</types1:EntryId>
      <types1:Name>api-StudentBio-v1</types1:Name>
      <types1:MimeType>application/xml+process</types1:MimeType>
      <types1:Description>StudentBio - API returns biographic data about any person known to Mason who was ever classified as a student, current or in the past (history).
Wrapper Process is available service to API Manager.
Created: 05/2020  - Version 1</types1:Description>
      <types1:AppliesTo/>
      <types1:Tags/>
      <types1:VersionLabel>1.0</types1:VersionLabel>
      <types1:State>CURRENT</types1:State>
      <types1:ProcessGroup/>
      <types1:CreatedBy>mlulis@gmu.edu.dev</types1:CreatedBy>
      <types1:CreationDate>2020-05-04T18:55:00Z</types1:CreationDate>
      <types1:ModifiedBy>edis@gmu.edu.sandbox</types1:ModifiedBy>
      <types1:ModificationDate>2020-05-15T17:07:33Z</types1:ModificationDate>
      <types1:PublicationStatus>published</types1:PublicationStatus>
      <types1:PublishedBy>edis@gmu.edu.dev</types1:PublishedBy>
      <types1:PublicationDate>2020-05-31T18:28:09Z</types1:PublicationDate>
      <types1:PublishedContributionId>project:/spi.api-StudentBio-v1/api-StudentBio-v1.pd.xml</types1:PublishedContributionId>
      <types1:AutosaveExists>false</types1:AutosaveExists>
      <types1:Entry>
         <process xmlns="http://schemas.active-endpoints.com/appmodules/screenflow/2010/10/avosScreenflow.xsd"
                  xmlns:list="urn:activevos:spi:list:functions"
                  displayName="api-StudentBio-v1"
                  name="api-StudentBio-v1"
                  overrideAPIName="true">
            <appliesTo/>
            <description>StudentBio - API returns biographic data about any person known to Mason who was ever classified as a student, current or in the past (history).
Wrapper Process is available service to API Manager.
Created: 05/2020  - Version 1</description>
            <tags/>
            <generator>Informatica Process Designer 11</generator>
            <input>
               <parameter description="Mason unique student identifier"
                          name="gNumber"
                          type="string">
                  <options>
                     <option name="required">false</option>
                  </options>
               </parameter>
               <parameter description="Effective Dating 'C'urrent or 'H'istory"
                          name="currentInd"
                          required="true"
                          type="string">
                  <options>
                     <option name="required">false</option>
                  </options>
               </parameter>
               <parameter description="Population is filtered where effective date from is greater than or equal to this date"
                          name="effectiveFromDtAfter"
                          type="string">
                  <options>
                     <option name="required">false</option>
                  </options>
               </parameter>
               <parameter description="Population is filtered where effective date from is less than or equal to this date"
                          name="effectiveFromDtBefore"
                          type="string">
                  <options>
                     <option name="required">false</option>
                  </options>
               </parameter>
               <parameter description="Comma separated list of sort data elements"
                          name="sort"
                          type="string">
                  <options>
                     <option name="required">false</option>
                  </options>
               </parameter>
               <parameter description="Identfies population is filtered by employee"
                          name="employeeInd"
                          type="string">
                  <options>
                     <option name="required">false</option>
                  </options>
               </parameter>
               <parameter description="Identifies population is filtered by applicant"
                          name="applicantInd"
                          type="string">
                  <options>
                     <option name="required">false</option>
                  </options>
               </parameter>
               <parameter description="Identfies population is filtered by Instructor"
                          name="instructorInd"
                          type="string">
                  <options>
                     <option name="required">false</option>
                  </options>
               </parameter>
               <parameter description="Page Number" name="pageNumber" type="string">
                  <options>
                     <option name="required">false</option>
                  </options>
               </parameter>
               <parameter description="Page Size range to a maximum of 500"
                          name="pageSize"
                          type="string">
                  <options>
                     <option name="required">false</option>
                  </options>
               </parameter>
            </input>
            <output>
               <field description="" name="apiResponse" type="reference">
                  <options>
                     <option name="referenceTo">$po:CONSTBIOConstituentBioV1Response</option>
                     <option name="required">false</option>
                     <option name="isCopy">true</option>
                     <option name="guid">2psMFFilv2TcAJMMnx5c0k</option>
                  </options>
               </field>
               <field description="" name="error" type="reference">
                  <options>
                     <option name="referenceTo">$po:ErrorModel-1</option>
                     <option name="required">false</option>
                     <option name="isCopy">true</option>
                     <option name="guid">45Cm0QkdYHgdgzFBT65SSW</option>
                  </options>
               </field>
            </output>
            <tempFields>
               <field description="" name="t_inputFlag" type="int">
                  <options>
                     <option name="required">false</option>
                  </options>
               </field>
               <field description="" name="t_pageNumberFlag" type="int">
                  <options>
                     <option name="required">false</option>
                  </options>
               </field>
               <field description="" name="t_pageSizeFlag" type="int">
                  <options>
                     <option name="required">false</option>
                  </options>
               </field>
               <field description="" name="t_currentIndFlag" type="int">
                  <options>
                     <option name="required">false</option>
                  </options>
               </field>
               <field description="" name="t_studentIndFlag" type="int">
                  <options>
                     <option name="required">false</option>
                  </options>
               </field>
               <field description="" name="t_gNumberFlag" type="int">
                  <options>
                     <option name="required">false</option>
                  </options>
               </field>
               <field description="" name="t_sortFlag" type="int">
                  <options>
                     <option name="required">false</option>
                  </options>
               </field>
               <field description="" name="t_sort" type="objectlist">
                  <options>
                     <option name="referenceTo">$po:$any</option>
                     <option hide="true" name="multiSelect">true</option>
                     <option name="required">false</option>
                     <option name="isCopy">true</option>
                  </options>
               </field>
               <field description="" name="t_effectiveFromDtAfterFlag" type="int">
                  <options>
                     <option name="required">false</option>
                  </options>
               </field>
               <field description="" name="t_effectiveFromDtBeforeFlag" type="int">
                  <options>
                     <option name="required">false</option>
                  </options>
               </field>
               <field description="" name="t_effectiveFromDtAfter" type="datetime">
                  <options>
                     <option name="thirtyMinutesIncrement">true</option>
                     <option name="required">false</option>
                  </options>
               </field>
               <field description="" name="t_effectiveFromDtBefore" type="datetime">
                  <options>
                     <option name="thirtyMinutesIncrement">true</option>
                     <option name="required">false</option>
                  </options>
               </field>
               <field description="" name="t_employeeIndFlag" type="int">
                  <options>
                     <option name="required">false</option>
                  </options>
               </field>
               <field description="" name="t_applicantIndFlag" type="int">
                  <options>
                     <option name="required">false</option>
                  </options>
               </field>
               <field description="" name="t_instructorIndFlag" type="int">
                  <options>
                     <option name="required">false</option>
                  </options>
               </field>
               <field description="" name="t_pageNumber" type="int">
                  <options>
                     <option name="required">false</option>
                  </options>
               </field>
               <field description="" name="t_pageSize" type="int">
                  <options>
                     <option name="required">false</option>
                  </options>
               </field>
            </tempFields>
            <notes/>
            <deployment suspendOnFault="false" tracingLevel="verbose">
               <rest>
                  <allowedGroups>
                     <group>Admin Team</group>
                  </allowedGroups>
               </rest>
            </deployment>
            <flow id="a">
               <start id="b">
                  <link id="ka6r6245" targetId="ka6r627u"/>
               </start>
               <eventContainer id="ka6r627u">
                  <subflow id="ka6r6244">
                     <title>api-TextToIntegerTypeConversion</title>
                     <subflowGUID>4gYKZbibk6wffBFRdWM3GJ</subflowGUID>
                     <subflowPath>api-TextToIntegerTypeConversion</subflowPath>
                     <runForEach>false</runForEach>
                     <input>
                        <parameter name="pageNumber" source="field" updatable="true">input.pageNumber</parameter>
                        <parameter name="pageSize" source="field" updatable="true">input.pageSize</parameter>
                     </input>
                     <outputDef>
                        <field name="pageNumberInt" type="int">
                           <options>
                              <option name="required">false</option>
                           </options>
                        </field>
                        <field name="pageSizeInt" type="int">
                           <options>
                              <option name="required">false</option>
                           </options>
                        </field>
                     </outputDef>
                  </subflow>
                  <flow id="ka6r627w">
                     <assignment id="ka6r62gu">
                        <title>Assignment to t_pageNumber, t_pageSize</title>
                        <operation source="field" to="temp.t_pageNumber">output.pageNumberInt</operation>
                        <operation source="field" to="temp.t_pageSize">output.pageSizeInt</operation>
                     </assignment>
                     <link id="ka6r627x" targetId="ka6r627u" type="containerLink"/>
                  </flow>
                  <flow id="ka6r627z">
                     <assignment id="ka6r628y">
                        <title>Assignment to error</title>
                        <operation source="formula" to="output.error">
                           <expression language="XQuery">&lt;error&gt;
	&lt;code&gt;400&lt;/code&gt;
    &lt;detail&gt;Input Validation Failed&lt;/detail&gt;
    &lt;reason&gt;Input parameters defined incorrectly&lt;/reason&gt;
&lt;/error&gt;</expression>
                        </operation>
                        <link id="ka6r62yt" targetId="ka6r62ys"/>
                     </assignment>
                     <end id="ka6r62ys">
                        <title>End - Bad Request 1</title>
                        <httpStatus>400</httpStatus>
                     </end>
                  </flow>
                  <link id="ka6r627v" targetId="ka6r627w" type="containerLink"/>
                  <link id="ka6r6246" targetId="k8t0i16a"/>
                  <events>
                     <catch faultField="faultInfo" id="ka6r6247" interrupting="true">
                        <link id="ka6r627y" targetId="ka6r627z" type="containerLink"/>
                     </catch>
                  </events>
               </eventContainer>
               <assignment id="k8t0i16a">
                  <title>Assignment to t_pageNumberFlag, t_pageSizeFlag etc.</title>
                  <operation source="formula" to="temp.t_pageNumberFlag">
                     <expression language="XQuery">if($input.pageNumber!='')
then
(
	if(xs:long($temp.t_pageNumber) lt 1)
    then
    1
    else
    0
)
else
0</expression>
                  </operation>
                  <operation source="formula" to="temp.t_pageSizeFlag">
                     <expression language="XQuery">if($input.pageSize!='')
then
(
	if((xs:long($temp.t_pageSize) ge 100) and (xs:long($temp.t_pageSize) le 500))
    then
    0
    else
    1
)
else
0</expression>
                  </operation>
                  <operation source="formula" to="temp.t_employeeIndFlag">
                     <expression language="XQuery">if($input.employeeInd!='')
then
(
	if($input.employeeInd = 'Y' or $input.employeeInd = 'N')
	then
	0
	else
	1
)
else
0</expression>
                  </operation>
                  <operation source="formula" to="temp.t_gNumberFlag">
                     <expression language="XQuery">if($input.gNumber!='')
then
(
	if(fn:matches($input.gNumber, '^G\d{8}$'))
    then
    0
    else
    1
)
else
0</expression>
                  </operation>
                  <operation source="formula" to="temp.t_currentIndFlag">
                     <expression language="XQuery">if($input.currentInd = 'C' or $input.currentInd = 'H')
then
0
else
1</expression>
                  </operation>
                  <operation source="formula" to="temp.t_effectiveFromDtAfterFlag">
                     <expression language="XQuery">if($input.effectiveFromDtAfter!='')
then
(
	if(fn:matches($input.effectiveFromDtAfter, '^\d{4}-(0[1-9]|1[0-2])-(0?[1-9]|[12][0-9]|3[01])T(0[0-9]|1[0-9]|2[0-3]):([0-9]|[0-5][0-9]):([0-9]|[0-5][0-9])Z$'))
    then
    0
    else
    1
)
else
0</expression>
                  </operation>
                  <operation source="formula" to="temp.t_effectiveFromDtBeforeFlag">
                     <expression language="XQuery">if($input.effectiveFromDtBefore!='')
then
(
	if(fn:matches($input.effectiveFromDtBefore, '^\d{4}-(0[1-9]|1[0-2])-(0?[1-9]|[12][0-9]|3[01])T(0[0-9]|1[0-9]|2[0-3]):([0-9]|[0-5][0-9]):([0-9]|[0-5][0-9])Z$'))
    then
    0
    else
    1
)
else
0</expression>
                  </operation>
                  <operation source="formula" to="temp.t_sort">
                     <expression language="XQuery">if($input.sort!='')
then
(    
    for $x in fn:tokenize($input.sort, ',')
    return
    if($x = 'lastName' or $x = '-lastName' or $x = 'firstName' or $x = '-firstName' or $x = 'gNumber' or $x = '-gNumber' or $x = 'effectiveFromDate' or $x = '-effectiveFromDate')
    then
    list:append($temp.t_sort,'0')
    else
    list:append($temp.t_sort,'1')
)
else
list:append($temp.t_sort,'0')</expression>
                  </operation>
                  <operation source="formula" to="temp.t_sortFlag">
                     <expression language="XQuery">if(list:count($temp.t_sort)&lt;=10)
then
(
    if(fn:contains(fn:string-join($temp.t_sort), '1'))
    then
    1
    else
    0
)
else
1</expression>
                  </operation>
                  <operation source="formula" to="temp.t_applicantIndFlag">
                     <expression language="XQuery">if($input.applicantInd!='')
then
(
	if($input.applicantInd = 'Y' or $input.applicantInd = 'N')
	then
	0
	else
	1
)
else
0</expression>
                  </operation>
                  <operation source="formula" to="temp.t_instructorIndFlag">
                     <expression language="XQuery">if($input.instructorInd!='')
then
(
	if($input.instructorInd = 'Y' or $input.instructorInd = 'N')
	then
	0
	else
	1
)
else
0</expression>
                  </operation>
                  <link id="k8t0i1dw" targetId="k8t0i1dv"/>
               </assignment>
               <assignment id="k8t0i1dv">
                  <title>Assignment to t_inputFlag</title>
                  <operation source="formula" to="temp.t_inputFlag">
                     <expression language="XQuery">if(($temp.t_pageNumberFlag = 1) or ($temp.t_pageSizeFlag = 1) or ($temp.t_currentIndFlag = 1) or ($temp.t_employeeIndFlag = 1) or ($temp.t_applicantIndFlag = 1) or ($temp.t_instructorIndFlag = 1) or ($temp.t_gNumberFlag = 1) or ($temp.t_effectiveFromDtAfterFlag = 1) or ($temp.t_effectiveFromDtBeforeFlag = 1) or ($temp.t_sortFlag = 1))
then
1
else
0</expression>
                  </operation>
                  <link id="k8t0i1dx" targetId="k8t0i12v"/>
               </assignment>
               <container id="k8t0i12v" type="exclusive">
                  <title>t_inputFlag</title>
                  <flow id="k8t0i12z">
                     <eventContainer id="ka6r63rh">
                        <subflow id="ka6r63my">
                           <title>api-TextToDateTimeTypeConversion</title>
                           <subflowGUID>d4sYBfxMsQqiifCkHNPacK</subflowGUID>
                           <subflowPath>api-TextToDateTimeTypeConversion</subflowPath>
                           <runForEach>false</runForEach>
                           <input>
                              <parameter name="effectiveFromDtAfter" source="field" updatable="true">input.effectiveFromDtAfter</parameter>
                              <parameter name="effectiveFromDtBefore" source="field" updatable="true">input.effectiveFromDtBefore</parameter>
                           </input>
                           <outputDef>
                              <field name="effectiveFromDtAfterDateTime" type="datetime">
                                 <options>
                                    <option name="thirtyMinutesIncrement">true</option>
                                    <option name="required">false</option>
                                 </options>
                              </field>
                              <field name="effectiveFromDtBeforeDateTime" type="datetime">
                                 <options>
                                    <option name="thirtyMinutesIncrement">true</option>
                                    <option name="required">false</option>
                                 </options>
                              </field>
                           </outputDef>
                        </subflow>
                        <flow id="ka6r63rj">
                           <assignment id="ka710na0">
                              <title>Assignment to t_effectiveFromDtAfter, t_effectiveFromDtBefore</title>
                              <operation source="field" to="temp.t_effectiveFromDtAfter">output.effectiveFromDtAfterDateTime</operation>
                              <operation source="field" to="temp.t_effectiveFromDtBefore">output.effectiveFromDtBeforeDateTime</operation>
                              <link id="ka710ndl" targetId="ka710nd2"/>
                           </assignment>
                           <eventContainer id="ka710nd2">
                              <subflow id="ka710ndc">
                                 <title>api-StudentBio-Base</title>
                                 <subflowGUID>2LDrc0rGe0PlyYwjMae4ia</subflowGUID>
                                 <subflowPath>api-StudentBio-Base-v1</subflowPath>
                                 <runForEach>false</runForEach>
                                 <input>
                                    <parameter name="gNumber" source="field" updatable="true">input.gNumber</parameter>
                                    <parameter name="currentInd" source="field" updatable="true">input.currentInd</parameter>
                                    <parameter name="pageNumber" source="field" updatable="true">temp.t_pageNumber</parameter>
                                    <parameter name="pageSize" source="field" updatable="true">temp.t_pageSize</parameter>
                                    <parameter name="effectiveFromDtAfter" source="field" updatable="true">temp.t_effectiveFromDtAfter</parameter>
                                    <parameter name="effectiveFromDtBefore" source="field" updatable="true">temp.t_effectiveFromDtBefore</parameter>
                                    <parameter name="sort" source="field" updatable="true">input.sort</parameter>
                                    <parameter name="employeeInd" source="field" updatable="true">input.employeeInd</parameter>
                                    <parameter name="applicantInd" source="field" updatable="true">input.applicantInd</parameter>
                                    <parameter name="instructorInd" source="field" updatable="true">input.instructorInd</parameter>
                                 </input>
                                 <outputDef>
                                    <field name="apiResponse" type="reference">
                                       <options>
                                          <option name="referenceTo">$po:CONSTBIOConstituentBioV1Response</option>
                                          <option name="required">false</option>
                                          <option name="isCopy">true</option>
                                          <option name="guid">2psMFFilv2TcAJMMnx5c0k</option>
                                       </options>
                                    </field>
                                    <field name="error" type="objectlist">
                                       <options>
                                          <option name="referenceTo">$po:ErrorModel-1</option>
                                          <option hide="true" name="multiSelect">true</option>
                                          <option name="required">false</option>
                                          <option name="isCopy">true</option>
                                          <option name="guid">45Cm0QkdYHgdgzFBT65SSW</option>
                                       </options>
                                    </field>
                                 </outputDef>
                              </subflow>
                              <flow id="ka710nd3">
                                 <container id="ka710nd4" type="exclusive">
                                    <title>error</title>
                                    <flow id="ka710nd5">
                                       <assignment id="ka710nd6">
                                          <title>Assignment to error</title>
                                          <operation source="field" to="output.error">output.error</operation>
                                          <link id="ka710ngo" targetId="ka710ngn"/>
                                       </assignment>
                                       <end id="ka710ngn">
                                          <title>End - Not Found</title>
                                          <httpStatus>404</httpStatus>
                                       </end>
                                    </flow>
                                    <flow id="ka710nd7">
                                       <assignment id="ka710nd8">
                                          <title>Assignment to apiResponse</title>
                                          <operation source="field" to="output.apiResponse">output.apiResponse</operation>
                                       </assignment>
                                       <link id="ka710ndj" targetId="ka710nd4" type="containerLink"/>
                                    </flow>
                                    <link id="ka710ndg" targetId="ka710nd5" type="containerLink">
                                       <condition source="formula">
                                          <function name="set">
                                             <arg name="field">{$output.error}</arg>
                                          </function>
                                       </condition>
                                    </link>
                                    <link id="ka710ndh" targetId="ka710nd7" type="containerLink">
                                       <condition source="formula">
                                          <function name="unset">
                                             <arg name="field">{$output.error}</arg>
                                          </function>
                                       </condition>
                                    </link>
                                 </container>
                                 <link id="ka710ndf" targetId="ka710nd2" type="containerLink"/>
                              </flow>
                              <flow id="ka710nd9">
                                 <assignment id="ka710nda">
                                    <title>Assignment to error</title>
                                    <operation source="formula" to="output.error">
                                       <expression language="XQuery">&lt;error&gt;
	&lt;code&gt;{$output.faultInfo[1]/code}&lt;/code&gt;
    &lt;detail&gt;{$output.faultInfo[1]/detail}&lt;/detail&gt;
    &lt;reason&gt;{$output.faultInfo[1]/reason}&lt;/reason&gt;
&lt;/error&gt;</expression>
                                    </operation>
                                    <link id="ka710ndk" targetId="ka710ndb"/>
                                 </assignment>
                                 <end id="ka710ndb">
                                    <title>End - Server Error</title>
                                    <httpStatus>500</httpStatus>
                                 </end>
                              </flow>
                              <link id="ka710ndd" targetId="ka710nd3" type="containerLink"/>
                              <events>
                                 <catch faultField="faultInfo" id="k8sx4dmx" interrupting="true">
                                    <link id="ka710nde" targetId="ka710nd9" type="containerLink"/>
                                 </catch>
                              </events>
                           </eventContainer>
                           <link id="ka6r63rk" targetId="ka6r63rh" type="containerLink"/>
                        </flow>
                        <flow id="ka6r63rm">
                           <assignment id="ka6r63sp">
                              <title>Assignment to error</title>
                              <operation source="formula" to="output.error">
                                 <expression language="XQuery">&lt;error&gt;
	&lt;code&gt;400&lt;/code&gt;
    &lt;detail&gt;Input Validation Failed&lt;/detail&gt;
    &lt;reason&gt;{$output.faultInfo[1]/reason}&lt;/reason&gt;
&lt;/error&gt;</expression>
                              </operation>
                              <link id="ka710nhi" targetId="ka710nhh"/>
                           </assignment>
                           <end id="ka710nhh">
                              <title>End - Bad Request 3</title>
                              <httpStatus>400</httpStatus>
                           </end>
                        </flow>
                        <link id="ka6r63ri" targetId="ka6r63rj" type="containerLink"/>
                        <events>
                           <catch faultField="faultInfo" id="ka6r63n0" interrupting="true">
                              <link id="ka6r63rl" targetId="ka6r63rm" type="containerLink"/>
                           </catch>
                        </events>
                     </eventContainer>
                     <link id="k8t0i130" targetId="k8t0i12v" type="containerLink"/>
                  </flow>
                  <flow id="k8t0i132">
                     <assignment id="k8t0i1mp">
                        <title>Assignment to error</title>
                        <operation source="formula" to="output.error">
                           <expression language="XQuery">&lt;error&gt;
	&lt;code&gt;400&lt;/code&gt;
    &lt;detail&gt;Input Validation Failed&lt;/detail&gt;
    &lt;reason&gt;Input parameters defined incorrectly&lt;/reason&gt;
&lt;/error&gt;</expression>
                        </operation>
                        <link id="ka6r63lj" targetId="ka6r63li"/>
                     </assignment>
                     <end id="ka6r63li">
                        <title>End - Bad Request 2</title>
                        <httpStatus>400</httpStatus>
                     </end>
                  </flow>
                  <link id="k8t0i12y" targetId="k8t0i12z" type="containerLink">
                     <condition source="formula">
                        <function name="equals">
                           <arg name="left">{$temp.t_inputFlag}</arg>
                           <arg name="right">{0}</arg>
                        </function>
                     </condition>
                  </link>
                  <link id="k8t0i131" targetId="k8t0i132" type="containerLink"/>
                  <link id="k8t0i13h" targetId="c"/>
               </container>
               <end id="c">
                  <title>End - Success</title>
               </end>
            </flow>
         </process>
         <ns1:sample-data-sets xmlns:ns1="http://schemas.active-endpoints.com/appmodules/repository/2010/10/sampleData.xsd">
            <ns1:SampleData>
               <ns1:Id>435fb79c-d3bb-491b-bad7-b10cfca6c146</ns1:Id>
               <ns1:Name>1-UserGroup</ns1:Name>
               <ns1:CreatedBy>mlulis@gmu.edu.dev</ns1:CreatedBy>
               <ns1:CreationDate>2020-05-05T20:37:42Z</ns1:CreationDate>
               <ns1:ModifiedBy>mlulis@gmu.edu.dev</ns1:ModifiedBy>
               <ns1:ModifiedDate>2020-05-05T22:08:52Z</ns1:ModifiedDate>
               <ns1:Data format="json">{
	 "gNumber": "G00500992",
	 "currentInd": "C",
	 "pageNumber": "1",
	 "pageSize": "100",
	 "sort": "lastName",
	 "employeeInd": "Y"
}</ns1:Data>
            </ns1:SampleData>
            <ns1:SampleData>
               <ns1:Id>78846026-0bbe-4f97-843a-9aee35a61418</ns1:Id>
               <ns1:Name>2- Test H </ns1:Name>
               <ns1:CreatedBy>mlulis@gmu.edu.dev</ns1:CreatedBy>
               <ns1:CreationDate>2020-05-05T22:12:53Z</ns1:CreationDate>
               <ns1:ModifiedBy>mlulis@gmu.edu.dev</ns1:ModifiedBy>
               <ns1:ModifiedDate>2020-05-05T22:15:28Z</ns1:ModifiedDate>
               <ns1:Data format="json">{
	 "gNumber": "G00501038",
	 "currentInd": "H",
	 "pageNumber": "1",
	 "pageSize": "100",
	 "sort": "-effectiveFromDate",
	 "employeeInd": "Y"
}</ns1:Data>
            </ns1:SampleData>
            <ns1:SampleData>
               <ns1:Id>467a9d26-d10f-4f15-b83b-4c666f95454a</ns1:Id>
               <ns1:Name>3 - Test Date as String</ns1:Name>
               <ns1:CreatedBy>mlulis@gmu.edu.dev</ns1:CreatedBy>
               <ns1:CreationDate>2020-05-05T22:22:13Z</ns1:CreationDate>
               <ns1:ModifiedBy>mlulis@gmu.edu.dev</ns1:ModifiedBy>
               <ns1:ModifiedDate>2020-05-06T03:40:21Z</ns1:ModifiedDate>
               <ns1:Data format="json">{
	 "gNumber": "G00501038",
	 "currentInd": "H",
	 "effectiveFromDtAfter": "2017-08-20T04:00:00Z",
	 "pageNumber": "1",
	 "pageSize": "123",
	 "sort": "-effectiveFromDate",
	 "employeeInd": "Y",
        "applicantInd": "Y"
}</ns1:Data>
            </ns1:SampleData>
            <ns1:SampleData>
               <ns1:Id>97422788-bbd5-4b45-ae50-f9d6126cdb6f</ns1:Id>
               <ns1:Name>test_1</ns1:Name>
               <ns1:CreatedBy>mlulis@gmu.edu.dev</ns1:CreatedBy>
               <ns1:CreationDate>2020-05-04T18:55:00Z</ns1:CreationDate>
               <ns1:ModifiedBy>edis@gmu.edu.dev</ns1:ModifiedBy>
               <ns1:ModifiedDate>2020-05-22T19:30:17Z</ns1:ModifiedDate>
               <ns1:Data format="xml">&lt;root&gt;
&lt;currentInd&gt;C&lt;/currentInd&gt;
&lt;!-- effectiveFromDtAfter&gt;2020-02-03T05:00:00Z&lt;/effectiveFromDtAfter--&gt;
&lt;!-- pageNumber&gt;1&lt;/pageNumber--&gt;
&lt;!-- pageSize&gt;100&lt;/pageSize--&gt;
&lt;!--sort&gt;lastName&lt;/sort--&gt;
&lt;/root&gt;</ns1:Data>
            </ns1:SampleData>
         </ns1:sample-data-sets>
      </types1:Entry>
      <types1:GUID>8P0TtZuIWRCbnQi1H6f2sO</types1:GUID>
      <types1:DisplayName>api-StudentBio-v1</types1:DisplayName>
   </types1:Item>
   <types1:CurrentServerDateTime>2020-06-23T19:59:49.249Z</types1:CurrentServerDateTime>
</aetgt:getResponse>
