<aetgt:getResponse xmlns:aetgt="http://schemas.active-endpoints.com/appmodules/repository/2010/10/avrepository.xsd"
                   xmlns:types1="http://schemas.active-endpoints.com/appmodules/repository/2010/10/avrepository.xsd">
   <types1:Item>
      <types1:EntryId>CQrXhNUdyOoMdtl-gt-4777933-2020-04-03T15:57:03.546Z::conn.xml</types1:EntryId>
      <types1:Name>api-Constituent-OdataConn-1</types1:Name>
      <types1:ParentFlowIds>0fPAreFRqXpIW7W-gt-7485246-2020-05-20T13:54:06.99Z::pd.xml,6yV4AdypKwKBqRi-gt-25138237-2020-05-12T14:59:38.929Z::pd.xml,EuHWvJ4rswVYx8R-gt-5623061-2020-03-25T03:29:19.493Z::pd.xml,KBmeK3jhBjop81V-gt-15993504-2020-04-03T17:30:48.595Z::pd.xml,Su7O2htghGZ5i4r-gt-1320570-2020-05-23T14:34:12.72Z::pd.xml,x3kPaaaaaaaaa-gt-9281598-2020-05-04T16:58:08.138Z::pd.xml,xiggor3rp3yD7ty-gt-515666-2020-05-31T15:10:35.376Z::pd.xml</types1:ParentFlowIds>
      <types1:MimeType>application/xml+connection</types1:MimeType>
      <types1:Description>Constituent ODataConn</types1:Description>
      <types1:AppliesTo/>
      <types1:Tags/>
      <types1:VersionLabel>1.0</types1:VersionLabel>
      <types1:State>CURRENT</types1:State>
      <types1:ProcessGroup/>
      <types1:CreatedBy>edis@gmu.edu.sandbox</types1:CreatedBy>
      <types1:CreationDate>2020-04-03T15:57:04Z</types1:CreationDate>
      <types1:ModifiedBy>edis@gmu.edu.dev</types1:ModifiedBy>
      <types1:ModificationDate>2020-05-27T20:16:26Z</types1:ModificationDate>
      <types1:PublicationStatus>published</types1:PublicationStatus>
      <types1:PublishedBy>edis@gmu.edu.dev</types1:PublishedBy>
      <types1:PublicationDate>2020-06-01T18:26:55Z</types1:PublicationDate>
      <types1:PublishedContributionId>project:/rt.connection/api-Constituent-OdataConn-1/api-Constituent-OdataConn-1.conn.xml</types1:PublishedContributionId>
      <types1:AutosaveExists>false</types1:AutosaveExists>
      <types1:Entry>
         <connection xmlns="http://schemas.informatica.com/socrates/data-services/2014/04/avosConnections.xsd"
                     displayName="api-Constituent-OdataConn"
                     label="api-Constituent-OdataConn-1"
                     name="api-Constituent-OdataConn-1">
            <description>Constituent ODataConn</description>
            <tags/>
            <agent/>
            <attributes/>
            <businessConnector xmlns="http://schemas.informatica.com/appmodules/screenflow/2014/04/avosConnectors.xsd"
                               agentOnly="false"
                               connectorPath="project:/rt.connector/api_Constituent_OdataService_1/api_Constituent_OdataService_1_svcDef.xml"
                               guid="2ZhpQWm71kxfTIJvQaBX2v"
                               name="api-Constituent-OdataService-1"
                               supportsConnectionTest="false"
                               uuid="33662410-2403-428c-947d-10f9b940cbe4">
               <description>Constituent ODataService</description>
            </businessConnector>
         </connection>
      </types1:Entry>
      <types1:GUID>3KKaqmQTpy3cLZBN87IcMX</types1:GUID>
      <types1:DisplayName>api-Constituent-OdataConn</types1:DisplayName>
   </types1:Item>
   <types1:CurrentServerDateTime>2020-06-23T19:59:48.133Z</types1:CurrentServerDateTime>
</aetgt:getResponse>
