<aetgt:getResponse xmlns:aetgt="http://schemas.active-endpoints.com/appmodules/repository/2010/10/avrepository.xsd"
                   xmlns:types1="http://schemas.active-endpoints.com/appmodules/repository/2010/10/avrepository.xsd">
   <types1:Item>
      <types1:EntryId>KbdtqSLlBWlD2pH-gt-4773813-2020-04-03T15:39:44.583Z::svc.xml</types1:EntryId>
      <types1:Name>api-Constituent-OdataService-1</types1:Name>
      <types1:ParentFlowIds>CQrXhNUdyOoMdtl-gt-4777933-2020-04-03T15:57:03.546Z::conn.xml,EA5tIS7T1cnFKi9-gt-2972743-2020-05-15T19:42:54.49Z::conn.xml,OgjjKPQE8jIw8jI-gt-27262500-2020-05-15T18:09:31.648Z::conn.xml,sWOVGuDoWn2sqeE-gt-17571892-2020-04-06T04:49:35.296Z::conn.xml,sXL86zqzm5Y6tMF-gt-3574716-2020-04-21T12:57:10.296Z::conn.xml,YrLWEQT53nQciSr-gt-1820571-2020-06-01T20:19:43.814Z::conn.xml</types1:ParentFlowIds>
      <types1:MimeType>application/xml+businesssconnector</types1:MimeType>
      <types1:Description>Constituent ODataService</types1:Description>
      <types1:AppliesTo/>
      <types1:Tags/>
      <types1:VersionLabel>1.0</types1:VersionLabel>
      <types1:State>CURRENT</types1:State>
      <types1:ProcessGroup/>
      <types1:CreatedBy>edis@gmu.edu.sandbox</types1:CreatedBy>
      <types1:CreationDate>2020-04-03T15:39:45Z</types1:CreationDate>
      <types1:ModifiedBy>edis@gmu.edu.dev</types1:ModifiedBy>
      <types1:ModificationDate>2020-06-01T19:15:41Z</types1:ModificationDate>
      <types1:PublicationStatus>published</types1:PublicationStatus>
      <types1:PublishedBy>edis@gmu.edu.dev</types1:PublishedBy>
      <types1:PublicationDate>2020-06-01T19:46:46Z</types1:PublicationDate>
      <types1:PublishedContributionId>project:/rt.connector/api_Constituent_OdataService_1/api_Constituent_OdataService_1_svcDef.xml</types1:PublishedContributionId>
      <types1:AutosaveExists>false</types1:AutosaveExists>
      <types1:Entry>
         <businessConnector xmlns="http://schemas.informatica.com/socrates/data-services/2014/05/business-connector-model.xsd"
                            agentOnly="false"
                            debug="false"
                            displayName="api-Constituent-OdataService"
                            label=""
                            name="api-Constituent-OdataService-1"
                            uuid="33662410-2403-428c-947d-10f9b940cbe4">
            <description>Constituent ODataService</description>
            <tags/>
            <connectionAttributes xmlns="http://schemas.informatica.com/appmodules/screenflow/2014/04/avosConnectors.xsd"/>
            <actions>
               <action category=""
                       failOnError="true"
                       forSearch="false"
                       label="GetData_ConstituentBio"
                       maxRedirects="100"
                       name="GetData_ConstituentBio"
                       preemptiveAuth="true"
                       responseEncoding="">
                  <description>OData service to query and retrieve records/data from CONSTITUENT_BIO_VW</description>
                  <input>
                     <parameter description="Complete OData URL to query the CONSTITUENT_BIO_VW"
                                label="in_URL"
                                name="in_URL"
                                nogen="true"
                                required="false"
                                testWith="https://na1.ai.dm-us.informaticacloud.com/active-bpel/odata/v4/api-Constituent-conn-1/CONSTITUENT_BIO_VW"
                                type="url"/>
                  </input>
                  <binding>
                     <restSimpleBinding multiUsing="semicolonSeparated" url="{$in_URL}" verb="GET">
                        <authentication>
                           <username>edis@gmu.edu.dev</username>
                           <password/>
                           <isExpressionInPassword>false</isExpressionInPassword>
                        </authentication>
                        <httpHeaders>
                           <header name="Content-Type">application/xml</header>
                        </httpHeaders>
                     </restSimpleBinding>
                  </binding>
                  <output>
                     <field description="Contains all records retrieved from the CONSTITUENT_BIO_VW"
                            name="AllRecords"
                            type="objectlist">
                        <options>
                           <option name="referenceTo">value_ConstituentBio</option>
                        </options>
                        <xquery>{for $x in //root/value return $x}</xquery>
                     </field>
                     <field description="Value is set when no data is returned from the CONSTITUENT_BIO_VW"
                            name="isValueList"
                            type="int">
                        <xquery>{if(//root/value/data()='') then 0 else 2}</xquery>
                     </field>
                  </output>
               </action>
            </actions>
            <objects>
               <processObject xmlns="http://schemas.active-endpoints.com/appmodules/screenflow/2011/06/avosHostEnvironment.xsd"
                              isByCopy="true"
                              name="root_ConstituentBio">
                  <description>An automatically generated process object</description>
                  <detail>
                     <field name="value" type="objectlist">
                        <options>
                           <option name="referenceTo">value_ConstituentBio</option>
                           <option name="relationshipName">Child</option>
                        </options>
                     </field>
                  </detail>
               </processObject>
               <processObject xmlns="http://schemas.active-endpoints.com/appmodules/screenflow/2011/06/avosHostEnvironment.xsd"
                              isByCopy="true"
                              name="value_ConstituentBio">
                  <description>An automatically generated process object</description>
                  <detail>
                     <field name="CONST_VISA_TYPE_CODE" type="string"/>
                     <field name="CONST_DECEASED_DATE" type="date"/>
                     <field name="CONST_PREFERRED_FIRST_NAME" type="string"/>
                     <field name="CONST_GENDER_DESC" type="string"/>
                     <field name="CONST_GENDER_IDENTITY_CODE" type="string"/>
                     <field name="CONST_MAIL_STATE" type="string"/>
                     <field name="CONST_GMU_EMAIL" type="string"/>
                     <field name="CONST_NAME_PREFIX" type="string"/>
                     <field name="CONST_PERM_STATE_DESC" type="string"/>
                     <field name="CONST_MAIL_NATION_CODE" type="string"/>
                     <field name="CONST_PERM_PHONENUM" type="string"/>
                     <field name="CONST_HISPANIC_IND" type="string"/>
                     <field name="CONST_RACE_REPORT_CODE" type="string"/>
                     <field name="CONST_PERM_CITY" type="string"/>
                     <field name="CONST_LAST_NAME" type="string"/>
                     <field name="CONST_BLACK_IND" type="string"/>
                     <field name="CONST_VISA_TYPE_DESC" type="string"/>
                     <field name="CONST_PERSONAL_PRONOUN_DESC" type="string"/>
                     <field name="CONST_NAME_SUFFIX" type="string"/>
                     <field name="CONST_CAMPUS_STREET_LINE1" type="string"/>
                     <field name="CONST_PACISLE_IND" type="string"/>
                     <field name="CONST_MAIL_ZIP" type="string"/>
                     <field name="CONST_CAMPUS_STREET_LINE3" type="string"/>
                     <field name="CONST_CAMPUS_STREET_LINE2" type="string"/>
                     <field name="CONST_MIDDLE_NAME" type="string"/>
                     <field name="CONST_PERM_ZIP" type="string"/>
                     <field name="CONST_INSR_IND" type="string"/>
                     <field name="CONST_PERM_PHONE_AREACODE" type="int"/>
                     <field name="CONST_FULL_NAME" type="string"/>
                     <field name="CONST_EMPL_IND" type="string"/>
                     <field name="CONST_PERM_COUNTY_CODE" type="int"/>
                     <field name="CONST_CELL_PHONE" type="string"/>
                     <field name="CONST_GNUMBER" type="string"/>
                     <field name="CONST_MAIL_NATION_DESC" type="string"/>
                     <field name="CONST_CAMPUS_ZIP" type="string"/>
                     <field name="CONST_WHITE_IND" type="string"/>
                     <field name="CONST_VISA_EXPIRATION_DATE" type="date"/>
                     <field name="CONST_MAIL_COUNTY_DESC" type="string"/>
                     <field name="CONST_GENDER_DENTITY_DESC" type="string"/>
                     <field name="CONST_PERM_PHONEEXT" type="string"/>
                     <field name="CONST_BIRTH_DATE" type="date"/>
                     <field name="CONST_CURRENT_IND" type="string"/>
                     <field name="CONST_EFFECTIVE_FROM_DATE" type="date"/>
                     <field name="CONST_EFFECTIVE_TO_DATE" type="date"/>
                     <field name="CONST_MAIL_STREET_LINE1" type="string"/>
                     <field name="CONST_PERSONAL_PRONOUN_CODE" type="string"/>
                     <field name="CONST_MAIL_STREET_LINE3" type="string"/>
                     <field name="CONST_MAIL_STREET_LINE2" type="string"/>
                     <field name="CONST_MAIL_PHONEEXT" type="string"/>
                     <field name="CONST_US_CITIZEN_IND" type="string"/>
                     <field name="CONST_CAMPUS_CITY" type="string"/>
                     <field name="CONST_CONFIDENTIAL_IND" type="string"/>
                     <field name="CONST_PERM_COUNTY_DESC" type="string"/>
                     <field name="CONST_CITIZENSHIP_CODE" type="string"/>
                     <field name="CONST_TWO_OR_MORE_IND" type="string"/>
                     <field name="CONST_PERM_STREET_LINE3" type="string"/>
                     <field name="CONST_ASIAN_IND" type="string"/>
                     <field name="CONST_PERM_STREET_LINE1" type="string"/>
                     <field name="CONST_PERM_NATION_CODE" type="string"/>
                     <field name="CONST_PERM_STREET_LINE2" type="string"/>
                     <field name="CONST_MAIL_PHONE_AREACODE" type="int"/>
                     <field name="CONST_VEND_IND" type="string"/>
                     <field name="CONST_CAMPUS_STATE" type="string"/>
                     <field name="CONST_MAIL_CITY" type="string"/>
                     <field name="CONST_MAIL_PHONENUM" type="string"/>
                     <field name="CONST_APPL_IND" type="string"/>
                     <field name="CONST_LEGAL_NATION_CODE" type="string"/>
                     <field name="CONST_MAIL_COUNTY_CODE" type="int"/>
                     <field name="CONST_BIRTH_NATION_CODE" type="string"/>
                     <field name="CONST_VCCS_ID" type="string"/>
                     <field name="CONST_CITIZENSHIP_DESC" type="string"/>
                     <field name="CONST_PERM_STATE" type="string"/>
                     <field name="CONST_STUD_IND" type="string"/>
                     <field name="CONST_PIDM" type="int"/>
                     <field name="CONST_GENDER_CODE" type="string"/>
                     <field name="CONST_AMERNIND_IND" type="string"/>
                     <field name="CONST_PERM_NATION_DESC" type="string"/>
                     <field name="CONST_RACE_REPORT_DESC" type="string"/>
                     <field name="CONST_FIRST_NAME" type="string"/>
                     <field name="CONST_BIRTH_NATION_DESC" type="string"/>
                     <field name="CONST_DECEASED_IND" type="string"/>
                     <field name="CONST_LEGAL_NATION_DESC" type="string"/>
                     <field name="CONST_OTHER_EMAIL" type="string"/>
                  </detail>
               </processObject>
            </objects>
         </businessConnector>
      </types1:Entry>
      <types1:GUID>2ZhpQWm71kxfTIJvQaBX2v</types1:GUID>
      <types1:DisplayName>api-Constituent-OdataService</types1:DisplayName>
   </types1:Item>
   <types1:CurrentServerDateTime>2020-06-23T19:59:47.639Z</types1:CurrentServerDateTime>
</aetgt:getResponse>
