<aetgt:getResponse xmlns:aetgt="http://schemas.active-endpoints.com/appmodules/repository/2010/10/avrepository.xsd"
                   xmlns:types1="http://schemas.active-endpoints.com/appmodules/repository/2010/10/avrepository.xsd">
   <types1:Item>
      <types1:EntryId>mi3wOLIFvukNXHV-gt-277121-2020-05-18T19:49:28.203Z::pd.xml</types1:EntryId>
      <types1:Name>api-ApplicantBio-v1</types1:Name>
      <types1:MimeType>application/xml+process</types1:MimeType>
      <types1:Description>ApplicantBio - API returns biographic data about any person known to Mason who has ever applied to be a student, current or in the past (history).
Wrapper Process is available service to API Manager.
Created: 05/2020  - Version 1</types1:Description>
      <types1:AppliesTo/>
      <types1:Tags/>
      <types1:VersionLabel>1.0</types1:VersionLabel>
      <types1:State>CURRENT</types1:State>
      <types1:ProcessGroup/>
      <types1:CreatedBy>mstawarz@gmu.edu</types1:CreatedBy>
      <types1:CreationDate>2020-05-18T19:49:28Z</types1:CreationDate>
      <types1:ModifiedBy>edis@gmu.edu.dev</types1:ModifiedBy>
      <types1:ModificationDate>2020-06-05T15:16:53Z</types1:ModificationDate>
      <types1:PublicationStatus>published</types1:PublicationStatus>
      <types1:PublishedBy>edis@gmu.edu.dev</types1:PublishedBy>
      <types1:PublicationDate>2020-06-05T15:21:59Z</types1:PublicationDate>
      <types1:PublishedContributionId>project:/spi.api-ApplicantBio-v1/api-ApplicantBio-v1.pd.xml</types1:PublishedContributionId>
      <types1:AutosaveExists>false</types1:AutosaveExists>
      <types1:Entry>
         <process xmlns="http://schemas.active-endpoints.com/appmodules/screenflow/2010/10/avosScreenflow.xsd"
                  xmlns:list="urn:activevos:spi:list:functions"
                  displayName="api-ApplicantBio-v1"
                  name="api-ApplicantBio-v1"
                  overrideAPIName="false">
            <appliesTo/>
            <description>ApplicantBio - API returns biographic data about any person known to Mason who has ever applied to be a student, current or in the past (history).
Wrapper Process is available service to API Manager.
Created: 05/2020  - Version 1</description>
            <tags/>
            <generator>Informatica Process Designer 11</generator>
            <input>
               <parameter description="" name="gNumber" type="string">
                  <options>
                     <option name="required">false</option>
                  </options>
               </parameter>
               <parameter description="" name="currentInd" type="string">
                  <options>
                     <option name="required">false</option>
                  </options>
               </parameter>
               <parameter description="" name="studentInd" type="string">
                  <options>
                     <option name="required">false</option>
                  </options>
               </parameter>
               <parameter description="" name="effectiveFromDtAfter" type="string">
                  <options>
                     <option name="required">false</option>
                  </options>
               </parameter>
               <parameter description="" name="effectiveFromDtBefore" type="string">
                  <options>
                     <option name="required">false</option>
                  </options>
               </parameter>
               <parameter description="" name="pageNumber" type="string">
                  <options>
                     <option name="required">false</option>
                  </options>
               </parameter>
               <parameter description="" name="pageSize" type="string">
                  <options>
                     <option name="required">false</option>
                  </options>
               </parameter>
               <parameter description="" name="sort" type="string">
                  <options>
                     <option name="required">false</option>
                  </options>
               </parameter>
               <parameter description="" name="instructorInd" type="string">
                  <options>
                     <option name="required">false</option>
                  </options>
               </parameter>
               <parameter description="" name="employeeInd" type="string">
                  <options>
                     <option name="required">false</option>
                  </options>
               </parameter>
            </input>
            <output>
               <field description="" name="error" type="reference">
                  <options>
                     <option name="referenceTo">$po:ErrorModel-1</option>
                     <option name="required">false</option>
                     <option name="isCopy">true</option>
                     <option name="guid">45Cm0QkdYHgdgzFBT65SSW</option>
                  </options>
               </field>
               <field description="" name="apiResponse" type="reference">
                  <options>
                     <option name="referenceTo">$po:CONSTBIOConstituentBioV1Response</option>
                     <option name="required">false</option>
                     <option name="isCopy">true</option>
                     <option name="guid">2psMFFilv2TcAJMMnx5c0k</option>
                  </options>
               </field>
            </output>
            <tempFields>
               <field description="" name="t_inputFlag" type="int">
                  <options>
                     <option name="required">false</option>
                  </options>
               </field>
               <field description="" name="t_pageNumberFlag" type="int">
                  <options>
                     <option name="required">false</option>
                  </options>
               </field>
               <field description="" name="t_pageSizeFlag" type="int">
                  <options>
                     <option name="required">false</option>
                  </options>
               </field>
               <field description="" name="t_currentIndFlag" type="int">
                  <options>
                     <option name="required">false</option>
                  </options>
               </field>
               <field description="" name="t_studentIndFlag" type="int">
                  <options>
                     <option name="required">false</option>
                  </options>
               </field>
               <field description="" name="t_gNumberFlag" type="int">
                  <options>
                     <option name="required">false</option>
                  </options>
               </field>
               <field description="" name="t_sortFlag" type="int">
                  <options>
                     <option name="required">false</option>
                  </options>
               </field>
               <field description="" name="t_sort" type="objectlist">
                  <options>
                     <option name="referenceTo">$po:$any</option>
                     <option hide="true" name="multiSelect">true</option>
                     <option name="required">false</option>
                     <option name="isCopy">true</option>
                  </options>
               </field>
               <field description="" name="t_effectiveFromDtAfterFlag" type="int">
                  <options>
                     <option name="required">false</option>
                  </options>
               </field>
               <field description="" name="t_effectiveFromDtBeforeFlag" type="int">
                  <options>
                     <option name="required">false</option>
                  </options>
               </field>
               <field description="" name="t_effectiveFromDtAfter" type="datetime">
                  <options>
                     <option name="thirtyMinutesIncrement">true</option>
                     <option name="required">false</option>
                  </options>
               </field>
               <field description="" name="t_effectiveFromDtBefore" type="datetime">
                  <options>
                     <option name="thirtyMinutesIncrement">true</option>
                     <option name="required">false</option>
                  </options>
               </field>
               <field description="" name="t_applicantIndFlag" type="int">
                  <options>
                     <option name="required">false</option>
                  </options>
               </field>
               <field description="" name="t_employeeIndFlag" type="int">
                  <options>
                     <option name="required">false</option>
                  </options>
               </field>
               <field description="" name="t_instructorIndFlag" type="int">
                  <options>
                     <option name="required">false</option>
                  </options>
               </field>
               <field description="" name="t_inputIntegerValues" type="objectlist">
                  <options>
                     <option name="referenceTo">$po:$any</option>
                     <option hide="true" name="multiSelect">true</option>
                     <option name="required">false</option>
                     <option name="isCopy">true</option>
                  </options>
               </field>
               <field description="" name="t_outputIntegerValues" type="objectlist">
                  <options>
                     <option name="referenceTo">$po:$any</option>
                     <option hide="true" name="multiSelect">true</option>
                     <option name="required">false</option>
                     <option name="isCopy">true</option>
                  </options>
               </field>
               <field description="" name="t_pageNumber" type="int">
                  <options>
                     <option name="required">false</option>
                  </options>
               </field>
               <field description="" name="t_pageSize" type="int">
                  <options>
                     <option name="required">false</option>
                  </options>
               </field>
               <field description="" name="t_inIntVal" type="string">
                  <options>
                     <option name="required">false</option>
                  </options>
               </field>
            </tempFields>
            <notes/>
            <deployment suspendOnFault="false" tracingLevel="verbose">
               <rest>
                  <allowedGroups>
                     <group>Admin Team</group>
                  </allowedGroups>
               </rest>
            </deployment>
            <flow id="a">
               <start id="b">
                  <link id="ka86skq3" targetId="ka86skqy"/>
               </start>
               <eventContainer id="ka86skqy">
                  <subflow id="ka86skq2">
                     <title>api-TextToIntegerTypeConversion</title>
                     <subflowGUID>4gYKZbibk6wffBFRdWM3GJ</subflowGUID>
                     <subflowPath>api-TextToIntegerTypeConversion</subflowPath>
                     <runForEach>false</runForEach>
                     <input>
                        <parameter name="pageNumber" source="field" updatable="true">input.pageNumber</parameter>
                        <parameter name="pageSize" source="field" updatable="true">input.pageSize</parameter>
                     </input>
                     <outputDef>
                        <field name="pageNumberInt" type="int">
                           <options>
                              <option name="required">false</option>
                           </options>
                        </field>
                        <field name="pageSizeInt" type="int">
                           <options>
                              <option name="required">false</option>
                           </options>
                        </field>
                     </outputDef>
                  </subflow>
                  <flow id="ka86skr0">
                     <assignment id="ka8d0s7p">
                        <title>Assignment to t_pageNumber, t_pageSize</title>
                        <operation source="field" to="temp.t_pageNumber">output.pageNumberInt</operation>
                        <operation source="field" to="temp.t_pageSize">output.pageSizeInt</operation>
                        <link id="ka8d0s7q" targetId="ka86skrf"/>
                     </assignment>
                     <assignment id="ka86skrf">
                        <title>Assignment to t_pageNumberFlag, t_pageSizeFlag etc.</title>
                        <operation source="formula" to="temp.t_pageNumberFlag">
                           <expression language="XQuery">if($input.pageNumber!='')
then
(
	if(xs:long($temp.t_pageNumber) lt 1)
    then
    1
    else
    0
)
else
0</expression>
                        </operation>
                        <operation source="formula" to="temp.t_pageSizeFlag">
                           <expression language="XQuery">if($input.pageSize!='')
then
(
	if((xs:long($temp.t_pageSize) ge 100) and (xs:long($temp.t_pageSize) le 500))
    then
    0
    else
    1
)
else
0</expression>
                        </operation>
                        <operation source="formula" to="temp.t_currentIndFlag">
                           <expression language="XQuery">if($input.currentInd = 'C' or $input.currentInd = 'H')
then
0
else
1</expression>
                        </operation>
                        <operation source="formula" to="temp.t_studentIndFlag">
                           <expression language="XQuery">if($input.studentInd!='')
then
(
	if($input.studentInd = 'Y' or $input.studentInd = 'N')
	then
	0
	else
	1
)
else
0</expression>
                        </operation>
                        <operation source="formula" to="temp.t_gNumberFlag">
                           <expression language="XQuery">if($input.gNumber!='')
then
(
	if(fn:matches($input.gNumber, '^G\d{8}$'))
    then
    0
    else
    1
)
else
0</expression>
                        </operation>
                        <operation source="formula" to="temp.t_sort">
                           <expression language="XQuery">if($input.sort!='')
then
(    
    for $x in fn:tokenize($input.sort, ',')
    return
    if($x = 'lastName' or $x = '-lastName' or $x = 'firstName' or $x = '-firstName' or $x = 'gNumber' or $x = '-gNumber' or $x = 'effectiveFromDate' or $x = '-effectiveFromDate')
    then
    list:append($temp.t_sort,'0')
    else
    list:append($temp.t_sort,'1')
)
else
list:append($temp.t_sort,'0')</expression>
                        </operation>
                        <operation source="formula" to="temp.t_sortFlag">
                           <expression language="XQuery">if(list:count($temp.t_sort)&lt;=10)
then
(
    if(fn:contains(fn:string-join($temp.t_sort), '1'))
    then
    1
    else
    0
)
else
1</expression>
                        </operation>
                        <operation source="formula" to="temp.t_effectiveFromDtAfterFlag">
                           <expression language="XQuery">if($input.effectiveFromDtAfter!='')
then
(
	if(fn:matches($input.effectiveFromDtAfter, '^\d{4}-(0[1-9]|1[0-2])-(0?[1-9]|[12][0-9]|3[01])T(0[0-9]|1[0-9]|2[0-3]):([0-9]|[0-5][0-9]):([0-9]|[0-5][0-9])Z$'))
    then
    0
    else
    1
)
else
0</expression>
                        </operation>
                        <operation source="formula" to="temp.t_effectiveFromDtBeforeFlag">
                           <expression language="XQuery">if($input.effectiveFromDtBefore!='')
then
(
	if(fn:matches($input.effectiveFromDtBefore, '^\d{4}-(0[1-9]|1[0-2])-(0?[1-9]|[12][0-9]|3[01])T(0[0-9]|1[0-9]|2[0-3]):([0-9]|[0-5][0-9]):([0-9]|[0-5][0-9])Z$'))
    then
    0
    else
    1
)
else
0</expression>
                        </operation>
                        <operation source="formula" to="temp.t_employeeIndFlag">
                           <expression language="XQuery">if($input.employeeInd !='')
then
(
	if($input.employeeInd = 'Y' or $input.employeeInd = 'N')
	then
	0
	else
	1
)
else
0</expression>
                        </operation>
                        <operation source="formula" to="temp.t_instructorIndFlag">
                           <expression language="XQuery">if($input.instructorInd !='')
then
(
	if($input.instructorInd = 'Y' or $input.instructorInd = 'N')
	then
	0
	else
	1
)
else
0</expression>
                        </operation>
                        <link id="ka86sl1m" targetId="ka86sl1l"/>
                     </assignment>
                     <assignment id="ka86sl1l">
                        <title>Assignment to t_inputFlag</title>
                        <operation source="formula" to="temp.t_inputFlag">
                           <expression language="XQuery">if(($temp.t_pageNumberFlag = 1) or ($temp.t_pageSizeFlag = 1) or ($temp.t_currentIndFlag = 1) or ($temp.t_studentIndFlag = 1) or  ($temp.t_employeeIndFlag = 1) or ($temp.t_instructorIndFlag = 1) or  ($temp.t_gNumberFlag = 1) or ($temp.t_effectiveFromDtAfterFlag = 1) or ($temp.t_effectiveFromDtBeforeFlag = 1) or ($temp.t_sortFlag = 1))
then
1
else
0</expression>
                        </operation>
                     </assignment>
                     <link id="ka86skr1" targetId="ka86skqy" type="containerLink"/>
                  </flow>
                  <flow id="ka86skr3">
                     <assignment id="ka886759">
                        <title>Assignment to error</title>
                        <operation source="formula" to="output.error">
                           <expression language="XQuery">&lt;error&gt;
	&lt;code&gt;400&lt;/code&gt;
    &lt;detail&gt;Input Validation Failed&lt;/detail&gt;
    &lt;reason&gt;Input parameters defined incorrectly&lt;/reason&gt;
&lt;/error&gt;</expression>
                        </operation>
                        <link id="ka88675j" targetId="ka88675i"/>
                     </assignment>
                     <end id="ka88675i">
                        <title>End - Bad Request 1</title>
                     </end>
                  </flow>
                  <link id="ka86skqz" targetId="ka86skr0" type="containerLink"/>
                  <link id="ka88676r" targetId="ka88676q"/>
                  <events>
                     <catch faultField="faultInfo" id="ka86skq5" interrupting="true">
                        <link id="ka86skr2" targetId="ka86skr3" type="containerLink"/>
                     </catch>
                  </events>
               </eventContainer>
               <container id="ka88676q" type="exclusive">
                  <title>t_inputFlag</title>
                  <flow id="ka88676u">
                     <eventContainer id="ka8d0rif">
                        <subflow id="ka88677y">
                           <title>api-TextToDateTimeTypeConversion</title>
                           <subflowGUID>d4sYBfxMsQqiifCkHNPacK</subflowGUID>
                           <subflowPath>api-TextToDateTimeTypeConversion</subflowPath>
                           <runForEach>false</runForEach>
                           <input>
                              <parameter name="effectiveFromDtAfter" source="field" updatable="true">input.effectiveFromDtAfter</parameter>
                              <parameter name="effectiveFromDtBefore" source="field" updatable="true">input.effectiveFromDtBefore</parameter>
                           </input>
                           <outputDef>
                              <field name="effectiveFromDtAfterDateTime" type="datetime">
                                 <options>
                                    <option name="thirtyMinutesIncrement">true</option>
                                    <option name="required">false</option>
                                 </options>
                              </field>
                              <field name="effectiveFromDtBeforeDateTime" type="datetime">
                                 <options>
                                    <option name="thirtyMinutesIncrement">true</option>
                                    <option name="required">false</option>
                                 </options>
                              </field>
                           </outputDef>
                        </subflow>
                        <flow id="ka8d0rih">
                           <assignment id="ka8d0ron">
                              <title>Assignment to t_effectiveFromDtAfter, t_effectiveFromDtBefore</title>
                              <operation source="field" to="temp.t_effectiveFromDtAfter">output.effectiveFromDtAfterDateTime</operation>
                              <operation source="field" to="temp.t_effectiveFromDtBefore">output.effectiveFromDtBeforeDateTime</operation>
                              <link id="ka8d0rps" targetId="ka8d0rpk"/>
                           </assignment>
                           <eventContainer id="ka8d0rpk">
                              <subflow id="ka8d0rpn">
                                 <title>api-ApplicantBio-Base</title>
                                 <subflowGUID>gsQ4LQ8Wp67lrL8XPSJQAV</subflowGUID>
                                 <subflowPath>api-ApplicantBio-Base-v1</subflowPath>
                                 <runForEach>false</runForEach>
                                 <input>
                                    <parameter name="gNumber" source="field" updatable="true">input.gNumber</parameter>
                                    <parameter name="currentInd" source="field" updatable="true">input.currentInd</parameter>
                                    <parameter name="studentInd" source="field" updatable="true">input.studentInd</parameter>
                                    <parameter name="pageNumber" source="field" updatable="true">temp.t_pageNumber</parameter>
                                    <parameter name="pageSize" source="field" updatable="true">temp.t_pageSize</parameter>
                                    <parameter name="effectiveFromDtAfter" source="field" updatable="true">temp.t_effectiveFromDtAfter</parameter>
                                    <parameter name="effectiveFromDtBefore" source="field" updatable="true">temp.t_effectiveFromDtBefore</parameter>
                                    <parameter name="sort" source="field" updatable="true">input.sort</parameter>
                                    <parameter name="employeeInd" source="field" updatable="true">input.employeeInd</parameter>
                                    <parameter name="instructorInd" source="field" updatable="true">input.instructorInd</parameter>
                                 </input>
                                 <outputDef>
                                    <field name="error" type="reference">
                                       <options>
                                          <option name="referenceTo">$po:ErrorModel-1</option>
                                          <option name="required">false</option>
                                          <option name="isCopy">true</option>
                                          <option name="guid">45Cm0QkdYHgdgzFBT65SSW</option>
                                       </options>
                                    </field>
                                    <field name="apiResponse" type="reference">
                                       <options>
                                          <option name="referenceTo">$po:CONSTBIOConstituentBioV1Response</option>
                                          <option name="required">false</option>
                                          <option name="isCopy">true</option>
                                          <option name="guid">2psMFFilv2TcAJMMnx5c0k</option>
                                       </options>
                                    </field>
                                 </outputDef>
                              </subflow>
                              <flow id="ka8d0rpl">
                                 <container id="ka8d0rxr" type="exclusive">
                                    <title>error</title>
                                    <flow id="ka8d0rxt">
                                       <assignment id="ka8d0s0d">
                                          <title>Assignment to error</title>
                                          <operation source="field" to="output.error">output.error</operation>
                                          <link id="ka8d0s3e" targetId="ka8d0s3d"/>
                                       </assignment>
                                       <end id="ka8d0s3d">
                                          <title>End - Not Found</title>
                                       </end>
                                    </flow>
                                    <flow id="ka8d0rxw">
                                       <assignment id="ka8d0s4b">
                                          <title>Assignment to apiResponse</title>
                                          <operation source="field" to="output.apiResponse">output.apiResponse</operation>
                                       </assignment>
                                       <link id="ka8d0rxx" targetId="ka8d0rxr" type="containerLink"/>
                                    </flow>
                                    <link id="ka8d0rxs" targetId="ka8d0rxt" type="containerLink">
                                       <condition source="formula">
                                          <function name="set">
                                             <arg name="field">{$output.error}</arg>
                                          </function>
                                       </condition>
                                    </link>
                                    <link id="ka8d0rxv" targetId="ka8d0rxw" type="containerLink">
                                       <condition source="formula">
                                          <function name="unset">
                                             <arg name="field">{$output.error}</arg>
                                          </function>
                                       </condition>
                                    </link>
                                 </container>
                                 <link id="ka8d0rpq" targetId="ka8d0rpk" type="containerLink"/>
                              </flow>
                              <flow id="ka8d0rpm">
                                 <assignment id="ka8d0rsk">
                                    <title>Assignment to error</title>
                                    <operation source="formula" to="output.error">
                                       <expression language="XQuery">&lt;error&gt;
	&lt;code&gt;{$output.faultInfo[1]/code}&lt;/code&gt;
    &lt;detail&gt;{$output.faultInfo[1]/detail}&lt;/detail&gt;
    &lt;reason&gt;{$output.faultInfo[1]/reason}&lt;/reason&gt;
&lt;/error&gt;</expression>
                                    </operation>
                                    <link id="ka8d0rww" targetId="ka8d0rwv"/>
                                 </assignment>
                                 <end id="ka8d0rwv">
                                    <title>End - Server Error</title>
                                 </end>
                              </flow>
                              <link id="ka8d0rpo" targetId="ka8d0rpl" type="containerLink"/>
                              <events>
                                 <catch faultField="faultInfo" id="ka8d0rfh" interrupting="true">
                                    <link id="ka8d0rpp" targetId="ka8d0rpm" type="containerLink"/>
                                 </catch>
                              </events>
                           </eventContainer>
                           <link id="ka8d0rii" targetId="ka8d0rif" type="containerLink"/>
                        </flow>
                        <flow id="ka8d0rik">
                           <assignment id="ka8d0rje">
                              <title>Assignment to error</title>
                              <operation source="formula" to="output.error">
                                 <expression language="XQuery">&lt;error&gt;
	&lt;code&gt;400&lt;/code&gt;
    &lt;detail&gt;Input Validation Failed&lt;/detail&gt;
    &lt;reason&gt;{$output.faultInfo[1]/reason}&lt;/reason&gt;
&lt;/error&gt;</expression>
                              </operation>
                              <link id="ka8d0rnw" targetId="ka8d0rnv"/>
                           </assignment>
                           <end id="ka8d0rnv">
                              <title>End - Bad Request 3</title>
                           </end>
                        </flow>
                        <link id="ka8d0rig" targetId="ka8d0rih" type="containerLink"/>
                        <events>
                           <catch faultField="faultInfo" id="ka8d0ri8" interrupting="true">
                              <link id="ka8d0rij" targetId="ka8d0rik" type="containerLink"/>
                           </catch>
                        </events>
                     </eventContainer>
                     <link id="ka88676v" targetId="ka88676q" type="containerLink"/>
                  </flow>
                  <flow id="ka88676x">
                     <assignment id="ka8d0r9w">
                        <title>Assignment to error</title>
                        <operation source="formula" to="output.error">
                           <expression language="XQuery">&lt;error&gt;
	&lt;code&gt;400&lt;/code&gt;
    &lt;detail&gt;Input Validation Failed&lt;/detail&gt;
    &lt;reason&gt;Input parameters defined incorrectly&lt;/reason&gt;
&lt;/error&gt;</expression>
                        </operation>
                        <link id="ka8d0r9x" targetId="ka8d0r97"/>
                     </assignment>
                     <end id="ka8d0r97">
                        <title>End - Bad Request 2</title>
                     </end>
                  </flow>
                  <link id="ka88676t" targetId="ka88676u" type="containerLink">
                     <condition source="formula">
                        <function name="equals">
                           <arg name="left">{$temp.t_inputFlag}</arg>
                           <arg name="right">{0}</arg>
                        </function>
                     </condition>
                  </link>
                  <link id="ka88676w" targetId="ka88676x" type="containerLink"/>
                  <link id="ka88676s" targetId="c"/>
               </container>
               <end id="c"/>
            </flow>
         </process>
         <ns1:sample-data-sets xmlns:ns1="http://schemas.active-endpoints.com/appmodules/repository/2010/10/sampleData.xsd">
            <ns1:SampleData>
               <ns1:Id>c1dfb8db-2fe3-4d35-9dfc-901bd8780130</ns1:Id>
               <ns1:Name>Test-EffectiveDates</ns1:Name>
               <ns1:CreatedBy>edis@gmu.edu.dev</ns1:CreatedBy>
               <ns1:CreationDate>2020-05-20T11:51:40Z</ns1:CreationDate>
               <ns1:ModifiedBy>edis@gmu.edu.dev</ns1:ModifiedBy>
               <ns1:ModifiedDate>2020-05-31T15:10:36Z</ns1:ModifiedDate>
               <ns1:Data format="xml">&lt;root&gt;
&lt;currentInd&gt;C&lt;/currentInd&gt;
&lt;studentInd&gt;Y&lt;/studentInd&gt;
&lt;effectiveFromDtBefore&gt;2020-05-21T04:00:00Z&lt;/effectiveFromDtBefore&gt;
&lt;effectiveFromDtAfter&gt;2010-02-01T04:00:00Z&lt;/effectiveFromDtAfter&gt;
&lt;/root&gt;</ns1:Data>
            </ns1:SampleData>
            <ns1:SampleData>
               <ns1:Id>fd9a9fdb-15c3-4214-b7c3-cd509f03f6c6</ns1:Id>
               <ns1:Name>Test-ErrorHandling</ns1:Name>
               <ns1:CreatedBy>edis@gmu.edu.dev</ns1:CreatedBy>
               <ns1:CreationDate>2020-05-20T17:28:00Z</ns1:CreationDate>
               <ns1:ModifiedBy>edis@gmu.edu.dev</ns1:ModifiedBy>
               <ns1:ModifiedDate>2020-05-31T15:10:36Z</ns1:ModifiedDate>
               <ns1:Data format="xml">&lt;root&gt;
&lt;studentInd&gt;Y&lt;/studentInd&gt;
&lt;currentInd&gt;C&lt;/currentInd&gt;
&lt;pageNumber&gt;45&lt;/pageNumber&gt;
&lt;pageSize&gt;555&lt;/pageSize&gt;
&lt;!-- effectiveFromDtAfter&gt;2020-01-01T04:00:00Z&lt;/effectiveFromDtAfter--&gt;
&lt;/root&gt;</ns1:Data>
            </ns1:SampleData>
            <ns1:SampleData>
               <ns1:Id>c476261e-3a88-4a7d-8c8e-df7a441bd6b9</ns1:Id>
               <ns1:Name>Test-NoDataReturned</ns1:Name>
               <ns1:CreatedBy>edis@gmu.edu.dev</ns1:CreatedBy>
               <ns1:CreationDate>2020-05-20T18:05:29Z</ns1:CreationDate>
               <ns1:ModifiedBy>edis@gmu.edu.dev</ns1:ModifiedBy>
               <ns1:ModifiedDate>2020-05-31T15:10:36Z</ns1:ModifiedDate>
               <ns1:Data format="xml">&lt;root&gt;
&lt;currentInd&gt;C&lt;/currentInd&gt;
&lt;employeeInd&gt;Y&lt;/employeeInd&gt;
&lt;pageSize&gt;100&lt;/pageSize&gt;
&lt;effectiveFromDtBefore&gt;1870-02-07T05:00:00Z&lt;/effectiveFromDtBefore&gt;
&lt;/root&gt;</ns1:Data>
            </ns1:SampleData>
            <ns1:SampleData>
               <ns1:Id>6c9c4986-f5d3-4812-93e8-b98717b5c069</ns1:Id>
               <ns1:Name>Test-Pagination</ns1:Name>
               <ns1:CreatedBy>edis@gmu.edu.dev</ns1:CreatedBy>
               <ns1:CreationDate>2020-05-20T18:51:18Z</ns1:CreationDate>
               <ns1:ModifiedBy>edis@gmu.edu.dev</ns1:ModifiedBy>
               <ns1:ModifiedDate>2020-05-31T15:10:36Z</ns1:ModifiedDate>
               <ns1:Data format="xml">&lt;root&gt;
&lt;currentInd&gt;C&lt;/currentInd&gt;
&lt;!-- studentInd&gt;Y&lt;/studentInd--&gt;
&lt;!-- pageNumber&gt;5958&lt;/pageNumber--&gt;
&lt;pageSize&gt;108&lt;/pageSize&gt;
&lt;/root&gt;</ns1:Data>
            </ns1:SampleData>
            <ns1:SampleData>
               <ns1:Id>fe1947f6-6e85-4897-b48e-0215373bd0d4</ns1:Id>
               <ns1:Name>Test-ParameterCombinations1</ns1:Name>
               <ns1:CreatedBy>edis@gmu.edu.dev</ns1:CreatedBy>
               <ns1:CreationDate>2020-05-20T11:55:22Z</ns1:CreationDate>
               <ns1:ModifiedBy>edis@gmu.edu.dev</ns1:ModifiedBy>
               <ns1:ModifiedDate>2020-05-31T15:10:36Z</ns1:ModifiedDate>
               <ns1:Data format="xml">&lt;root&gt;
&lt;currentInd&gt;C&lt;/currentInd&gt;
&lt;studentInd&gt;Y&lt;/studentInd&gt;
&lt;!-- pageSize&gt;300&lt;/pageSize--&gt;
&lt;effectiveFromDtBefore&gt;2020-05-21T05:00:00Z&lt;/effectiveFromDtBefore&gt;
&lt;/root&gt;</ns1:Data>
            </ns1:SampleData>
            <ns1:SampleData>
               <ns1:Id>29e7d8e9-eb57-4b93-a379-2623fa29f79d</ns1:Id>
               <ns1:Name>Test-ParameterCombinations2</ns1:Name>
               <ns1:CreatedBy>edis@gmu.edu.dev</ns1:CreatedBy>
               <ns1:CreationDate>2020-05-20T11:55:47Z</ns1:CreationDate>
               <ns1:ModifiedBy>edis@gmu.edu.dev</ns1:ModifiedBy>
               <ns1:ModifiedDate>2020-05-31T15:10:36Z</ns1:ModifiedDate>
               <ns1:Data format="xml">&lt;root&gt;
&lt;currentInd&gt;H&lt;/currentInd&gt;
&lt;employeeInd&gt;Y&lt;/employeeInd&gt;
&lt;pageSize&gt;500&lt;/pageSize&gt;
&lt;effectiveFromDtAfter&gt;2005-01-01T05:00:00Z&lt;/effectiveFromDtAfter&gt;
&lt;effectiveFromDtBefore&gt;2019-12-31T05:00:00Z&lt;/effectiveFromDtBefore&gt;
&lt;/root&gt;</ns1:Data>
            </ns1:SampleData>
            <ns1:SampleData>
               <ns1:Id>bad24d08-802a-4e48-a49d-b504637d4c81</ns1:Id>
               <ns1:Name>Test-ParameterCombinations3</ns1:Name>
               <ns1:CreatedBy>edis@gmu.edu.dev</ns1:CreatedBy>
               <ns1:CreationDate>2020-05-20T11:56:12Z</ns1:CreationDate>
               <ns1:ModifiedBy>edis@gmu.edu.dev</ns1:ModifiedBy>
               <ns1:ModifiedDate>2020-05-31T15:10:36Z</ns1:ModifiedDate>
               <ns1:Data format="xml">&lt;root&gt;
&lt;currentInd&gt;C&lt;/currentInd&gt;
&lt;studentInd&gt;Y&lt;/studentInd&gt;
&lt;pageSize&gt;333&lt;/pageSize&gt;
&lt;effectiveFromDtAfter&gt;2015-01-01T05:00:00Z&lt;/effectiveFromDtAfter&gt;
&lt;/root&gt;</ns1:Data>
            </ns1:SampleData>
            <ns1:SampleData>
               <ns1:Id>b02dd2bc-a3ea-43be-a9d4-ca8b5846f5ad</ns1:Id>
               <ns1:Name>Test-ParameterCombinations4</ns1:Name>
               <ns1:CreatedBy>edis@gmu.edu.dev</ns1:CreatedBy>
               <ns1:CreationDate>2020-05-20T11:56:39Z</ns1:CreationDate>
               <ns1:ModifiedBy>edis@gmu.edu.dev</ns1:ModifiedBy>
               <ns1:ModifiedDate>2020-05-31T15:10:36Z</ns1:ModifiedDate>
               <ns1:Data format="xml">&lt;root&gt;
&lt;currentInd&gt;H&lt;/currentInd&gt;
&lt;employeeInd&gt;Y&lt;/employeeInd&gt;
&lt;pageSize&gt;122&lt;/pageSize&gt;
&lt;effectiveFromDtAfter&gt;2018-04-05T05:00:00Z&lt;/effectiveFromDtAfter&gt;
&lt;effectiveFromDtBefore&gt;2019-02-07T05:00:00Z&lt;/effectiveFromDtBefore&gt;
&lt;/root&gt;</ns1:Data>
            </ns1:SampleData>
            <ns1:SampleData>
               <ns1:Id>55ec4e5c-aa44-4fcb-8890-2ad89d135d76</ns1:Id>
               <ns1:Name>Test-ParametersNOEffectiveDates</ns1:Name>
               <ns1:CreatedBy>edis@gmu.edu.dev</ns1:CreatedBy>
               <ns1:CreationDate>2020-05-20T11:57:05Z</ns1:CreationDate>
               <ns1:ModifiedBy>edis@gmu.edu.dev</ns1:ModifiedBy>
               <ns1:ModifiedDate>2020-05-31T15:10:36Z</ns1:ModifiedDate>
               <ns1:Data format="xml">&lt;root&gt;
&lt;currentInd&gt;C&lt;/currentInd&gt;
&lt;studentInd&gt;Y&lt;/studentInd&gt;
&lt;pageSize&gt;30&lt;/pageSize&gt;
&lt;/root&gt;</ns1:Data>
            </ns1:SampleData>
            <ns1:SampleData>
               <ns1:Id>fa7339b6-cc46-4655-be74-092f07fe8f5e</ns1:Id>
               <ns1:Name>Test-ReqdParm_and_1OptParm</ns1:Name>
               <ns1:CreatedBy>edis@gmu.edu.dev</ns1:CreatedBy>
               <ns1:CreationDate>2020-05-19T21:15:53Z</ns1:CreationDate>
               <ns1:ModifiedBy>edis@gmu.edu.dev</ns1:ModifiedBy>
               <ns1:ModifiedDate>2020-05-31T15:10:36Z</ns1:ModifiedDate>
               <ns1:Data format="xml">&lt;root&gt;
&lt;currentInd&gt;C&lt;/currentInd&gt;
&lt;!-- pageSize&gt;400&lt;/pageSize--&gt;
&lt;studentInd&gt;Y&lt;/studentInd&gt;
&lt;!--employeeInd&gt;Y&lt;/employeeInd--&gt;
&lt;!--gNumber&gt;G00003665&lt;/gNumber--&gt;
&lt;/root&gt;</ns1:Data>
            </ns1:SampleData>
            <ns1:SampleData>
               <ns1:Id>4c4d449a-a5f5-4512-a5d9-1742ea5daa31</ns1:Id>
               <ns1:Name>Test-ReqdParm_and_1OptParmWGnum</ns1:Name>
               <ns1:CreatedBy>edis@gmu.edu.dev</ns1:CreatedBy>
               <ns1:CreationDate>2020-05-20T11:49:53Z</ns1:CreationDate>
               <ns1:ModifiedBy>edis@gmu.edu.dev</ns1:ModifiedBy>
               <ns1:ModifiedDate>2020-05-31T15:10:36Z</ns1:ModifiedDate>
               <ns1:Data format="xml">&lt;root&gt;
&lt;!-- currentInd&gt;C&lt;/currentInd--&gt;
&lt;currentInd&gt;H&lt;/currentInd&gt;
&lt;studentInd&gt;Y&lt;/studentInd&gt;
&lt;gNumber&gt;G00003665&lt;/gNumber&gt;
&lt;/root&gt;
</ns1:Data>
            </ns1:SampleData>
            <ns1:SampleData>
               <ns1:Id>9dba123c-05a8-4953-a320-2a19bab0476c</ns1:Id>
               <ns1:Name>Test-SecurityAuth</ns1:Name>
               <ns1:CreatedBy>edis@gmu.edu.dev</ns1:CreatedBy>
               <ns1:CreationDate>2020-05-20T11:51:00Z</ns1:CreationDate>
               <ns1:ModifiedBy>edis@gmu.edu.dev</ns1:ModifiedBy>
               <ns1:ModifiedDate>2020-05-31T15:10:36Z</ns1:ModifiedDate>
               <ns1:Data format="xml">&lt;root&gt;
&lt;currentInd&gt;C&lt;/currentInd&gt;
&lt;studentInd&gt;Y&lt;/studentInd&gt;
&lt;effectiveFromDtAfter&gt;2020-05-12T05:00:00Z&lt;/effectiveFromDtAfter&gt;
&lt;/root&gt;</ns1:Data>
            </ns1:SampleData>
            <ns1:SampleData>
               <ns1:Id>c45bd44f-a5d2-4d80-bb04-b3893f57aedf</ns1:Id>
               <ns1:Name>Test-Sorting</ns1:Name>
               <ns1:CreatedBy>edis@gmu.edu.dev</ns1:CreatedBy>
               <ns1:CreationDate>2020-05-20T11:57:35Z</ns1:CreationDate>
               <ns1:ModifiedBy>edis@gmu.edu.dev</ns1:ModifiedBy>
               <ns1:ModifiedDate>2020-05-31T15:10:36Z</ns1:ModifiedDate>
               <ns1:Data format="xml">&lt;root&gt;
&lt;studentInd&gt;Y&lt;/studentInd&gt;
&lt;currentInd&gt;C&lt;/currentInd&gt;
&lt;!-- pageNumber&gt;45&lt;/pageNumber--&gt;
&lt;!-- pageSize&gt;100&lt;/pageSize--&gt;
&lt;!-- sort&gt;lastName&lt;/sort--&gt;
&lt;!-- sort&gt;gNumber&lt;/gNumber--&gt;
&lt;/root&gt;</ns1:Data>
            </ns1:SampleData>
         </ns1:sample-data-sets>
      </types1:Entry>
      <types1:GUID>1amebKFNcjkioNdFuedaKI</types1:GUID>
      <types1:DisplayName>api-ApplicantBio-v1</types1:DisplayName>
   </types1:Item>
   <types1:CurrentServerDateTime>2020-06-23T19:59:49.272Z</types1:CurrentServerDateTime>
</aetgt:getResponse>
