<aetgt:getResponse xmlns:aetgt="http://schemas.active-endpoints.com/appmodules/repository/2010/10/avrepository.xsd"
                   xmlns:types1="http://schemas.active-endpoints.com/appmodules/repository/2010/10/avrepository.xsd">
   <types1:Item>
      <types1:EntryId>tDC2XZPnE29Em2k-gt-3751036-2020-04-21T18:08:19.307Z::po.xml</types1:EntryId>
      <types1:Name>APPLBIOApiApplicantBioV1Response</types1:Name>
      <types1:ParentFlowIds>7D2L5SeE1KoJBUh-gt-26033335-2020-05-13T16:12:43.95Z::pd.xml</types1:ParentFlowIds>
      <types1:MimeType>application/xml+processobject</types1:MimeType>
      <types1:Description/>
      <types1:AppliesTo/>
      <types1:Tags/>
      <types1:VersionLabel>1.0</types1:VersionLabel>
      <types1:State>CURRENT</types1:State>
      <types1:ProcessGroup/>
      <types1:CreatedBy>mstawarz@gmu.edu</types1:CreatedBy>
      <types1:CreationDate>2020-04-21T18:08:19Z</types1:CreationDate>
      <types1:ModifiedBy/>
      <types1:PublicationStatus>unpublished</types1:PublicationStatus>
      <types1:AutosaveExists>false</types1:AutosaveExists>
      <types1:Entry>
         <processObject xmlns="http://schemas.active-endpoints.com/appmodules/screenflow/2011/06/avosHostEnvironment.xsd"
                        xmlns:aetgt="http://schemas.informatica.com/socrates/processobject/factory/2019/07/internal/infaProcessObjectFactory.xsd"
                        xmlns:internal2="http://schemas.informatica.com/socrates/processobject/factory/2019/07/internal/infaProcessObjectFactory.xsd"
                        isByCopy="true"
                        name="APPLBIOApiApplicantBioV1Response">
            <description xmlns:ns2="http://schemas.active-endpoints.com/appmodules/screenflow/2011/07/avosCommon.xsd">This object was generated from [api-ApplicantBio-v1Response complex type] located in the [ApplicantBio_v1_swagger.xsd] source XML schema.</description>
            <detail>
               <field label="apiResponse" name="apiResponse" type="reference">
                  <options>
                     <option xmlns:ns2="http://schemas.active-endpoints.com/appmodules/screenflow/2011/07/avosCommon.xsd"
                             name="referenceTo">$po:APPLBIOApplicantBioV1Response</option>
                     <option name="guid">0zbbY3taxvqlVjpqI7cq0C</option>
                     <option name="relationshipName">Child</option>
                  </options>
               </field>
               <field label="error" name="error" type="reference">
                  <options>
                     <option xmlns:ns2="http://schemas.active-endpoints.com/appmodules/screenflow/2011/07/avosCommon.xsd"
                             name="referenceTo">$po:APPLBIOErrorModel</option>
                     <option name="guid">5gSHXsUePDHk5LhbaPX20P</option>
                     <option name="relationshipName">Child</option>
                  </options>
               </field>
            </detail>
         </processObject>
      </types1:Entry>
      <types1:GUID>jmH5CdwV3uCcqDsCJXMQgm</types1:GUID>
      <types1:DisplayName>APPLBIOApiApplicantBioV1Response</types1:DisplayName>
   </types1:Item>
   <types1:CurrentServerDateTime>2020-06-23T19:59:48.721Z</types1:CurrentServerDateTime>
</aetgt:getResponse>
