<aetgt:getResponse xmlns:aetgt="http://schemas.active-endpoints.com/appmodules/repository/2010/10/avrepository.xsd"
                   xmlns:types1="http://schemas.active-endpoints.com/appmodules/repository/2010/10/avrepository.xsd">
   <types1:Item>
      <types1:EntryId>iQ4hBnJKoJBUhty-gt-3882210-2020-04-21T18:08:19.129Z::po.xml</types1:EntryId>
      <types1:Name>APPLBIOApplicantBioV1Response</types1:Name>
      <types1:MimeType>application/xml+processobject</types1:MimeType>
      <types1:Description/>
      <types1:AppliesTo/>
      <types1:Tags/>
      <types1:VersionLabel>1.0</types1:VersionLabel>
      <types1:State>CURRENT</types1:State>
      <types1:ProcessGroup/>
      <types1:CreatedBy>mstawarz@gmu.edu</types1:CreatedBy>
      <types1:CreationDate>2020-04-21T18:08:19Z</types1:CreationDate>
      <types1:ModifiedBy/>
      <types1:PublicationStatus>unpublished</types1:PublicationStatus>
      <types1:AutosaveExists>false</types1:AutosaveExists>
      <types1:Entry>
         <processObject xmlns="http://schemas.active-endpoints.com/appmodules/screenflow/2011/06/avosHostEnvironment.xsd"
                        xmlns:aetgt="http://schemas.informatica.com/socrates/processobject/factory/2019/07/internal/infaProcessObjectFactory.xsd"
                        xmlns:internal2="http://schemas.informatica.com/socrates/processobject/factory/2019/07/internal/infaProcessObjectFactory.xsd"
                        isByCopy="true"
                        name="APPLBIOApplicantBioV1Response">
            <description xmlns:ns2="http://schemas.active-endpoints.com/appmodules/screenflow/2011/07/avosCommon.xsd">This object was generated from [ApplicantBioV1Response complex type] located in the [ApplicantBio_v1_swagger.xsd] source XML schema.</description>
            <detail>
               <field label="metadata" name="metadata" type="reference">
                  <options>
                     <option xmlns:ns2="http://schemas.active-endpoints.com/appmodules/screenflow/2011/07/avosCommon.xsd"
                             name="referenceTo">$po:APPLBIOMetadata</option>
                     <option name="guid">1ayVDLcshw8htPdsVftCsr</option>
                     <option name="relationshipName">Child</option>
                  </options>
               </field>
               <field label="data" name="data" type="objectlist">
                  <options>
                     <option xmlns:ns2="http://schemas.active-endpoints.com/appmodules/screenflow/2011/07/avosCommon.xsd"
                             name="referenceTo">$po:APPLBIOApplicantBio</option>
                     <option name="guid">1xaUCUbf08xffWuC7034Mw</option>
                     <option name="relationshipName">Child</option>
                  </options>
               </field>
            </detail>
         </processObject>
      </types1:Entry>
      <types1:GUID>0zbbY3taxvqlVjpqI7cq0C</types1:GUID>
      <types1:DisplayName>APPLBIOApplicantBioV1Response</types1:DisplayName>
   </types1:Item>
   <types1:CurrentServerDateTime>2020-06-23T19:59:48.319Z</types1:CurrentServerDateTime>
</aetgt:getResponse>
