<aetgt:getResponse xmlns:aetgt="http://schemas.active-endpoints.com/appmodules/repository/2010/10/avrepository.xsd"
                   xmlns:types1="http://schemas.active-endpoints.com/appmodules/repository/2010/10/avrepository.xsd">
   <types1:Item>
      <types1:EntryId>86A1UuEDySabbeJ-gt-3882199-2020-04-21T18:08:18.958Z::po.xml</types1:EntryId>
      <types1:Name>APPLBIOApplicantBio</types1:Name>
      <types1:MimeType>application/xml+processobject</types1:MimeType>
      <types1:Description/>
      <types1:AppliesTo/>
      <types1:Tags/>
      <types1:VersionLabel>1.0</types1:VersionLabel>
      <types1:State>CURRENT</types1:State>
      <types1:ProcessGroup/>
      <types1:CreatedBy>mstawarz@gmu.edu</types1:CreatedBy>
      <types1:CreationDate>2020-04-21T18:08:19Z</types1:CreationDate>
      <types1:ModifiedBy/>
      <types1:PublicationStatus>unpublished</types1:PublicationStatus>
      <types1:AutosaveExists>false</types1:AutosaveExists>
      <types1:Entry>
         <processObject xmlns="http://schemas.active-endpoints.com/appmodules/screenflow/2011/06/avosHostEnvironment.xsd"
                        xmlns:aetgt="http://schemas.informatica.com/socrates/processobject/factory/2019/07/internal/infaProcessObjectFactory.xsd"
                        xmlns:internal2="http://schemas.informatica.com/socrates/processobject/factory/2019/07/internal/infaProcessObjectFactory.xsd"
                        isByCopy="true"
                        name="APPLBIOApplicantBio">
            <description xmlns:ns2="http://schemas.active-endpoints.com/appmodules/screenflow/2011/07/avosCommon.xsd">This object was generated from [ApplicantBio complex type] located in the [ApplicantBio_v1_swagger.xsd] source XML schema.</description>
            <detail>
               <field xmlns:ns2="http://schemas.active-endpoints.com/appmodules/screenflow/2011/07/avosCommon.xsd"
                      label="g_number"
                      name="g_number"
                      type="string"/>
               <field xmlns:ns2="http://schemas.active-endpoints.com/appmodules/screenflow/2011/07/avosCommon.xsd"
                      label="pidm"
                      name="pidm"
                      type="string"/>
               <field xmlns:ns2="http://schemas.active-endpoints.com/appmodules/screenflow/2011/07/avosCommon.xsd"
                      label="effective_from_date"
                      name="effective_from_date"
                      type="datetime"/>
               <field xmlns:ns2="http://schemas.active-endpoints.com/appmodules/screenflow/2011/07/avosCommon.xsd"
                      label="effective_to_date"
                      name="effective_to_date"
                      type="datetime"/>
               <field xmlns:ns2="http://schemas.active-endpoints.com/appmodules/screenflow/2011/07/avosCommon.xsd"
                      label="current_ind"
                      name="current_ind"
                      type="string"/>
               <field xmlns:ns2="http://schemas.active-endpoints.com/appmodules/screenflow/2011/07/avosCommon.xsd"
                      label="confidential_ind"
                      name="confidential_ind"
                      type="string"/>
               <field label="addresses" name="addresses" type="objectlist">
                  <options>
                     <option xmlns:ns2="http://schemas.active-endpoints.com/appmodules/screenflow/2011/07/avosCommon.xsd"
                             name="referenceTo">$po:APPLBIOAddress</option>
                     <option name="guid">9SoZHWGFApKfRIjQ8lZyqJ</option>
                     <option name="relationshipName">Child</option>
                  </options>
               </field>
               <field label="gender" name="gender" type="reference">
                  <options>
                     <option xmlns:ns2="http://schemas.active-endpoints.com/appmodules/screenflow/2011/07/avosCommon.xsd"
                             name="referenceTo">$po:APPLBIOGender</option>
                     <option name="guid">lwhq8Y9htk6eQdrJf0qlQV</option>
                     <option name="relationshipName">Child</option>
                  </options>
               </field>
               <field label="race_details" name="race_details" type="reference">
                  <options>
                     <option xmlns:ns2="http://schemas.active-endpoints.com/appmodules/screenflow/2011/07/avosCommon.xsd"
                             name="referenceTo">$po:APPLBIORace</option>
                     <option name="guid">9JUbB4v6p7XlUfiLccmDKV</option>
                     <option name="relationshipName">Child</option>
                  </options>
               </field>
               <field label="phones" name="phones" type="objectlist">
                  <options>
                     <option xmlns:ns2="http://schemas.active-endpoints.com/appmodules/screenflow/2011/07/avosCommon.xsd"
                             name="referenceTo">$po:APPLBIOPhone</option>
                     <option name="guid">btVKg5ZYtWnj4dOZWbhrSK</option>
                     <option name="relationshipName">Child</option>
                  </options>
               </field>
               <field xmlns:ns2="http://schemas.active-endpoints.com/appmodules/screenflow/2011/07/avosCommon.xsd"
                      label="vccs_id"
                      name="vccs_id"
                      type="string"/>
               <field label="deceasedDetails" name="deceasedDetails" type="reference">
                  <options>
                     <option xmlns:ns2="http://schemas.active-endpoints.com/appmodules/screenflow/2011/07/avosCommon.xsd"
                             name="referenceTo">$po:APPLBIODeceased</option>
                     <option name="guid">6I5Mt82mr0geNQohC3PvwF</option>
                     <option name="relationshipName">Child</option>
                  </options>
               </field>
               <field label="personName" name="personName" type="reference">
                  <options>
                     <option xmlns:ns2="http://schemas.active-endpoints.com/appmodules/screenflow/2011/07/avosCommon.xsd"
                             name="referenceTo">$po:APPLBIOPersonName</option>
                     <option name="guid">cQvStpD7cy6bfk6T1QQFEk</option>
                     <option name="relationshipName">Child</option>
                  </options>
               </field>
               <field label="emails" name="emails" type="objectlist">
                  <options>
                     <option xmlns:ns2="http://schemas.active-endpoints.com/appmodules/screenflow/2011/07/avosCommon.xsd"
                             name="referenceTo">$po:APPLBIOEmail</option>
                     <option name="guid">fYNLvS88t0hceYnDfndv4H</option>
                     <option name="relationshipName">Child</option>
                  </options>
               </field>
               <field label="citizenship_details"
                      name="citizenship_details"
                      type="reference">
                  <options>
                     <option xmlns:ns2="http://schemas.active-endpoints.com/appmodules/screenflow/2011/07/avosCommon.xsd"
                             name="referenceTo">$po:APPLBIOCitizenship</option>
                     <option name="guid">gCqGlmnsT6SlcK0oF6eqiF</option>
                     <option name="relationshipName">Child</option>
                  </options>
               </field>
               <field label="birth_details" name="birth_details" type="reference">
                  <options>
                     <option xmlns:ns2="http://schemas.active-endpoints.com/appmodules/screenflow/2011/07/avosCommon.xsd"
                             name="referenceTo">$po:APPLBIOBirth</option>
                     <option name="guid">a3PZtSbgXRikPd9d6WvrIa</option>
                     <option name="relationshipName">Child</option>
                  </options>
               </field>
            </detail>
         </processObject>
      </types1:Entry>
      <types1:GUID>1xaUCUbf08xffWuC7034Mw</types1:GUID>
      <types1:DisplayName>APPLBIOApplicantBio</types1:DisplayName>
   </types1:Item>
   <types1:CurrentServerDateTime>2020-06-23T19:59:48.172Z</types1:CurrentServerDateTime>
</aetgt:getResponse>
