<aetgt:getResponse xmlns:aetgt="http://schemas.active-endpoints.com/appmodules/repository/2010/10/avrepository.xsd"
                   xmlns:types1="http://schemas.active-endpoints.com/appmodules/repository/2010/10/avrepository.xsd">
   <types1:Item>
      <types1:EntryId>DzE9cjIw8jIw8jI-gt-2881031-2020-04-21T18:08:19.483Z::po.xml</types1:EntryId>
      <types1:Name>APPLBIOPersonName</types1:Name>
      <types1:MimeType>application/xml+processobject</types1:MimeType>
      <types1:Description/>
      <types1:AppliesTo/>
      <types1:Tags/>
      <types1:VersionLabel>1.0</types1:VersionLabel>
      <types1:State>CURRENT</types1:State>
      <types1:ProcessGroup/>
      <types1:CreatedBy>mstawarz@gmu.edu</types1:CreatedBy>
      <types1:CreationDate>2020-04-21T18:08:19Z</types1:CreationDate>
      <types1:ModifiedBy/>
      <types1:PublicationStatus>unpublished</types1:PublicationStatus>
      <types1:AutosaveExists>false</types1:AutosaveExists>
      <types1:Entry>
         <processObject xmlns="http://schemas.active-endpoints.com/appmodules/screenflow/2011/06/avosHostEnvironment.xsd"
                        xmlns:_0="http://schemas.informatica.com/socrates/processobject/factory/2019/07/common/infaProcessObjectFactory.xsd"
                        xmlns:aetgt="http://schemas.informatica.com/socrates/processobject/factory/2019/07/internal/infaProcessObjectFactory.xsd"
                        xmlns:internal2="http://schemas.informatica.com/socrates/processobject/factory/2019/07/internal/infaProcessObjectFactory.xsd"
                        xmlns:ns2="http://schemas.active-endpoints.com/appmodules/screenflow/2011/07/avosCommon.xsd"
                        isByCopy="true"
                        name="APPLBIOPersonName">
            <description>This object was generated from [PersonName complex type] located in the [ApplicantBio_v1_swagger.xsd] source XML schema.</description>
            <detail>
               <field label="name_prefix" name="name_prefix" type="string"/>
               <field label="full_name" name="full_name" type="string"/>
               <field label="name_suffix" name="name_suffix" type="string"/>
               <field label="last_name" name="last_name" type="string"/>
               <field label="middle_name" name="middle_name" type="string"/>
               <field label="first_name" name="first_name" type="string"/>
               <field label="preferred_name" name="preferred_name" type="string"/>
            </detail>
         </processObject>
      </types1:Entry>
      <types1:GUID>cQvStpD7cy6bfk6T1QQFEk</types1:GUID>
      <types1:DisplayName>APPLBIOPersonName</types1:DisplayName>
   </types1:Item>
   <types1:CurrentServerDateTime>2020-06-23T19:59:47.391Z</types1:CurrentServerDateTime>
</aetgt:getResponse>
