<aetgt:getResponse xmlns:aetgt="http://schemas.active-endpoints.com/appmodules/repository/2010/10/avrepository.xsd"
                   xmlns:types1="http://schemas.active-endpoints.com/appmodules/repository/2010/10/avrepository.xsd">
   <types1:Item>
      <types1:EntryId>Luuu3cjAXhNUdyO-gt-1620841-2020-04-21T18:08:18.602Z::po.xml</types1:EntryId>
      <types1:Name>APPLBIOMetadata</types1:Name>
      <types1:MimeType>application/xml+processobject</types1:MimeType>
      <types1:Description/>
      <types1:AppliesTo/>
      <types1:Tags/>
      <types1:VersionLabel>1.0</types1:VersionLabel>
      <types1:State>CURRENT</types1:State>
      <types1:ProcessGroup/>
      <types1:CreatedBy>mstawarz@gmu.edu</types1:CreatedBy>
      <types1:CreationDate>2020-04-21T18:08:19Z</types1:CreationDate>
      <types1:ModifiedBy/>
      <types1:PublicationStatus>unpublished</types1:PublicationStatus>
      <types1:AutosaveExists>false</types1:AutosaveExists>
      <types1:Entry>
         <processObject xmlns="http://schemas.active-endpoints.com/appmodules/screenflow/2011/06/avosHostEnvironment.xsd"
                        xmlns:_0="http://schemas.informatica.com/socrates/processobject/factory/2019/07/common/infaProcessObjectFactory.xsd"
                        xmlns:aetgt="http://schemas.informatica.com/socrates/processobject/factory/2019/07/internal/infaProcessObjectFactory.xsd"
                        xmlns:internal2="http://schemas.informatica.com/socrates/processobject/factory/2019/07/internal/infaProcessObjectFactory.xsd"
                        xmlns:ns2="http://schemas.active-endpoints.com/appmodules/screenflow/2011/07/avosCommon.xsd"
                        isByCopy="true"
                        name="APPLBIOMetadata">
            <description>This object was generated from [Metadata complex type] located in the [ApplicantBio_v1_swagger.xsd] source XML schema.</description>
            <detail>
               <field label="pageCount" name="pageCount" type="int"/>
               <field label="pageNumber" name="pageNumber" type="int"/>
               <field label="pageSize" name="pageSize" type="int"/>
               <field label="totalCount" name="totalCount" type="int"/>
            </detail>
         </processObject>
      </types1:Entry>
      <types1:GUID>1ayVDLcshw8htPdsVftCsr</types1:GUID>
      <types1:DisplayName>APPLBIOMetadata</types1:DisplayName>
   </types1:Item>
   <types1:CurrentServerDateTime>2020-06-23T19:59:47.813Z</types1:CurrentServerDateTime>
</aetgt:getResponse>
