<aetgt:getResponse xmlns:aetgt="http://schemas.active-endpoints.com/appmodules/repository/2010/10/avrepository.xsd"
                   xmlns:types1="http://schemas.active-endpoints.com/appmodules/repository/2010/10/avrepository.xsd">
   <types1:Item>
      <types1:EntryId>JjJfOMWSwxF1T4W-gt-6256288-2020-04-08T19:18:40.567Z::po.xml</types1:EntryId>
      <types1:Name>CONSTBIOConstituentBioV1Response</types1:Name>
      <types1:ParentFlowIds>0bdpsaaaa-gt-8543548-2020-05-15T17:16:59.995Z::pd.xml,0fPAreFRqXpIW7W-gt-7485246-2020-05-20T13:54:06.99Z::pd.xml,30thJ6gaabclvAh-gt-17105891-2020-05-08T13:15:21.883Z::pd.xml,5gchwAQlBWlD2pH-gt-11957981-2020-05-08T13:15:48.906Z::pd.xml,6yV4AdypKwKBqRi-gt-25138237-2020-05-12T14:59:38.929Z::pd.xml,78OHDvGFaaaaaaa-gt-3711281-2020-04-29T03:27:24.943Z::pd.xml,7Y3AxtPk7HNCnch-gt-16337091-2020-05-07T16:40:17.942Z::pd.xml,9VtsDaaabdvhxiQ-gt-4447118-2020-04-22T19:54:53.973Z::pd.xml,AAT4W6jKsJlv58p-gt-13388676-2020-05-02T17:28:20.429Z::pd.xml,abcjw4ARW8UBM7z-gt-7679770-2020-05-12T15:15:15.014Z::pd.xml,cjAXhNUdyOoMdtl-gt-4903199-2020-05-18T15:54:12.039Z::pd.xml,clQdycotFgpKi9z-gt-17075053-2020-05-08T15:38:24.04Z::pd.xml,EqclNE6Eaaaaaaa-gt-15619140-2020-05-06T17:26:53.49Z::pd.xml,f6S3wOLIFvukNXH-gt-5054965-2020-05-04T04:53:09.6Z::pd.xml,FIWk6yQC8WrY1Sy-gt-2457061-2020-05-20T13:54:07.251Z::pd.xml,gbdutaaabbgdoGs-gt-10510556-2020-04-29T20:22:22.101Z::pd.xml,hzuzu2JQhtGci3z-gt-12860807-2020-05-01T20:52:26.118Z::pd.xml,jH4oDdvrTdtqSLl-gt-26376498-2020-05-14T12:30:57.159Z::pd.xml,jlTonQYWeIssjql-gt-15540521-2020-05-06T18:11:34.148Z::pd.xml,KBmeK3jhBjop81V-gt-15993504-2020-04-03T17:30:48.595Z::pd.xml,KoEFsWTzIf6riX2-gt-1348643-2020-05-23T15:11:37.585Z::pd.xml,LD6HKoJBUhtycot-gt-25388077-2020-05-12T20:25:34.612Z::pd.xml,LlBWlD2pHALVYxW-gt-1413634-2020-04-09T16:08:47.609Z::pd.xml,llCYAOTMneBjrab-gt-875595-2020-05-12T14:59:39.178Z::pd.xml,mi3wOLIFvukNXHV-gt-277121-2020-05-18T19:49:28.203Z::pd.xml,mtxGomUhGdwOLIF-gt-14074025-2020-05-04T14:09:33.207Z::pd.xml,NLnQciSrZMSPfXB-gt-16474520-2020-05-07T21:36:48.629Z::pd.xml,oHY2KsJlv58pIO3-gt-5587497-2020-04-24T13:55:31.235Z::pd.xml,OznKKvvNtLSVMTo-gt-14772283-2020-05-05T16:09:23.658Z::pd.xml,PyNnQMMnGbciZBp-gt-12461111-2020-05-01T16:33:39.666Z::pd.xml,QbdqVIKchzt1Y6t-gt-16380185-2020-05-07T17:42:33.678Z::pd.xml,QhNzUzeA8rJ4pbg-gt-13872797-2020-05-04T02:57:06.86Z::pd.xml,QWu8zbgdwUiQLnz-gt-26377340-2020-05-14T12:32:37.691Z::pd.xml,r6zlrMZgpDqotxG-gt-887422-2020-05-12T15:15:15.28Z::pd.xml,sGuDoWn2sqeErhN-gt-1330225-2020-05-23T15:01:18.292Z::pd.xml,Su7O2htghGZ5i4r-gt-1320570-2020-05-23T14:34:12.72Z::pd.xml,TqAJlJjx9AWbg0Z-gt-16399684-2020-05-07T18:07:12.736Z::pd.xml,tUSptM9hOznKKvv-gt-14932317-2020-05-13T14:23:12.31Z::pd.xml,TUzouQnG5YLnzYL-gt-12571020-2020-05-01T16:32:30.726Z::pd.xml,U50LK2D86CjqFVN-gt-5648463-2020-04-24T15:07:39.747Z::pd.xml,UJsJGD4ARW8UBM7-gt-9347346-2020-05-04T18:55:00.474Z::pd.xml,v9UQAHzSZkL0jmu-gt-3041379-2020-04-22T03:15:48.346Z::pd.xml,x3kPaaaaaaaaa-gt-9281598-2020-05-04T16:58:08.138Z::pd.xml,xeLeG3vASaaaaa-gt-14803276-2020-05-05T16:20:17.375Z::pd.xml,xiggor3rp3yD7ty-gt-515666-2020-05-31T15:10:35.376Z::pd.xml,xTtlI20hELlBWlD-gt-6620809-2020-05-08T15:38:23.8Z::pd.xml,zFXyDQeH2PKDC0h-gt-2977497-2020-04-20T13:34:39.406Z::pd.xml</types1:ParentFlowIds>
      <types1:MimeType>application/xml+processobject</types1:MimeType>
      <types1:Description>This object was generated from [ConstituentBio_v1Response complex type] located in the [ConstituentBio-v1-swagger.json.xsd] source XML schema.</types1:Description>
      <types1:AppliesTo/>
      <types1:Tags/>
      <types1:VersionLabel>1.0</types1:VersionLabel>
      <types1:State>CURRENT</types1:State>
      <types1:ProcessGroup/>
      <types1:CreatedBy>edis@gmu.edu.sandbox</types1:CreatedBy>
      <types1:CreationDate>2020-04-08T19:18:41Z</types1:CreationDate>
      <types1:ModifiedBy>edis@gmu.edu.dev</types1:ModifiedBy>
      <types1:ModificationDate>2020-05-27T20:16:27Z</types1:ModificationDate>
      <types1:PublicationStatus>unpublished</types1:PublicationStatus>
      <types1:AutosaveExists>false</types1:AutosaveExists>
      <types1:Entry>
         <processObject xmlns="http://schemas.active-endpoints.com/appmodules/screenflow/2011/06/avosHostEnvironment.xsd"
                        displayName="CONSTBIOConstituentBioV1Response"
                        isByCopy="true"
                        name="CONSTBIOConstituentBioV1Response">
            <description>This object was generated from [ConstituentBio_v1Response complex type] located in the [ConstituentBio-v1-swagger.json.xsd] source XML schema.</description>
            <tags/>
            <detail>
               <field label="metadata" name="metadata" type="reference">
                  <options>
                     <option name="referenceTo">$po:Metadata</option>
                     <option name="guid">7mvUL2jsWiEfvddzwz3DUo</option>
                     <option name="relationshipName">Child</option>
                  </options>
               </field>
               <field label="data" name="data" type="objectlist">
                  <options>
                     <option name="referenceTo">$po:CONSTBIOConstituentBio</option>
                     <option name="guid">egv3uDgZSylfsqUsciAn0C</option>
                     <option name="relationshipName">Child</option>
                  </options>
               </field>
            </detail>
         </processObject>
      </types1:Entry>
      <types1:GUID>2psMFFilv2TcAJMMnx5c0k</types1:GUID>
      <types1:DisplayName>CONSTBIOConstituentBioV1Response</types1:DisplayName>
   </types1:Item>
   <types1:CurrentServerDateTime>2020-06-23T19:59:48.337Z</types1:CurrentServerDateTime>
</aetgt:getResponse>
