<aetgt:getResponse xmlns:aetgt="http://schemas.active-endpoints.com/appmodules/repository/2010/10/avrepository.xsd"
                   xmlns:types1="http://schemas.active-endpoints.com/appmodules/repository/2010/10/avrepository.xsd">
   <types1:Item>
      <types1:EntryId>2qrg0XJt93aaa-gt-818440-2020-04-08T19:18:39.86Z::po.xml</types1:EntryId>
      <types1:Name>CONSTBIOConstituentBio</types1:Name>
      <types1:MimeType>application/xml+processobject</types1:MimeType>
      <types1:Description>This object was generated from [ConstituentBio complex type] located in the [ConstituentBio-v1-swagger.json.xsd] source XML schema.</types1:Description>
      <types1:AppliesTo/>
      <types1:Tags/>
      <types1:VersionLabel>1.0</types1:VersionLabel>
      <types1:State>CURRENT</types1:State>
      <types1:ProcessGroup/>
      <types1:CreatedBy>edis@gmu.edu.sandbox</types1:CreatedBy>
      <types1:CreationDate>2020-04-08T19:18:40Z</types1:CreationDate>
      <types1:ModifiedBy>edis@gmu.edu.dev</types1:ModifiedBy>
      <types1:ModificationDate>2020-05-27T20:16:26Z</types1:ModificationDate>
      <types1:PublicationStatus>unpublished</types1:PublicationStatus>
      <types1:AutosaveExists>false</types1:AutosaveExists>
      <types1:Entry>
         <processObject xmlns="http://schemas.active-endpoints.com/appmodules/screenflow/2011/06/avosHostEnvironment.xsd"
                        displayName="CONSTBIOConstituentBio"
                        isByCopy="true"
                        name="CONSTBIOConstituentBio">
            <description>This object was generated from [ConstituentBio complex type] located in the [ConstituentBio-v1-swagger.json.xsd] source XML schema.</description>
            <tags/>
            <detail>
               <field label="pidm" name="pidm" type="string"/>
               <field label="current_ind" name="current_ind" type="string"/>
               <field label="confidential_ind" name="confidential_ind" type="string"/>
               <field label="g_number" name="g_number" type="string"/>
               <field label="vccs_id" name="vccs_id" type="string"/>
               <field label="effective_from_date" name="effective_from_date" type="date"/>
               <field label="effective_to_date" name="effective_to_date" type="date"/>
               <field label="classifications" name="classifications" type="reference">
                  <options>
                     <option name="referenceTo">$po:CONSTBIOConstituentClassification</option>
                     <option name="guid">7cWBHtAgrv1jbawkuOmUmo</option>
                     <option name="relationshipName">Child</option>
                  </options>
               </field>
               <field label="personName" name="personName" type="reference">
                  <options>
                     <option name="referenceTo">$po:CONSTBIOPersonName</option>
                     <option name="guid">0dATlVSJHLBfyRiEESovQy</option>
                     <option name="relationshipName">Child</option>
                  </options>
               </field>
               <field label="birth_details" name="birth_details" type="reference">
                  <options>
                     <option name="referenceTo">$po:CONSTBIOBirth</option>
                     <option name="guid">jSJRCHqTVocgHwOFtOBfmY</option>
                     <option name="relationshipName">Child</option>
                  </options>
               </field>
               <field label="deceasedDetails" name="deceasedDetails" type="reference">
                  <options>
                     <option name="referenceTo">$po:CONSTBIODeceased</option>
                     <option name="guid">3MUmxt22aWahNO7hY6PXAD</option>
                     <option name="relationshipName">Child</option>
                  </options>
               </field>
               <field label="gender" name="gender" type="reference">
                  <options>
                     <option name="referenceTo">$po:CONSTBIOGender</option>
                     <option name="guid">1ZT34hXr8ZNjrZbY4lPyIh</option>
                     <option name="relationshipName">Child</option>
                  </options>
               </field>
               <field label="race_details" name="race_details" type="reference">
                  <options>
                     <option name="referenceTo">$po:CONSTBIORace</option>
                     <option name="guid">cHsm8JMXQS1eMMeo5uwDKK</option>
                     <option name="relationshipName">Child</option>
                  </options>
               </field>
               <field label="citizenship_details"
                      name="citizenship_details"
                      type="reference">
                  <options>
                     <option name="referenceTo">$po:CONSTBIOCitizenship</option>
                     <option name="guid">ewOVjvmNiYmkkFzLSdWloz</option>
                     <option name="relationshipName">Child</option>
                  </options>
               </field>
               <field label="phones" name="phones" type="objectlist">
                  <options>
                     <option name="referenceTo">$po:CONSTBIOPhone</option>
                     <option name="guid">b5LsC7jfdavlqJXcloaeCE</option>
                     <option name="relationshipName">Child</option>
                  </options>
               </field>
               <field label="emails" name="emails" type="objectlist">
                  <options>
                     <option name="referenceTo">$po:CONSTBIOEmail</option>
                     <option name="guid">bN4ZB0YrWaDdiIczm3NA8e</option>
                     <option name="relationshipName">Child</option>
                  </options>
               </field>
               <field label="addresses" name="addresses" type="objectlist">
                  <options>
                     <option name="referenceTo">$po:CONSTBIOAddress</option>
                     <option name="guid">alDyFhHofXneDnK0nqRnOx</option>
                     <option name="relationshipName">Child</option>
                  </options>
               </field>
            </detail>
         </processObject>
      </types1:Entry>
      <types1:GUID>egv3uDgZSylfsqUsciAn0C</types1:GUID>
      <types1:DisplayName>CONSTBIOConstituentBio</types1:DisplayName>
   </types1:Item>
   <types1:CurrentServerDateTime>2020-06-23T19:59:48.125Z</types1:CurrentServerDateTime>
</aetgt:getResponse>
