{"EntryId":{"$t":"7LHxkYAOTMneBjr-gt-29605-2018-06-10T13:13:39.94Z::po.xml"},"Name":{"$t":"ExportAssetList"},"MimeType":{"$t":"application\/xml+processobject"},"Description":{},"AppliesTo":{},"Tags":{},"VersionLabel":{"$t":"1.0"},"State":{"$t":"CURRENT"},"ProcessGroup":{},"CreatedBy":{"$t":"sorabh@na1.dm-us.org"},"CreationDate":{"$t":"2018-06-10T13:13:40Z"},"ModifiedBy":{"$t":"sorabh@na1.dm-us.org"},"ModificationDate":{"$t":"2018-07-31T09:55:30Z"},"PublicationStatus":{"$t":"unpublished"},"AutosaveExists":{"$t":"false"},"Entry":{"processObject":{"displayName":"ExportAssetList","isByCopy":"true","name":"ExportAssetList","xmlns":"http:\/\/schemas.active-endpoints.com\/appmodules\/screenflow\/2011\/06\/avosHostEnvironment.xsd","xmlns$aetgt":"http:\/\/schemas.active-endpoints.com\/appmodules\/repository\/2010\/10\/avrepository.xsd","description":{},"tags":{},"detail":{"field":{"label":"objects","name":"objects","type":"objectlist","options":{"option":[{"name":"referenceTo","$t":"$po:ExportAsset"},{"name":"relationshipName","$t":"Child"},{"name":"guid","$t":"8ApOEf9vQMTe4QTKeISFcx"}]}}}}},"GUID":{"$t":"3ygSehArZUjjASS3XCVT8D"},"DisplayName":{"$t":"ExportAssetList"}}