{
  "name" : "Fedex-0918",
  "sourceOrgId" : "aDdeKzHZEoQdwATn5hMqI8",
  "sourceOrgName" : "CAI Service Connectors",
  "exportedObjects" : [ {
    "objectGuid" : "2FajX9BDQYgkSi2PIHXreq",
    "objectName" : "FedEx Tracking API",
    "objectType" : "AI_SERVICE_CONNECTOR",
    "path" : "/Explore/Fedex",
    "metadata" : {
      "modelVersion" : {
        "major" : 1,
        "minor" : 0
      },
      "repoInfo" : {
        "repoHandle" : "Nx6CjqFVNN5Kaaa-gt-69613-2018-08-14T21:49:17.635Z::svc.xml"
      },
      "objectRefs" : [ ],
      "contextAttributes" : null,
      "additionalInfo" : {
        "description" : "The Service Connector that enables Package Tracking to be done.\n\nEnter your developer credentials in the Actions/Binding/Body for Key, Password, AccountNumber, and MeterNumber",
        "contentType" : "application/json; charset=utf-8",
        "documentState" : "VALID"
      },
      "objectExistence" : "WITH_DEPENDENCIES"
    }
  }, {
    "objectGuid" : "1s6FxvPOZW1iVywyx4ZHoB",
    "objectName" : "FedEx-Tracking-API-Actions",
    "objectType" : "AI_CONNECTION",
    "path" : "/Explore/Fedex",
    "metadata" : {
      "modelVersion" : {
        "major" : 1,
        "minor" : 0
      },
      "repoInfo" : {
        "repoHandle" : "YlKDeDyf6riX2FN-gt-69621-2018-08-14T21:49:17.807Z::conn.xml"
      },
      "objectRefs" : [ "2FajX9BDQYgkSi2PIHXreq" ],
      "contextAttributes" : null,
      "additionalInfo" : {
        "description" : "The Connection built upon the Fedex Service Connector.",
        "contentType" : "application/json; charset=utf-8",
        "documentState" : "VALID"
      },
      "objectExistence" : "WITH_DEPENDENCIES"
    }
  }, {
    "objectGuid" : "0MCbd1VOH3xeIQkGlWPEwh",
    "objectName" : "Get Fedex Package Status",
    "objectType" : "PROCESS",
    "path" : "/Explore/Fedex",
    "metadata" : {
      "modelVersion" : {
        "major" : 1,
        "minor" : 0
      },
      "repoInfo" : {
        "repoHandle" : "0QZuPtokMJoGsF4-gt-406563-2018-08-14T21:49:17.993Z::pd.xml"
      },
      "objectRefs" : [ "1s6FxvPOZW1iVywyx4ZHoB" ],
      "contextAttributes" : null,
      "additionalInfo" : {
        "description" : "A simple process to demonstrate invoking the Fedex tracking API by invoking the process with a package tracking number and returning status information. \n \nNo authentication is required.\n\nThis does NOT test for invalid numbers being entered.",
        "contentType" : "application/json; charset=utf-8",
        "documentState" : "VALID"
      },
      "objectExistence" : "WITH_DEPENDENCIES"
    }
  }, {
    "objectGuid" : "aVR370jzNYJhnNFffxc7sH",
    "objectName" : "Fedex",
    "objectType" : "Project",
    "path" : "/Explore",
    "metadata" : {
      "modelVersion" : {
        "major" : 0,
        "minor" : 0
      },
      "repoInfo" : null,
      "objectRefs" : [ ],
      "contextAttributes" : [ ],
      "additionalInfo" : {
        "description" : "The Fedex Service Connector, Connection, and sample Process for inclusion in the Service Connector Library.",
        "contentType" : "Binary",
        "documentState" : "COMPLETE"
      },
      "objectExistence" : "WITHOUT_DEPENDENCIES"
    }
  } ]
}