{"EntryId":{"$t":"358pIO3M4WwOC2X-gt-54514-2018-08-14T19:34:30.871Z::conn.xml"},"Name":{"$t":"Marketo-Lead-Database-API-actions-1"},"ParentFlowIds":{"$t":"rtRuImXycotFgpK-gt-54542-2018-08-14T19:34:31.288Z::pd.xml"},"MimeType":{"$t":"application\/xml+connection"},"Description":{"$t":"Actions for Marketo Lead Database API"},"AppliesTo":{},"Tags":{},"VersionLabel":{"$t":"1.0"},"State":{"$t":"CURRENT"},"ProcessGroup":{},"CreatedBy":{"$t":"gstasko@svccon.com"},"CreationDate":{"$t":"2018-08-14T19:34:31Z"},"ModifiedBy":{},"PublicationStatus":{"$t":"unpublished"},"AutosaveExists":{"$t":"false"},"Entry":{"connection":{"displayName":"Marketo-Lead-Database-API-actions","label":"Marketo-Lead-Database-API-actions","name":"Marketo-Lead-Database-API-actions-1","xmlns":"http:\/\/schemas.informatica.com\/socrates\/data-services\/2014\/04\/avosConnections.xsd","xmlns$aetgt":"http:\/\/schemas.active-endpoints.com\/appmodules\/repository\/2010\/10\/avrepository.xsd","description":{"$t":"Actions for Marketo Lead Database API"},"tags":{},"agent":{},"attributes":{"attribute":{"encrypted":"false","name":"hostName","value":"462-VKM-148.mktorest.com"}},"businessConnector":{"agentOnly":"false","connectorPath":"project:\/rt.connector\/Marketo_Lead_Database_API\/Marketo_Lead_Database_API_svcDef.xml","guid":"3vaZsVZI58tdx1veaQS36D","name":"Marketo_Lead_Database_API","supportsConnectionTest":"false","uuid":"db10eea4-afc2-46ef-b541-41090acdc6fb","xmlns":"http:\/\/schemas.informatica.com\/appmodules\/screenflow\/2014\/04\/avosConnectors.xsd","description":{"$t":"Marketo REST API which relies upon token from Authentication API call."}}}},"GUID":{"$t":"0xDBJu22hABfzIs5jfBiUt"},"DisplayName":{"$t":"Marketo-Lead-Database-API-actions"}}