{"EntryId":{"$t":"OOVGuDoWn2sqeEr-gt-323687-2018-06-20T11:12:41.653Z::pd.xml"},"Name":{"$t":"SDLC"},"MimeType":{"$t":"application\/xml+process"},"Description":{},"AppliesTo":{},"Tags":{"$t":".anonymous"},"VersionLabel":{"$t":"1.0"},"State":{"$t":"CURRENT"},"ProcessGroup":{},"CreatedBy":{"$t":"sorabh@na1.dm-us.org"},"CreationDate":{"$t":"2018-06-20T11:12:42Z"},"ModifiedBy":{"$t":"sorabh@na1.dm-us.org"},"ModificationDate":{"$t":"2018-06-21T04:59:22Z"},"PublicationStatus":{"$t":"out-of-date"},"PublishedBy":{"$t":"sorabh@na1.dm-us.org"},"PublicationDate":{"$t":"2018-06-21T04:59:26Z"},"PublishedContributionId":{"$t":"project:\/spi.SDLC\/SDLC.pd.xml"},"AutosaveExists":{"$t":"false"},"Entry":{"process":{"displayName":"SDLC","name":"SDLC","xmlns":"http:\/\/schemas.active-endpoints.com\/appmodules\/screenflow\/2010\/10\/avosScreenflow.xsd","xmlns$aetgt":"http:\/\/schemas.active-endpoints.com\/appmodules\/repository\/2010\/10\/avrepository.xsd","xmlns$list":"urn:activevos:spi:list:functions","appliesTo":{},"description":{},"tags":{"$t":".anonymous"},"generator":{"$t":"Informatica Process Designer 9"},"input":{"parameter":[{"description":"","name":"IICSExportOrgUsername","type":"string","options":{"option":{"name":"required","$t":"false"}}},{"description":"","name":"IICSExportOrgPassword","type":"string","options":{"option":{"name":"required","$t":"false"}}},{"description":"","name":"IICSExportOrgHostname","type":"string","options":{"option":{"name":"required","$t":"false"}}}]},"output":{"field":{"description":"","name":"sessionId","type":"string","options":{"option":{"name":"required","$t":"false"}}}},"notes":{},"deployment":{"suspendOnFault":"false","tracingLevel":"none","rest":{"allowAnonymousAccess":{}}},"flow":{"id":"a","start":{"id":"b","link":{"id":"jin0ox1b","targetId":"jin0ox1a"}},"subflow":{"id":"jin0ox1a","title":{"$t":"Login to IICS"},"subflowGUID":{"$t":"0lMjLAteBKXb0qnHj5J7Sq"},"subflowPath":{"$t":"Login_to_IICS"},"runForEach":{"$t":"false"},"input":{"parameter":[{"name":"Username","source":"field","updatable":"true","$t":"input.IICSExportOrgUsername"},{"name":"Password","source":"field","updatable":"true","$t":"input.IICSExportOrgPassword"},{"name":"Hostname","source":"field","updatable":"true","$t":"input.IICSExportOrgHostname"}]},"outputDef":{"field":{"name":"Login Response","type":"reference","options":{"option":[{"name":"referenceTo","$t":"IICS-REST-API-actions:LoginResponse"},{"name":"required","$t":"false"},{"name":"isCopy","$t":"true"},{"name":"guid","$t":"8aOwbKjI2W7gAcny4H27ew"}]}}},"link":{"id":"jio2ph1r","targetId":"jio2ph1q"}},"assignment":{"id":"jio2ph1q","title":{"$t":"Assign Output"},"operation":{"source":"field","to":"output.sessionId","$t":"output.Login Response[1]\/userInfo[1]\/sessionId"},"link":{"id":"jio2ph1s","targetId":"c"}},"end":{"id":"c"}}}},"GUID":{"$t":"6i43mSXqS6ikKio3p1ejgb"},"DisplayName":{"$t":"SDLC"}}