<aetgt:getResponse xmlns:aetgt="http://schemas.active-endpoints.com/appmodules/repository/2010/10/avrepository.xsd"
                   xmlns:types1="http://schemas.active-endpoints.com/appmodules/repository/2010/10/avrepository.xsd">
   <types1:Item>
      <types1:EntryId>mi3wOLIFvukNXHV-gt-1998909-2019-05-17T18:43:26.203Z::tf.xml</types1:EntryId>
      <types1:Name>POC_Taskflow_TestFileProcessor_to_ADL</types1:Name>
      <types1:MimeType>application/xml+taskflow</types1:MimeType>
      <types1:Description/>
      <types1:AppliesTo/>
      <types1:Tags/>
      <types1:VersionLabel>1.0</types1:VersionLabel>
      <types1:State>CURRENT</types1:State>
      <types1:ProcessGroup/>
      <types1:CreatedBy>cwinn.dev</types1:CreatedBy>
      <types1:CreationDate>2019-05-17T18:43:26Z</types1:CreationDate>
      <types1:ModifiedBy/>
      <types1:PublicationStatus>published</types1:PublicationStatus>
      <types1:PublishedBy>cwinn.dev</types1:PublishedBy>
      <types1:PublicationDate>2019-05-17T18:43:32Z</types1:PublicationDate>
      <types1:PublishedContributionId>project:/tf.POC_Taskflow_TestFileProcessor_to_ADL/POC_Taskflow_TestFileProcessor_to_ADL.tf.xml</types1:PublishedContributionId>
      <types1:AutosaveExists>false</types1:AutosaveExists>
      <types1:Entry>
         <taskflow xmlns="http://schemas.active-endpoints.com/appmodules/screenflow/2010/10/avosScreenflow.xsd"
                   xmlns:list="urn:activevos:spi:list:functions"
                   displayName="POC_Taskflow_TestFileProcessor_to_ADL"
                   name="POC_Taskflow_TestFileProcessor_to_ADL">
            <appliesTo/>
            <description/>
            <tags/>
            <generator>Informatica Process Designer 11</generator>
            <tempFields>
               <field description=""
                      name="IsSuccess_TestFileProcessor_to_TestFileShare"
                      type="int">
                  <options>
                     <option name="required">false</option>
                  </options>
               </field>
               <field description="" name="untitled1" type="string">
                  <options>
                     <option name="required">false</option>
                  </options>
               </field>
               <field description=""
                      name="POC_Task_TestFileProcessor_to_TestFileShare"
                      type="reference">
                  <options>
                     <option name="referenceTo">$po:POC-Task-TestFileProcessor-to-TestFileShare</option>
                  </options>
               </field>
               <field description=""
                      name="POC_Task_TestFileShare_to_ADL"
                      type="reference">
                  <options>
                     <option name="referenceTo">$po:POC-Task-TestFileShare-To-ADL</option>
                  </options>
               </field>
            </tempFields>
            <notes/>
            <deployment suspendOnFault="false" tracingLevel="verbose">
               <rest/>
            </deployment>
            <flow id="a">
               <start id="b">
                  <link id="jvsffdn6" targetId="jvsffdnb"/>
               </start>
               <eventContainer id="jvsffdnb">
                  <service id="jvsffdn5">
                     <title>POC_Task_TestFileProcessor_to_TestFileShare</title>
                     <serviceName>ICSExecuteDataTask</serviceName>
                     <serviceGUID/>
                     <serviceInput>
                        <parameter name="Wait for Task to Complete" source="constant" updatable="true">true</parameter>
                        <parameter name="Max Wait" source="constant" updatable="true">86400</parameter>
                        <parameter name="Task Name" source="constant" updatable="true">POC_Task_TestFileProcessor_to_TestFileShare</parameter>
                        <parameter name="GUID" source="constant" updatable="true">5TbdHzqoyBqiDlv6kAuME1</parameter>
                        <parameter name="Task Type" source="constant" updatable="true">MCT</parameter>
                        <parameter name="Has Inout Parameters" source="constant" updatable="true">false</parameter>
                        <parameter name="taskField" source="nested">
                           <operation source="field" to="POC-Task-TestFileProcessor-to-TestFileShare">temp.POC_Task_TestFileProcessor_to_TestFileShare</operation>
                        </parameter>
                     </serviceInput>
                     <serviceOutput>
                        <operation source="field"
                                   to="temp.POC_Task_TestFileProcessor_to_TestFileShare/output">Success Source Rows</operation>
                        <operation source="field"
                                   to="temp.POC_Task_TestFileProcessor_to_TestFileShare/output/Object_Name">Object Name</operation>
                        <operation source="field"
                                   to="temp.POC_Task_TestFileProcessor_to_TestFileShare/output/Run_Id">Run Id</operation>
                        <operation source="field"
                                   to="temp.POC_Task_TestFileProcessor_to_TestFileShare/output/Log_Id">Log Id</operation>
                        <operation source="field"
                                   to="temp.POC_Task_TestFileProcessor_to_TestFileShare/output/Task_Status">Task Status</operation>
                        <operation source="field"
                                   to="temp.POC_Task_TestFileProcessor_to_TestFileShare/output/Success_Source_Rows">Success Source Rows</operation>
                        <operation source="field"
                                   to="temp.POC_Task_TestFileProcessor_to_TestFileShare/output/Failed_Source_Rows">Failed Source Rows</operation>
                        <operation source="field"
                                   to="temp.POC_Task_TestFileProcessor_to_TestFileShare/output/Success_Target_Rows">Success Target Rows</operation>
                        <operation source="field"
                                   to="temp.POC_Task_TestFileProcessor_to_TestFileShare/output/Failed_Target_Rows">Failed Target Rows</operation>
                        <operation source="field"
                                   to="temp.POC_Task_TestFileProcessor_to_TestFileShare/output/Start_Time">Start Time</operation>
                        <operation source="field"
                                   to="temp.POC_Task_TestFileProcessor_to_TestFileShare/output/End_Time">End Time</operation>
                        <operation source="field"
                                   to="temp.POC_Task_TestFileProcessor_to_TestFileShare/output/Error_Message">Error Message</operation>
                     </serviceOutput>
                  </service>
                  <flow id="jvsffdoz">
                     <eventContainer id="jvsffdpl">
                        <service id="jvsffdpb">
                           <title>POC_Task_TestFileShare_to_ADL</title>
                           <serviceName>ICSExecuteDataTask</serviceName>
                           <serviceGUID/>
                           <serviceInput>
                              <parameter name="Wait for Task to Complete" source="constant" updatable="true">true</parameter>
                              <parameter name="Max Wait" source="constant" updatable="true">86400</parameter>
                              <parameter name="Task Name" source="constant" updatable="true">POC_Task_TestFileShare_To_ADL</parameter>
                              <parameter name="GUID" source="constant" updatable="true">8xN4BDSMCfebj3s60G8G0y</parameter>
                              <parameter name="Task Type" source="constant" updatable="true">MCT</parameter>
                              <parameter name="Has Inout Parameters" source="constant" updatable="true">false</parameter>
                              <parameter name="taskField" source="nested">
                                 <operation source="field" to="POC-Task-TestFileShare-To-ADL">temp.POC_Task_TestFileShare_to_ADL</operation>
                              </parameter>
                           </serviceInput>
                           <serviceOutput>
                              <operation source="field" to="temp.POC_Task_TestFileShare_to_ADL/output">Success Source Rows</operation>
                              <operation source="field"
                                         to="temp.POC_Task_TestFileShare_to_ADL/output/Object_Name">Object Name</operation>
                              <operation source="field" to="temp.POC_Task_TestFileShare_to_ADL/output/Run_Id">Run Id</operation>
                              <operation source="field" to="temp.POC_Task_TestFileShare_to_ADL/output/Log_Id">Log Id</operation>
                              <operation source="field"
                                         to="temp.POC_Task_TestFileShare_to_ADL/output/Task_Status">Task Status</operation>
                              <operation source="field"
                                         to="temp.POC_Task_TestFileShare_to_ADL/output/Success_Source_Rows">Success Source Rows</operation>
                              <operation source="field"
                                         to="temp.POC_Task_TestFileShare_to_ADL/output/Failed_Source_Rows">Failed Source Rows</operation>
                              <operation source="field"
                                         to="temp.POC_Task_TestFileShare_to_ADL/output/Success_Target_Rows">Success Target Rows</operation>
                              <operation source="field"
                                         to="temp.POC_Task_TestFileShare_to_ADL/output/Failed_Target_Rows">Failed Target Rows</operation>
                              <operation source="field"
                                         to="temp.POC_Task_TestFileShare_to_ADL/output/Start_Time">Start Time</operation>
                              <operation source="field" to="temp.POC_Task_TestFileShare_to_ADL/output/End_Time">End Time</operation>
                              <operation source="field"
                                         to="temp.POC_Task_TestFileShare_to_ADL/output/Error_Message">Error Message</operation>
                           </serviceOutput>
                        </service>
                        <events>
                           <catch faultField="temp.POC_Task_TestFileShare_to_ADL/fault"
                                  id="jvsffdpj"
                                  interrupting="true"
                                  name="error">
                              <suspend/>
                           </catch>
                           <catch faultField="temp.POC_Task_TestFileShare_to_ADL/fault"
                                  id="jvsffdpk"
                                  interrupting="true"
                                  name="warning"/>
                        </events>
                     </eventContainer>
                     <link id="jvsffdp0" targetId="jvsffdnb" type="containerLink"/>
                  </flow>
                  <flow id="jvsffdp2">
                     <link id="jvsffdp3" targetId="jvsffdnb" type="containerLink"/>
                  </flow>
                  <link id="jvsffdoy" targetId="jvsffdoz" type="containerLink"/>
                  <link id="jvsffdp8" targetId="c"/>
                  <events>
                     <catch faultField="temp.POC_Task_TestFileProcessor_to_TestFileShare/fault"
                            id="jvsffdn9"
                            interrupting="true"
                            name="error">
                        <link id="jvsffdp1" targetId="jvsffdp2" type="containerLink"/>
                     </catch>
                     <catch faultField="temp.POC_Task_TestFileProcessor_to_TestFileShare/fault"
                            id="jvsffdna"
                            interrupting="true"
                            name="warning"/>
                  </events>
               </eventContainer>
               <end id="c"/>
            </flow>
            <dependencies>
               <processObject xmlns="http://schemas.active-endpoints.com/appmodules/screenflow/2011/06/avosHostEnvironment.xsd"
                              displayName="POC-Task-TestFileProcessor-to-TestFileShare"
                              isByCopy="true"
                              name="POC-Task-TestFileProcessor-to-TestFileShare">
                  <description/>
                  <tags/>
                  <detail>
                     <field label="Output Parameters" name="output" type="reference"/>
                     <field label="Fault" name="fault" type="reference"/>
                  </detail>
               </processObject>
               <processObject xmlns="http://schemas.active-endpoints.com/appmodules/screenflow/2011/06/avosHostEnvironment.xsd"
                              displayName="POC-Task-TestFileShare-To-ADL"
                              isByCopy="true"
                              name="POC-Task-TestFileShare-To-ADL">
                  <description/>
                  <tags/>
                  <detail>
                     <field label="Output Parameters" name="output" type="reference"/>
                     <field label="Fault" name="fault" type="reference"/>
                  </detail>
               </processObject>
            </dependencies>
         </taskflow>
      </types1:Entry>
      <types1:GUID>a3khQWMw4faffmlXT0fZse</types1:GUID>
      <types1:DisplayName>POC_Taskflow_TestFileProcessor_to_ADL</types1:DisplayName>
   </types1:Item>
   <types1:CurrentServerDateTime>2019-06-10T21:29:32.375Z</types1:CurrentServerDateTime>
</aetgt:getResponse>
