<aetgt:getResponse xmlns:aetgt="http://schemas.active-endpoints.com/appmodules/repository/2010/10/avrepository.xsd"
                   xmlns:types1="http://schemas.active-endpoints.com/appmodules/repository/2010/10/avrepository.xsd">
   <types1:Item>
      <types1:EntryId>VltnKLLsciQlBWl-gt-96848-2019-04-12T12:36:54.769Z::tf.xml</types1:EntryId>
      <types1:Name>TASKFLOW_Audit_Sample</types1:Name>
      <types1:MimeType>application/xml+taskflow</types1:MimeType>
      <types1:Description/>
      <types1:AppliesTo/>
      <types1:Tags/>
      <types1:VersionLabel>1.0</types1:VersionLabel>
      <types1:State>CURRENT</types1:State>
      <types1:ProcessGroup/>
      <types1:CreatedBy>dsabella.dev</types1:CreatedBy>
      <types1:CreationDate>2019-04-12T12:36:55Z</types1:CreationDate>
      <types1:ModifiedBy>dsabella.dev</types1:ModifiedBy>
      <types1:ModificationDate>2019-04-12T12:48:18Z</types1:ModificationDate>
      <types1:PublicationStatus>out-of-date</types1:PublicationStatus>
      <types1:PublishedBy>dsabella.dev</types1:PublishedBy>
      <types1:PublicationDate>2019-04-12T12:37:03Z</types1:PublicationDate>
      <types1:PublishedContributionId>project:/tf.TASKFLOW_Audit_Sample/TASKFLOW_Audit_Sample.tf.xml</types1:PublishedContributionId>
      <types1:AutosaveExists>false</types1:AutosaveExists>
      <types1:Entry>
         <taskflow xmlns="http://schemas.active-endpoints.com/appmodules/screenflow/2010/10/avosScreenflow.xsd"
                   xmlns:list="urn:activevos:spi:list:functions"
                   displayName="TASKFLOW_Audit_Sample"
                   name="TASKFLOW_Audit_Sample">
            <appliesTo/>
            <description/>
            <tags/>
            <generator>Informatica Process Designer 11</generator>
            <tempFields>
               <field description="" name="Start Audit" type="reference">
                  <options>
                     <option name="referenceTo">$po:TASK-Audit-Start</option>
                  </options>
               </field>
               <field description="" name="End Audit" type="reference">
                  <options>
                     <option name="referenceTo">$po:TASK-Audit-End</option>
                  </options>
               </field>
            </tempFields>
            <notes/>
            <deployment suspendOnFault="false" tracingLevel="verbose">
               <rest/>
            </deployment>
            <flow id="a">
               <start id="b">
                  <link id="jue1x2lt" targetId="jue1x2ly"/>
               </start>
               <eventContainer id="jue1x2ly">
                  <service id="jue1x2ls">
                     <title>Start Audit</title>
                     <serviceName>ICSExecuteDataTask</serviceName>
                     <serviceGUID/>
                     <serviceInput>
                        <parameter name="Wait for Task to Complete" source="constant" updatable="true">true</parameter>
                        <parameter name="Max Wait" source="constant" updatable="true">86400</parameter>
                        <parameter name="Task Name" source="constant" updatable="true">TASK_Audit_Start</parameter>
                        <parameter name="GUID" source="constant" updatable="true">1SnEjtHkzqZiR303BoIWsB</parameter>
                        <parameter name="Task Type" source="constant" updatable="true">MCT</parameter>
                        <parameter name="Has Inout Parameters" source="constant" updatable="true">true</parameter>
                        <parameter name="taskField" source="nested">
                           <operation source="field" to="TASK-Audit-Start">temp.Start Audit</operation>
                        </parameter>
                     </serviceInput>
                     <serviceOutput>
                        <operation source="field" to="temp.Start Audit/output">Success Source Rows</operation>
                        <operation source="field" to="temp.Start Audit/output/Object_Name">Object Name</operation>
                        <operation source="field" to="temp.Start Audit/output/Run_Id">Run Id</operation>
                        <operation source="field" to="temp.Start Audit/output/Log_Id">Log Id</operation>
                        <operation source="field" to="temp.Start Audit/output/Task_Status">Task Status</operation>
                        <operation source="field" to="temp.Start Audit/output/Success_Source_Rows">Success Source Rows</operation>
                        <operation source="field" to="temp.Start Audit/output/Failed_Source_Rows">Failed Source Rows</operation>
                        <operation source="field" to="temp.Start Audit/output/Success_Target_Rows">Success Target Rows</operation>
                        <operation source="field" to="temp.Start Audit/output/Failed_Target_Rows">Failed Target Rows</operation>
                        <operation source="field" to="temp.Start Audit/output/Start_Time">Start Time</operation>
                        <operation source="field" to="temp.Start Audit/output/End_Time">End Time</operation>
                        <operation source="field" to="temp.Start Audit/output/Error_Message">Error Message</operation>
                        <operation source="field" to="temp.Start Audit/inout/ETLLogId">ETLLogId</operation>
                     </serviceOutput>
                  </service>
                  <link id="jue1x2m9" targetId="jue1x2m8"/>
                  <events>
                     <catch faultField="temp.Start Audit/fault"
                            id="jue1x2lw"
                            interrupting="true"
                            name="error">
                        <suspend/>
                     </catch>
                     <catch faultField="temp.Start Audit/fault"
                            id="jue1x2lx"
                            interrupting="true"
                            name="warning"/>
                  </events>
               </eventContainer>
               <eventContainer id="jue1x2oh">
                  <service id="jue1x2o8">
                     <title>End Audit</title>
                     <serviceName>ICSExecuteDataTask</serviceName>
                     <serviceGUID/>
                     <serviceInput>
                        <parameter name="Wait for Task to Complete" source="constant" updatable="true">true</parameter>
                        <parameter name="Max Wait" source="constant" updatable="true">86400</parameter>
                        <parameter name="Task Name" source="constant" updatable="true">TASK_Audit_End</parameter>
                        <parameter name="GUID" source="constant" updatable="true">2ebaP9fbBIfgSuCGzFv3g3</parameter>
                        <parameter name="Task Type" source="constant" updatable="true">MCT</parameter>
                        <parameter name="Has Inout Parameters" source="constant" updatable="true">false</parameter>
                        <parameter name="taskField" source="nested">
                           <operation source="field" to="TASK-Audit-End">temp.End Audit</operation>
                        </parameter>
                     </serviceInput>
                     <serviceOutput>
                        <operation source="field" to="temp.End Audit/output">Success Source Rows</operation>
                        <operation source="field" to="temp.End Audit/output/Object_Name">Object Name</operation>
                        <operation source="field" to="temp.End Audit/output/Run_Id">Run Id</operation>
                        <operation source="field" to="temp.End Audit/output/Log_Id">Log Id</operation>
                        <operation source="field" to="temp.End Audit/output/Task_Status">Task Status</operation>
                        <operation source="field" to="temp.End Audit/output/Success_Source_Rows">Success Source Rows</operation>
                        <operation source="field" to="temp.End Audit/output/Failed_Source_Rows">Failed Source Rows</operation>
                        <operation source="field" to="temp.End Audit/output/Success_Target_Rows">Success Target Rows</operation>
                        <operation source="field" to="temp.End Audit/output/Failed_Target_Rows">Failed Target Rows</operation>
                        <operation source="field" to="temp.End Audit/output/Start_Time">Start Time</operation>
                        <operation source="field" to="temp.End Audit/output/End_Time">End Time</operation>
                        <operation source="field" to="temp.End Audit/output/Error_Message">Error Message</operation>
                     </serviceOutput>
                  </service>
                  <link id="jue1x2oa" targetId="c"/>
                  <events>
                     <catch faultField="temp.End Audit/fault"
                            id="jue1x2of"
                            interrupting="true"
                            name="error">
                        <suspend/>
                     </catch>
                     <catch faultField="temp.End Audit/fault"
                            id="jue1x2og"
                            interrupting="true"
                            name="warning"/>
                  </events>
               </eventContainer>
               <assignment id="jue1x2m8">
                  <title>Assignment 1</title>
                  <link id="jue1x2o9" targetId="jue1x2oh"/>
               </assignment>
               <end id="c"/>
            </flow>
            <dependencies>
               <processObject xmlns="http://schemas.active-endpoints.com/appmodules/screenflow/2011/06/avosHostEnvironment.xsd"
                              displayName="TASK-Audit-Start"
                              isByCopy="true"
                              name="TASK-Audit-Start">
                  <description/>
                  <tags/>
                  <detail>
                     <field label="InOut Parameters" name="inout" type="reference"/>
                     <field label="Output Parameters" name="output" type="reference"/>
                     <field label="Fault" name="fault" type="reference"/>
                  </detail>
               </processObject>
               <processObject xmlns="http://schemas.active-endpoints.com/appmodules/screenflow/2011/06/avosHostEnvironment.xsd"
                              displayName="TASK-Audit-End"
                              isByCopy="true"
                              name="TASK-Audit-End">
                  <description/>
                  <tags/>
                  <detail>
                     <field label="Output Parameters" name="output" type="reference"/>
                     <field label="Fault" name="fault" type="reference"/>
                  </detail>
               </processObject>
            </dependencies>
         </taskflow>
      </types1:Entry>
      <types1:GUID>5xw7GQX3WWafoyiISBFj44</types1:GUID>
      <types1:DisplayName>TASKFLOW_Audit_Sample</types1:DisplayName>
   </types1:Item>
   <types1:CurrentServerDateTime>2019-06-10T21:29:32.362Z</types1:CurrentServerDateTime>
</aetgt:getResponse>
