{
  "name" : "job-1571914413814",
  "sourceOrgId" : "6w10pMc8bwmkGpCQs9xkSM",
  "sourceOrgName" : "IICS iPaaS",
  "exportedObjects" : [ {
    "objectGuid" : "4aCGWkgKM4nkFQ8vYFL56j",
    "objectName" : "Enterprise Data Warehousing through API",
    "objectType" : "TASKFLOW",
    "path" : "/Explore/JenkinsPipelinePROD",
    "metadata" : {
      "modelVersion" : {
        "major" : 1,
        "minor" : 0
      },
      "repoInfo" : {
        "repoHandle" : "0tBghuImXycotFg-gt-533112-2019-05-13T09:56:31.991Z::tf.xml"
      },
      "objectRefs" : [ "kBthdHOiu2Gl6zCstHO9kU", "hnA2Um4YBEFgW0NTML89m9" ],
      "contextAttributes" : null,
      "additionalInfo" : {
        "description" : "Retail sales data needs to be reconciled across geographies and needs to be written to one central DB for analytics. You would be receiving files from different geographies to write to central DB. The mapping logic is consistent for all geographies. The mapping is parameterized to take source value as a parameter. Taskflow can now be invoked with a list of source parameters and be looped over the mapping by passing one source value at a time.\n\nOnce this is done, user would call a subtaskflow that provide analytics based on customer input coming through the API request",
        "contentType" : null,
        "documentState" : "VALID"
      }
    }
  }, {
    "objectGuid" : "99DMjRFG9qSjnz83ar8xqN",
    "objectName" : "Marketo-Lead-Database-API-actions-Jenkins-Demo",
    "objectType" : "AI_CONNECTION",
    "path" : "/Explore/JenkinsPipelinePROD",
    "metadata" : {
      "modelVersion" : {
        "major" : 1,
        "minor" : 0
      },
      "repoInfo" : {
        "repoHandle" : "JVxYi0Nmumf6S3w-gt-868693-2019-05-14T04:47:40.572Z::conn.xml"
      },
      "objectRefs" : [ "dWda2PHFwEwjfD3Kw7sLiU" ],
      "contextAttributes" : null,
      "additionalInfo" : {
        "description" : "",
        "contentType" : "application/json; charset=utf-8",
        "documentState" : "VALID"
      }
    }
  }, {
    "objectGuid" : "4XKeUi7wTcdjiIpWUeH3Ks",
    "objectName" : "MCT_TopInvoice",
    "objectType" : "MTT",
    "path" : "/Explore/JenkinsPipelinePROD",
    "metadata" : {
      "modelVersion" : {
        "major" : 0,
        "minor" : 0
      },
      "repoInfo" : {
        "repoHandle" : "01013R0Z00000000003T"
      },
      "objectRefs" : [ "1t3tEo4O8MSjaeEemvhi4o", "1GCoGzLcx0zbBJCHdKULaX", "6cvwQmEa3c7eW7GfYKRS0S", "9Vu63gRBru4jysKSMje8aV" ],
      "contextAttributes" : [ {
        "name" : "id",
        "value" : "@1"
      } ],
      "additionalInfo" : {
        "description" : "",
        "contentType" : null,
        "documentState" : "VALID"
      }
    }
  }, {
    "objectGuid" : "2h2oNtDY4whhIYXg7SGEie",
    "objectName" : "MCT_TopStockCode",
    "objectType" : "MTT",
    "path" : "/Explore/JenkinsPipelinePROD",
    "metadata" : {
      "modelVersion" : {
        "major" : 0,
        "minor" : 0
      },
      "repoInfo" : {
        "repoHandle" : "01013R0Z00000000003U"
      },
      "objectRefs" : [ "5hua46yt7W1iomf65MoEah", "1GCoGzLcx0zbBJCHdKULaX", "6cvwQmEa3c7eW7GfYKRS0S", "9Vu63gRBru4jysKSMje8aV" ],
      "contextAttributes" : [ {
        "name" : "id",
        "value" : "@1"
      } ],
      "additionalInfo" : {
        "description" : "",
        "contentType" : null,
        "documentState" : "VALID"
      }
    }
  }, {
    "objectGuid" : "ft1X1IgilETiXHvoDL8wm3",
    "objectName" : "TopCustomers",
    "objectType" : "DTEMPLATE",
    "path" : "/Explore/JenkinsPipelinePROD",
    "metadata" : {
      "modelVersion" : {
        "major" : 0,
        "minor" : 0
      },
      "repoInfo" : {
        "repoHandle" : "01013R17000000000059"
      },
      "objectRefs" : [ "6cvwQmEa3c7eW7GfYKRS0S", "9Vu63gRBru4jysKSMje8aV" ],
      "contextAttributes" : [ {
        "name" : "id",
        "value" : "@1"
      } ],
      "additionalInfo" : {
        "description" : "",
        "contentType" : null,
        "documentState" : "VALID"
      }
    }
  }, {
    "objectGuid" : "1GCoGzLcx0zbBJCHdKULaX",
    "objectName" : "bs3e1cdb1z",
    "objectType" : "AgentGroup",
    "path" : "/SYS",
    "metadata" : {
      "modelVersion" : {
        "major" : 0,
        "minor" : 0
      },
      "repoInfo" : {
        "repoHandle" : "01013R25000000000002"
      },
      "objectRefs" : [ ],
      "contextAttributes" : [ {
        "name" : "id",
        "value" : "@1"
      } ],
      "additionalInfo" : {
        "description" : null,
        "contentType" : "JSON",
        "documentState" : "VALID"
      }
    }
  }, {
    "objectGuid" : "hnA2Um4YBEFgW0NTML89m9",
    "objectName" : "Gather Insights",
    "objectType" : "TASKFLOW",
    "path" : "/Explore/JenkinsPipelinePROD",
    "metadata" : {
      "modelVersion" : {
        "major" : 1,
        "minor" : 0
      },
      "repoInfo" : {
        "repoHandle" : "i2Fjuz3PI2HBxZm-gt-538173-2019-05-13T09:56:31.136Z::tf.xml"
      },
      "objectRefs" : [ "79jBkrjeZhIe2DUISsJkwD", "2h2oNtDY4whhIYXg7SGEie", "4XKeUi7wTcdjiIpWUeH3Ks" ],
      "contextAttributes" : null,
      "additionalInfo" : {
        "description" : "",
        "contentType" : null,
        "documentState" : "VALID"
      }
    }
  }, {
    "objectGuid" : "9Vu63gRBru4jysKSMje8aV",
    "objectName" : "MySQL_sales_DW",
    "objectType" : "Connection",
    "path" : "/SYS",
    "metadata" : {
      "modelVersion" : {
        "major" : 0,
        "minor" : 0
      },
      "repoInfo" : {
        "repoHandle" : "01013R0B000000000003"
      },
      "objectRefs" : [ "1GCoGzLcx0zbBJCHdKULaX" ],
      "contextAttributes" : [ {
        "name" : "id",
        "value" : "@1"
      } ],
      "additionalInfo" : {
        "description" : "This is needed for sales DW scenarios",
        "contentType" : "JSON",
        "documentState" : "COMPLETE"
      }
    }
  }, {
    "objectGuid" : "6cvwQmEa3c7eW7GfYKRS0S",
    "objectName" : "FlatFile_sales_DW",
    "objectType" : "Connection",
    "path" : "/SYS",
    "metadata" : {
      "modelVersion" : {
        "major" : 0,
        "minor" : 0
      },
      "repoInfo" : {
        "repoHandle" : "01013R0B000000000002"
      },
      "objectRefs" : [ "1GCoGzLcx0zbBJCHdKULaX" ],
      "contextAttributes" : [ {
        "name" : "id",
        "value" : "@1"
      } ],
      "additionalInfo" : {
        "description" : "This is needed for sales DW scenarios",
        "contentType" : "JSON",
        "documentState" : "COMPLETE"
      }
    }
  }, {
    "objectGuid" : "fdSL9n9UWQdduACVJQNjoe",
    "objectName" : "Marketo API Business Process Jenkins Demo",
    "objectType" : "PROCESS",
    "path" : "/Explore/JenkinsPipelinePROD",
    "metadata" : {
      "modelVersion" : {
        "major" : 1,
        "minor" : 0
      },
      "repoInfo" : {
        "repoHandle" : "Fi8RVf4VQT53nQc-gt-401652-2019-05-14T04:47:42.501Z::pd.xml"
      },
      "objectRefs" : [ "99DMjRFG9qSjnz83ar8xqN", "abZYxQxIKOzgbBa295kE4D" ],
      "contextAttributes" : null,
      "additionalInfo" : {
        "description" : "",
        "contentType" : "application/json; charset=utf-8",
        "documentState" : "VALID"
      }
    }
  }, {
    "objectGuid" : "79jBkrjeZhIe2DUISsJkwD",
    "objectName" : "MCT_TopCustomers",
    "objectType" : "MTT",
    "path" : "/Explore/JenkinsPipelinePROD",
    "metadata" : {
      "modelVersion" : {
        "major" : 0,
        "minor" : 0
      },
      "repoInfo" : {
        "repoHandle" : "01013R0Z00000000003S"
      },
      "objectRefs" : [ "ft1X1IgilETiXHvoDL8wm3", "1GCoGzLcx0zbBJCHdKULaX", "6cvwQmEa3c7eW7GfYKRS0S", "9Vu63gRBru4jysKSMje8aV" ],
      "contextAttributes" : [ {
        "name" : "id",
        "value" : "@1"
      } ],
      "additionalInfo" : {
        "description" : "",
        "contentType" : null,
        "documentState" : "VALID"
      }
    }
  }, {
    "objectGuid" : "1t3tEo4O8MSjaeEemvhi4o",
    "objectName" : "TopInvoice",
    "objectType" : "DTEMPLATE",
    "path" : "/Explore/JenkinsPipelinePROD",
    "metadata" : {
      "modelVersion" : {
        "major" : 0,
        "minor" : 0
      },
      "repoInfo" : {
        "repoHandle" : "01013R1700000000005A"
      },
      "objectRefs" : [ "6cvwQmEa3c7eW7GfYKRS0S", "9Vu63gRBru4jysKSMje8aV" ],
      "contextAttributes" : [ {
        "name" : "id",
        "value" : "@1"
      } ],
      "additionalInfo" : {
        "description" : "",
        "contentType" : null,
        "documentState" : "VALID"
      }
    }
  }, {
    "objectGuid" : "3N7g8fdKDbjf9IrmKD8buk",
    "objectName" : "Write to Warehouse",
    "objectType" : "DTEMPLATE",
    "path" : "/Explore/JenkinsPipelinePROD",
    "metadata" : {
      "modelVersion" : {
        "major" : 0,
        "minor" : 0
      },
      "repoInfo" : {
        "repoHandle" : "01013R17000000000058"
      },
      "objectRefs" : [ ],
      "contextAttributes" : [ {
        "name" : "id",
        "value" : "@1"
      } ],
      "additionalInfo" : {
        "description" : "",
        "contentType" : null,
        "documentState" : "VALID"
      }
    }
  }, {
    "objectGuid" : "kBthdHOiu2Gl6zCstHO9kU",
    "objectName" : "MCT Write to Warehouse",
    "objectType" : "MTT",
    "path" : "/Explore/JenkinsPipelinePROD",
    "metadata" : {
      "modelVersion" : {
        "major" : 0,
        "minor" : 0
      },
      "repoInfo" : {
        "repoHandle" : "01013R0Z00000000003V"
      },
      "objectRefs" : [ "3N7g8fdKDbjf9IrmKD8buk", "1GCoGzLcx0zbBJCHdKULaX", "6cvwQmEa3c7eW7GfYKRS0S", "9Vu63gRBru4jysKSMje8aV" ],
      "contextAttributes" : [ {
        "name" : "id",
        "value" : "@1"
      } ],
      "additionalInfo" : {
        "description" : "",
        "contentType" : null,
        "documentState" : "VALID"
      }
    }
  }, {
    "objectGuid" : "5hua46yt7W1iomf65MoEah",
    "objectName" : "TopStockCode",
    "objectType" : "DTEMPLATE",
    "path" : "/Explore/JenkinsPipelinePROD",
    "metadata" : {
      "modelVersion" : {
        "major" : 0,
        "minor" : 0
      },
      "repoInfo" : {
        "repoHandle" : "01013R1700000000005B"
      },
      "objectRefs" : [ "6cvwQmEa3c7eW7GfYKRS0S", "9Vu63gRBru4jysKSMje8aV" ],
      "contextAttributes" : [ {
        "name" : "id",
        "value" : "@1"
      } ],
      "additionalInfo" : {
        "description" : "",
        "contentType" : null,
        "documentState" : "VALID"
      }
    }
  }, {
    "objectGuid" : "1fFDLLG0ymQdxIQJmt4Tcn",
    "objectName" : "JenkinsPipelinePROD",
    "objectType" : "Project",
    "path" : "/Explore",
    "metadata" : {
      "modelVersion" : {
        "major" : 0,
        "minor" : 0
      },
      "repoInfo" : null,
      "objectRefs" : [ ],
      "contextAttributes" : [ ],
      "additionalInfo" : {
        "description" : "",
        "contentType" : "Binary",
        "documentState" : "COMPLETE"
      }
    }
  }, {
    "objectGuid" : "dWda2PHFwEwjfD3Kw7sLiU",
    "objectName" : "Marketo Lead Database API Jenkins Demo",
    "objectType" : "AI_SERVICE_CONNECTOR",
    "path" : "/Explore/JenkinsPipelinePROD",
    "metadata" : {
      "modelVersion" : {
        "major" : 1,
        "minor" : 0
      },
      "repoInfo" : {
        "repoHandle" : "m2D86CjqFVNN5Ka-gt-982571-2019-05-14T04:47:40.196Z::svc.xml"
      },
      "objectRefs" : [ ],
      "contextAttributes" : null,
      "additionalInfo" : {
        "description" : "Marketo Rest API",
        "contentType" : "application/json; charset=utf-8",
        "documentState" : "VALID"
      }
    }
  }, {
    "objectGuid" : "5J1efVEtGONeJnrOdQVpah",
    "objectName" : "Marketo Identity API Jenkins Demo",
    "objectType" : "AI_SERVICE_CONNECTOR",
    "path" : "/Explore/JenkinsPipelinePROD",
    "metadata" : {
      "modelVersion" : {
        "major" : 1,
        "minor" : 0
      },
      "repoInfo" : {
        "repoHandle" : "zvGFaaaaaaaaaaa-gt-994367-2019-05-14T04:47:40.404Z::svc.xml"
      },
      "objectRefs" : [ ],
      "contextAttributes" : null,
      "additionalInfo" : {
        "description" : "Marketo Rest API",
        "contentType" : "application/json; charset=utf-8",
        "documentState" : "VALID"
      }
    }
  }, {
    "objectGuid" : "abZYxQxIKOzgbBa295kE4D",
    "objectName" : "Marketo-Identity-API-actions-Jenkins-Demo",
    "objectType" : "AI_CONNECTION",
    "path" : "/Explore/JenkinsPipelinePROD",
    "metadata" : {
      "modelVersion" : {
        "major" : 1,
        "minor" : 0
      },
      "repoInfo" : {
        "repoHandle" : "taaabbgdoGsF4Xk-gt-525067-2019-05-14T04:47:42.316Z::conn.xml"
      },
      "objectRefs" : [ "5J1efVEtGONeJnrOdQVpah" ],
      "contextAttributes" : null,
      "additionalInfo" : {
        "description" : "",
        "contentType" : "application/json; charset=utf-8",
        "documentState" : "VALID"
      }
    }
  } ]
}