{
  "name" : "job-1539368232736",
  "sourceOrgId" : "aDdeKzHZEoQdwATn5hMqI8",
  "sourceOrgName" : "CAI Service Connectors",
  "exportedObjects" : [ {
    "objectGuid" : "0mgzWNknIxNbJC4EsMHdit",
    "objectName" : "Marketo",
    "objectType" : "Project",
    "path" : "/Explore",
    "metadata" : {
      "modelVersion" : {
        "major" : 0,
        "minor" : 0
      },
      "repoInfo" : null,
      "objectRefs" : [ ],
      "contextAttributes" : [ ],
      "additionalInfo" : {
        "description" : "This contains the service connector, connection, and sample process that demonstrates use of Marketo Services.",
        "contentType" : "Binary",
        "documentState" : "COMPLETE"
      },
      "objectExistence" : "WITHOUT_DEPENDENCIES"
    }
  }, {
    "objectGuid" : "36E798zRGzxjuakJcNBJUi",
    "objectName" : "Marketo Authentication API",
    "objectType" : "AI_SERVICE_CONNECTOR",
    "path" : "/Explore/Marketo",
    "metadata" : {
      "modelVersion" : {
        "major" : 1,
        "minor" : 0
      },
      "repoInfo" : {
        "repoHandle" : "OQoVVVVVVVVVVVV-gt-389526-2018-08-14T19:34:29.653Z::svc.xml"
      },
      "objectRefs" : [ ],
      "contextAttributes" : null,
      "additionalInfo" : {
        "description" : "Marketo REST API that gets tokens for subsequent interactions.",
        "contentType" : "application/json; charset=utf-8",
        "documentState" : "VALID"
      },
      "objectExistence" : "WITH_DEPENDENCIES"
    }
  }, {
    "objectGuid" : "gHaNbW5ESmziYZ2phzGved",
    "objectName" : "Marketo-Authentication-API-actions",
    "objectType" : "AI_CONNECTION",
    "path" : "/Explore/Marketo",
    "metadata" : {
      "modelVersion" : {
        "major" : 1,
        "minor" : 0
      },
      "repoInfo" : {
        "repoHandle" : "Laa-gt-389518-2018-08-14T19:34:29.608Z::conn.xml"
      },
      "objectRefs" : [ ],
      "contextAttributes" : null,
      "additionalInfo" : {
        "description" : "Actions for Marketo Authentication API. \n\nYou need to supply a value for \"hostName\" below.\n<Your Munchkin ID>.mktorest.com",
        "contentType" : "application/json; charset=utf-8",
        "documentState" : "VALID"
      },
      "objectExistence" : "WITH_DEPENDENCIES"
    }
  }, {
    "objectGuid" : "0xDBJu22hABfzIs5jfBiUt",
    "objectName" : "Marketo-Lead-Database-API-actions",
    "objectType" : "AI_CONNECTION",
    "path" : "/Explore/Marketo",
    "metadata" : {
      "modelVersion" : {
        "major" : 1,
        "minor" : 0
      },
      "repoInfo" : {
        "repoHandle" : "358pIO3M4WwOC2X-gt-54514-2018-08-14T19:34:30.871Z::conn.xml"
      },
      "objectRefs" : [ "3vaZsVZI58tdx1veaQS36D" ],
      "contextAttributes" : null,
      "additionalInfo" : {
        "description" : "Actions for Marketo Lead Database API",
        "contentType" : "application/json; charset=utf-8",
        "documentState" : "VALID"
      },
      "objectExistence" : "WITH_DEPENDENCIES"
    }
  }, {
    "objectGuid" : "3vaZsVZI58tdx1veaQS36D",
    "objectName" : "Marketo Lead Database API",
    "objectType" : "AI_SERVICE_CONNECTOR",
    "path" : "/Explore/Marketo",
    "metadata" : {
      "modelVersion" : {
        "major" : 1,
        "minor" : 0
      },
      "repoInfo" : {
        "repoHandle" : "BTWvbeGoQwg74Rp-gt-389537-2018-08-14T19:34:30.444Z::svc.xml"
      },
      "objectRefs" : [ ],
      "contextAttributes" : null,
      "additionalInfo" : {
        "description" : "Marketo REST API which relies upon token from Authentication API call.",
        "contentType" : "application/json; charset=utf-8",
        "documentState" : "VALID"
      },
      "objectExistence" : "WITH_DEPENDENCIES"
    }
  }, {
    "objectGuid" : "2yBkbp7ZSgth6gPy2Vxj2A",
    "objectName" : "Marketo Asset API",
    "objectType" : "AI_SERVICE_CONNECTOR",
    "path" : "/Explore/Marketo",
    "metadata" : {
      "modelVersion" : {
        "major" : 1,
        "minor" : 0
      },
      "repoInfo" : {
        "repoHandle" : "FANM30nYNmumf6S-gt-389510-2018-08-14T19:34:29.504Z::svc.xml"
      },
      "objectRefs" : [ ],
      "contextAttributes" : null,
      "additionalInfo" : {
        "description" : "Marketo REST API which relies upon token from Authentication API call.",
        "contentType" : "application/json; charset=utf-8",
        "documentState" : "VALID"
      },
      "objectExistence" : "WITH_DEPENDENCIES"
    }
  }, {
    "objectGuid" : "1aa4aLiosQOh6wJSwQ0ZMI",
    "objectName" : "Marketo Get Folder Metadata",
    "objectType" : "PROCESS",
    "path" : "/Explore/Marketo",
    "metadata" : {
      "modelVersion" : {
        "major" : 1,
        "minor" : 0
      },
      "repoInfo" : {
        "repoHandle" : "oHXbeKLUaaaaabb-gt-54532-2018-08-14T19:34:31.235Z::pd.xml"
      },
      "objectRefs" : [ "gHaNbW5ESmziYZ2phzGved", "8q1dsQXUkY9g3qmImmk8Cb" ],
      "contextAttributes" : null,
      "additionalInfo" : {
        "description" : "This process fetches all the folder details. It will first login to Marketo System using Marketo Authentication API and invoke actions using the Asset API.",
        "contentType" : "application/json; charset=utf-8",
        "documentState" : "VALID"
      },
      "objectExistence" : "WITH_DEPENDENCIES"
    }
  }, {
    "objectGuid" : "0E79jIt6mNlk0cVh2vXqW5",
    "objectName" : "Marketo Lead Retrieval by ID",
    "objectType" : "PROCESS",
    "path" : "/Explore/Marketo",
    "metadata" : {
      "modelVersion" : {
        "major" : 1,
        "minor" : 0
      },
      "repoInfo" : {
        "repoHandle" : "rtRuImXycotFgpK-gt-54542-2018-08-14T19:34:31.288Z::pd.xml"
      },
      "objectRefs" : [ "gHaNbW5ESmziYZ2phzGved", "0xDBJu22hABfzIs5jfBiUt" ],
      "contextAttributes" : null,
      "additionalInfo" : {
        "description" : "This process fetches the lead details e.g. email for a specific lead ID. It will first login to Marketo System using Marketo Authentication API and invoke actions using the Lead Database API.",
        "contentType" : "application/json; charset=utf-8",
        "documentState" : "VALID"
      },
      "objectExistence" : "WITH_DEPENDENCIES"
    }
  }, {
    "objectGuid" : "8q1dsQXUkY9g3qmImmk8Cb",
    "objectName" : "Marketo-Asset-API-actions",
    "objectType" : "AI_CONNECTION",
    "path" : "/Explore/Marketo",
    "metadata" : {
      "modelVersion" : {
        "major" : 1,
        "minor" : 0
      },
      "repoInfo" : {
        "repoHandle" : "5i4rswVYx8R8WrY-gt-54522-2018-08-14T19:34:30.906Z::conn.xml"
      },
      "objectRefs" : [ "2yBkbp7ZSgth6gPy2Vxj2A" ],
      "contextAttributes" : null,
      "additionalInfo" : {
        "description" : "Actions for Marketo Asset API",
        "contentType" : "application/json; charset=utf-8",
        "documentState" : "VALID"
      },
      "objectExistence" : "WITH_DEPENDENCIES"
    }
  } ]
}