{"EntryId":{"$t":"pw0VPNzUzeA8rJ4-gt-173507-2018-08-30T01:20:13.252Z::svc.xml"},"Name":{"$t":"NetSuite_API-1"},"MimeType":{"$t":"application\/xml+businesssconnector"},"Description":{"$t":"Provides NetSuite Services: Get, Create, Update, Search - Items, Records, and Transactions."},"AppliesTo":{},"Tags":{},"VersionLabel":{"$t":"1.0"},"State":{"$t":"CURRENT"},"ProcessGroup":{},"CreatedBy":{"$t":"gstasko@svccon.com"},"CreationDate":{"$t":"2018-08-30T01:20:13Z"},"ModifiedBy":{},"PublicationStatus":{"$t":"unpublished"},"AutosaveExists":{"$t":"false"},"Entry":{"businessConnector":{"agentOnly":"false","debug":"true","displayName":"NetSuite API","label":"","name":"NetSuite_API-1","uuid":"1aecf54c-537a-440a-aae6-60bb281f29c5","xmlns":"http:\/\/schemas.informatica.com\/socrates\/data-services\/2014\/05\/business-connector-model.xsd","xmlns$aetgt":"http:\/\/schemas.active-endpoints.com\/appmodules\/repository\/2010\/10\/avrepository.xsd","description":{"$t":"Provides NetSuite Services: Get, Create, Update, Search - Items, Records, and Transactions."},"tags":{},"connectionAttributes":{"xmlns":"http:\/\/schemas.informatica.com\/appmodules\/screenflow\/2014\/04\/avosConnectors.xsd","connectionAttribute":[{"description":"","masked":"false","name":"username","required":"true","testWith":"","type":"string"},{"description":"","masked":"true","name":"password","required":"true","testWith":"","type":"string"},{"description":"","masked":"false","name":"account","required":"true","testWith":"","type":"string"},{"description":"","masked":"false","name":"URL","required":"true","testWith":"","type":"string"}]},"namespaces":{"namespace":{"prefix":"listRel","uri":"urn:relationships_2015_1.lists.webservices.netsuite.com"}},"actions":{"action":[{"category":"Get","failOnError":"true","forSearch":"false","label":"Get Customer","maxRedirects":"100","name":"Get Customer","preemptiveAuth":"true","responseEncoding":"","description":{"$t":"Get customer information from NetSuite"},"input":{"parameter":{"description":"The ID of the record to get","label":"Customer NetSuite Id","name":"NetSuiteId","nogen":"true","required":"true","testWith":"","type":"string"}},"binding":{"restSimpleBinding":{"multiUsing":"semicolonSeparated","url":"{$URL}","verb":"POST","httpHeaders":{"header":{"name":"SOAPAction","$t":"get"}},"body":{"$t":"<Envelope xmlns=\"http:\/\/schemas.xmlsoap.org\/soap\/envelope\/\" \nxmlns:listRel=\"urn:relationships_2015_1.lists.webservices.netsuite.com\" \nxmlns:platformMsgs=\"urn:messages_2015_1.platform.webservices.netsuite.com\" \nxmlns:platformCore=\"urn:core_2015_1.platform.webservices.netsuite.com\" \nxmlns:platformCommon=\"urn:common_2015_1.platform.webservices.netsuite.com\" \nxmlns:xsi=\"http:\/\/www.w3.org\/2001\/XMLSchema-instance\">\n   <Header>\n      <passport xsi:type=\"Passport\">\n         <email>{$username}<\/email>\n         <password>{$password}<\/password>\n         <account>{$account}<\/account>\n      <\/passport>\n   <\/Header>\n<Body>\n\t<platformMsgs:get>\n\t\t<platformMsgs:baseRef internalId=\"{$NetSuiteId}\" type=\"customer\" xsi:type=\"platformCore:RecordRef\">\n\t\t<\/platformMsgs:baseRef>\n\t<\/platformMsgs:get>\n<\/Body>\n<\/Envelope>"}}},"output":{"field":[{"description":"","name":"NS_Customer Company Name","property":"companyName","type":"string"},{"description":"","name":"NS_Customer Phone","property":"phone","type":"phone"},{"description":"","name":"NS_Customer Email","property":"email","type":"email"},{"description":"","name":"NS_Customer Balance","property":"balance","type":"double"},{"description":"","name":"NS_Customer Overdue Balance","property":"overdueBalance","type":"double"},{"description":"","name":"NS_Customer Days Overdue","property":"daysOverdue","type":"double"},{"description":"","name":"customerStatus","type":"string","xquery":{"$t":"{\/\/*:entityStatus\/*:name\/text()}"}},{"description":"","name":"isGetCRSuccess","type":"boolean","xquery":{"$t":"{ \/\/*:status\/@isSuccess }"}},{"description":"","name":"errorMessages","type":"string","xquery":{"$t":"{ \/\/*:status\/*:statusDetail[@*:type=\"ERROR\"]\/*:message\/text() }"}},{"description":"","name":"NS_CustomerRecord","type":"reference","xmlElement":"record","options":{"option":{"name":"referenceTo","$t":"Record-Customer"}}},{"description":"","name":"NS_Customer Address Shipping","type":"reference","options":{"option":{"name":"referenceTo","$t":"addressbook"}},"xquery":{"$t":"{for $cAddress in \/\/*:addressbookList\/*:addressbook\nreturn\nif ($cAddress\/\/*:defaultShipping = 'true') then\n\t <addressbook> { let $elem := $cAddress return for $c1 in ($elem\/@*, $elem\/*) return element { local-name($c1) } { if (not($c1\/*)) then data($c1) else for $c2 in ($c1\/@*, $c1\/*) return element { local-name($c2) } { if (not($c2\/*)) then data($c2) else for $c3 in ($c2\/@*, $c2\/*) return element { local-name($c3) } { if (not($c3\/*)) then data($c3) else for $c4 in ($c3\/@*, $c3\/*) return element { local-name($c4) } { if (not($c4\/*)) then data($c4) else for $c5 in ($c4\/@*, $c4\/*) return element { local-name($c5) } { if (not($c5\/*)) then data($c5) else for $c6 in ($c5\/@*, $c5\/*) return element { local-name($c6) } { if (not($c6\/*)) then data($c6) else for $c7 in ($c6\/@*, $c6\/*) return element { local-name($c7) } { $c7\/@*, $c7\/*, $c7\/text() } } } } } } } } <\/addressbook>\nelse\n()}"}},{"description":"","name":"NS_Customer Address Billing","type":"reference","options":{"option":{"name":"referenceTo","$t":"addressbook"}},"xquery":{"$t":"{for $cAddress in \/\/*:addressbookList\/*:addressbook\nreturn\nif ($cAddress\/\/*:defaultBilling = 'true') then\n\t <addressbook> { let $elem := $cAddress return for $c1 in ($elem\/@*, $elem\/*) return element { local-name($c1) } { if (not($c1\/*)) then data($c1) else for $c2 in ($c1\/@*, $c1\/*) return element { local-name($c2) } { if (not($c2\/*)) then data($c2) else for $c3 in ($c2\/@*, $c2\/*) return element { local-name($c3) } { if (not($c3\/*)) then data($c3) else for $c4 in ($c3\/@*, $c3\/*) return element { local-name($c4) } { if (not($c4\/*)) then data($c4) else for $c5 in ($c4\/@*, $c4\/*) return element { local-name($c5) } { if (not($c5\/*)) then data($c5) else for $c6 in ($c5\/@*, $c5\/*) return element { local-name($c6) } { if (not($c6\/*)) then data($c6) else for $c7 in ($c6\/@*, $c6\/*) return element { local-name($c7) } { $c7\/@*, $c7\/*, $c7\/text() } } } } } } } } <\/addressbook>\nelse\n()}"}},{"description":"","name":"NS_Customer External ID","type":"string","xquery":{"$t":"{\/\/*:record\/@externalId\/data()}"}},{"description":"","name":"NS_Customer Internal ID","type":"string","xquery":{"$t":"{\/\/*:record\/@internalId\/data()}"}}]}},{"category":"Create","failOnError":"true","forSearch":"false","label":"Create Customer","maxRedirects":"100","name":"Create Customer","preemptiveAuth":"true","responseEncoding":"","description":{"$t":"Create New Customer Record in Netsuite and return Netsuite Customer ID"},"input":{"parameter":[{"label":"Company Name","name":"companyName","required":"true","testWith":"","type":"string"},{"label":"Phone","name":"phone","required":"false","testWith":"","type":"string"},{"label":"Email","name":"email","required":"true","testWith":"","type":"string"},{"label":"Fax","name":"fax","required":"false","testWith":"","type":"string"},{"label":"Url","name":"url","required":"false","testWith":"","type":"string"},{"label":"Billing Address","name":"billingAddress","required":"true","testWith":"","type":"reference","options":{"option":{"name":"referenceTo","$t":"addressbookAddress"}}},{"label":"Shipping Address","name":"shippingAddress","required":"false","testWith":"","type":"reference","options":{"option":{"name":"referenceTo","$t":"addressbookAddress"}}},{"label":"SFDC ID","name":"externalId","required":"true","testWith":"","type":"string"}]},"binding":{"restSimpleBinding":{"multiUsing":"semicolonSeparated","url":"{$URL}","verb":"POST","httpHeaders":{"header":{"name":"SOAPAction","$t":"add"}},"body":{"$t":"<Envelope xmlns=\"http:\/\/schemas.xmlsoap.org\/soap\/envelope\/\" \nxmlns:listRel=\"urn:relationships_2015_1.lists.webservices.netsuite.com\" \nxmlns:platformMsgs=\"urn:messages_2015_1.platform.webservices.netsuite.com\" \nxmlns:platformCore=\"urn:core_2015_1.platform.webservices.netsuite.com\" \nxmlns:platformCommon=\"urn:common_2015_1.platform.webservices.netsuite.com\" \nxmlns:xsi=\"http:\/\/www.w3.org\/2001\/XMLSchema-instance\">\n   <Header>\n      <passport xsi:type=\"Passport\">\n         <email>{$username}<\/email>\n         <password>{$password}<\/password>\n         <account>{$account}<\/account>\n      <\/passport>\n   <\/Header>\n   <Body>\n      <add>\n         <record xsi:type=\"listRel:Customer\">\n            <listRel:companyName>{$companyName}<\/listRel:companyName>\n            <listRel:email>{$email}<\/listRel:email>\n            { if(exists($externalId)) then <listRel:externalId>{$externalId}<\/listRel:externalId> else() }            \n            { if(exists($phone)) then <listRel:phone>{$phone}<\/listRel:phone> else() }\n            { if(exists($fax)) then <listRel:fax>{$fax}<\/listRel:fax> else() }\n            { if(exists($url)) then <listRel:url>{$url}<\/listRel:url> else() }           \n<!--\nExamples of other parameters here, (e.g. add \"subsidiaryNSid\" to the Input tab to use)\n\t\t\t{ if(exists($subsidiaryNSId)) then <listRel:subsidiary internalId=\"{$subsidiaryNSId}\" \/>\n            \t\t\t\t\t\t\t  else <listRel:subsidiary internalId=\"1\" \/>\n            } \n-->            \n            <listRel:addressbookList replaceAll=\"true\">\n               <listRel:addressbook>\n                  <listRel:defaultShipping>false<\/listRel:defaultShipping>\n                  <listRel:defaultBilling>true<\/listRel:defaultBilling>\n                  <listRel:addressbookAddress>\n                     <platformCommon:addr1>{$billingAddress\/*:addr1\/text()}<\/platformCommon:addr1>\n                     { if (exists($billingAddress\/*:addr2\/text())) then\n                     <platformCommon:addr2>{$billingAddress\/*:addr2\/text()}<\/platformCommon:addr2>\n                     else() }\n                     <platformCommon:city>{$billingAddress\/*:city\/text()}<\/platformCommon:city>\n                     <platformCommon:zip>{$billingAddress\/*:zip\/text()}<\/platformCommon:zip>\n                     <platformCommon:country>{$billingAddress\/*:country\/text()}<\/platformCommon:country>\n                     <platformCommon:state>{$billingAddress\/*:state\/text()}<\/platformCommon:state>\n                     { if (exists($billingAddress\/*:addressee\/text())) then\n                     <platformCommon:addressee>{$billingAddress\/*:addressee\/text()}<\/platformCommon:addressee>\n                     else () }\n                  <\/listRel:addressbookAddress>\n               <\/listRel:addressbook>\n               <listRel:addressbook>\n                  <listRel:defaultShipping>true<\/listRel:defaultShipping>\n                  <listRel:defaultBilling>false<\/listRel:defaultBilling>\n                  <listRel:addressbookAddress>\n                     <platformCommon:addr1>{$shippingAddress\/*:addr1\/text()}<\/platformCommon:addr1>\n                     { if (exists($shippingAddress\/*:addr2\/text())) then\n                     <platformCommon:addr2>{$shippingAddress\/*:addr2\/text()}<\/platformCommon:addr2>\n                     else() }\n                     <platformCommon:city>{$shippingAddress\/*:city\/text()}<\/platformCommon:city>\n                     <platformCommon:zip>{$shippingAddress\/*:zip\/text()}<\/platformCommon:zip>\n                     <platformCommon:country>{$shippingAddress\/*:country\/text()}<\/platformCommon:country>\n                     <platformCommon:state>{$shippingAddress\/*:state\/text()}<\/platformCommon:state>\n                     { if (exists($shippingAddress\/*:addressee\/text())) then\n                     <platformCommon:addressee>{$shippingAddress\/*:addressee\/text()}<\/platformCommon:addressee>\n                     else () }\n                  <\/listRel:addressbookAddress>\n               <\/listRel:addressbook>\n<\/listRel:addressbookList>\n<!--\nExample of custom fields here\n            <listRel:customFieldList xmlns:platformCore=\"urn:core_2015_1.platform.webservices.netsuite.com\">\n               { if(exists($accountID)) then\n               <platformCore:customField internalId=\"1222\" scriptId=\"custentity_celigo_ns_sfdc_sync_id\" xsi:type=\"platformCore:StringCustomFieldRef\">\n                  <platformCore:value>{$accountID}<\/platformCore:value>\n               <\/platformCore:customField>\n               else() }\n            <\/listRel:customFieldList>\n            -->\n         <\/record>\n      <\/add>\n   <\/Body>\n<\/Envelope>"}}},"output":{"field":[{"description":"","name":"Created Customer NetSuite ID","type":"string","xquery":{"$t":"{\/\/@internalId}"}},{"description":"","name":"errorMessages","type":"string","xquery":{"$t":"{ \/\/*:status\/*:statusDetail[@*:type=\"ERROR\"]\/*:message\/text() }"}},{"description":"","name":"isCreateCRSuccess","type":"boolean","xquery":{"$t":"{ \/\/*:status\/@isSuccess }"}},{"description":"","name":"faultcode","property":"faultstring","type":"string"},{"description":"","name":"faultstring","property":"faultstring","type":"string"}]}},{"category":"Update","failOnError":"true","forSearch":"false","label":"Update Customer","maxRedirects":"100","name":"Update Customer","preemptiveAuth":"true","responseEncoding":"","description":{"$t":"Update Company Details on NetSuite Account"},"input":{"parameter":[{"description":"The ID of the Account to Update","label":"NetSuiteId","name":"NetSuiteId","required":"true","testWith":"716301","type":"string"},{"description":"The new phone number","label":"Phone","name":"phone","required":"true","testWith":"999999999","type":"phone"},{"label":"Url","name":"url","required":"false","testWith":"","type":"string"},{"label":"Billing Address","name":"billingAddress","required":"false","testWith":"","type":"reference","options":{"option":{"name":"referenceTo","$t":"addressbookAddress"}}},{"label":"Shipping Address","name":"shippingAddress","required":"false","testWith":"","type":"reference","options":{"option":{"name":"referenceTo","$t":"addressbookAddress"}}},{"label":"Fax","name":"fax","required":"false","testWith":"","type":"string"},{"label":"Company Name","name":"companyName","required":"true","testWith":"","type":"string"},{"label":"Email","name":"email","required":"false","testWith":"","type":"string"}]},"binding":{"restSimpleBinding":{"multiUsing":"semicolonSeparated","url":"{$URL}","verb":"POST","httpHeaders":{"header":{"name":"SOAPAction","$t":"update"}},"body":{"$t":"<Envelope xmlns=\"http:\/\/schemas.xmlsoap.org\/soap\/envelope\/\"\nxmlns:platformCommon=\"urn:common_2015_1.platform.webservices.netsuite.com\"\nxmlns:platformCore=\"urn:core_2015_1.platform.webservices.netsuite.com\"\nxmlns:platformMsgs=\"urn:messages_2015_1.platform.webservices.netsuite.com\"\nxmlns:soap=\"http:\/\/schemas.xmlsoap.org\/soap\/envelope\/\"\nxmlns:xsd=\"http:\/\/www.w3.org\/2001\/XMLSchema\"\nxmlns:xsi=\"http:\/\/www.w3.org\/2001\/XMLSchema-instance\">\n   <Header>\n      <passport xmlns=\"urn:messages_2015_1.platform.webservices.netsuite.com\">\n         <email xmlns=\"urn:core_2015_1.platform.webservices.netsuite.com\">{$username}<\/email>\n         <password xmlns=\"urn:core_2015_1.platform.webservices.netsuite.com\">{$password}<\/password>\n         <account xmlns=\"urn:core_2015_1.platform.webservices.netsuite.com\">{$account}<\/account>\n      <\/passport>\n   <\/Header>\n   <Body>\n      <update xmlns=\"urn:messages_2015_1.platform.webservices.netsuite.com\">\n         <record xmlns:listRel=\"urn:relationships_2015_1.lists.webservices.netsuite.com\" internalId=\"{$NetSuiteId}\" xsi:type=\"listRel:Customer\">\n            <listRel:companyName>{$companyName}<\/listRel:companyName>\n\t\t\t<listRel:email>{$email}<\/listRel:email>            \n            { if(exists($phone)) then <listRel:phone>{$phone}<\/listRel:phone> else() }\n            { if(exists($fax)) then <listRel:fax>{$fax}<\/listRel:fax> else() }\n            { if(exists($url)) then <listRel:url>{$url}<\/listRel:url> else() }\n            <listRel:addressbookList replaceAll=\"true\">\n               <listRel:addressbook>\n                  <listRel:defaultShipping>false<\/listRel:defaultShipping>\n                  <listRel:defaultBilling>true<\/listRel:defaultBilling>\n                  <listRel:addressbookAddress>\n                     <platformCommon:addr1>{$billingAddress\/*:addr1\/text()}<\/platformCommon:addr1>\n                     { if (exists($billingAddress\/*:addr2\/text())) then\n                     <platformCommon:addr2>{$billingAddress\/*:addr2\/text()}<\/platformCommon:addr2>\n                     else() }\n                     <platformCommon:city>{$billingAddress\/*:city\/text()}<\/platformCommon:city>\n                     <platformCommon:zip>{$billingAddress\/*:zip\/text()}<\/platformCommon:zip>\n                     <platformCommon:country>{$billingAddress\/*:country\/text()}<\/platformCommon:country>\n                     <platformCommon:state>{$billingAddress\/*:state\/text()}<\/platformCommon:state>\n                     { if (exists($billingAddress\/*:addressee\/text())) then\n                     <platformCommon:addressee>{$billingAddress\/*:addressee\/text()}<\/platformCommon:addressee>\n                     else () }\n                  <\/listRel:addressbookAddress>\n               <\/listRel:addressbook>\n               <listRel:addressbook>\n                  <listRel:defaultShipping>true<\/listRel:defaultShipping>\n                  <listRel:defaultBilling>false<\/listRel:defaultBilling>\n                  <listRel:addressbookAddress>\n                     <platformCommon:addr1>{$shippingAddress\/*:addr1\/text()}<\/platformCommon:addr1>\n                     { if (exists($shippingAddress\/*:addr2\/text())) then\n                     <platformCommon:addr2>{$shippingAddress\/*:addr2\/text()}<\/platformCommon:addr2>\n                     else() }\n                     <platformCommon:city>{$shippingAddress\/*:city\/text()}<\/platformCommon:city>\n                     <platformCommon:zip>{$shippingAddress\/*:zip\/text()}<\/platformCommon:zip>\n                     <platformCommon:country>{$shippingAddress\/*:country\/text()}<\/platformCommon:country>\n                     <platformCommon:state>{$shippingAddress\/*:state\/text()}<\/platformCommon:state>\n                     { if (exists($shippingAddress\/*:addressee\/text())) then\n                     <platformCommon:addressee>{$shippingAddress\/*:addressee\/text()}<\/platformCommon:addressee>\n                     else () }\n                  <\/listRel:addressbookAddress>\n               <\/listRel:addressbook>\n<\/listRel:addressbookList>\n         <\/record>\n      <\/update>\n   <\/Body>\n<\/Envelope>"}}},"output":{"field":[{"description":"Did the update succeed?","name":"isUpdateCRSuccess","type":"boolean","xquery":{"$t":"{\/\/@isSuccess}"}},{"description":"","name":"errorMessages","type":"string","xquery":{"$t":"{ \/\/*:status\/*:statusDetail[@*:type=\"ERROR\"]\/*:message\/text() }"}},{"description":"","name":"faultcode","property":"faultcode","type":"string"},{"description":"","name":"faultstring","property":"faultstring","type":"string"}]}},{"category":"Get","failOnError":"true","forSearch":"false","label":"Get Contact","maxRedirects":"100","name":"Get Contact","preemptiveAuth":"true","responseEncoding":"","description":{"$t":"Get Contact information from Netsuite"},"input":{"parameter":{"description":"The ID of the record to get.","label":"Contact NetSuite Id","name":"NetSuiteId","required":"false","testWith":"","type":"string"}},"binding":{"restSimpleBinding":{"multiUsing":"semicolonSeparated","url":"{$URL}","verb":"POST","httpHeaders":{"header":{"name":"SOAPAction","$t":"get"}},"body":{"$t":"<Envelope xmlns=\"http:\/\/schemas.xmlsoap.org\/soap\/envelope\/\" \nxmlns:listRel=\"urn:relationships_2015_1.lists.webservices.netsuite.com\" \nxmlns:platformMsgs=\"urn:messages_2015_1.platform.webservices.netsuite.com\" \nxmlns:platformCore=\"urn:core_2015_1.platform.webservices.netsuite.com\" \nxmlns:platformCommon=\"urn:common_2015_1.platform.webservices.netsuite.com\" \nxmlns:xsi=\"http:\/\/www.w3.org\/2001\/XMLSchema-instance\">\n   <Header>\n      <passport xsi:type=\"Passport\">\n         <email>{$username}<\/email>\n         <password>{$password}<\/password>\n         <account>{$account}<\/account>\n      <\/passport>\n   <\/Header>\n<Body>\n<platformMsgs:get>\n\t<platformMsgs:baseRef internalId=\"{$NetSuiteId}\" type=\"contact\" xsi:type=\"platformCore:RecordRef\">\t\n    <\/platformMsgs:baseRef>\n<\/platformMsgs:get>\n<\/Body>\n<\/Envelope>"}}},"output":{"field":[{"description":"","name":"NS_Contact First Name","property":"firstName","type":"string"},{"description":"","name":"NS_Contact Last Name","property":"lastName","type":"string"},{"description":"","name":"NS_Contact Email","property":"email","type":"email"},{"description":"","name":"NS_Contact Phone","property":"phone","type":"phone"},{"description":"","name":"isGetCTSuccess","type":"boolean","xquery":{"$t":"{ \/\/*:status\/@isSuccess }"}},{"description":"","name":"errorMessages","type":"string","xquery":{"$t":"{ \/\/*:status\/*:statusDetail[@*:type=\"ERROR\"]\/*:message\/text() }"}},{"description":"","name":"NS_Contact Fax","property":"fax","type":"phone"},{"description":"","name":"NS_ContactRecord","type":"reference","options":{"option":{"name":"referenceTo","$t":"Record-Contact"}},"xquery":{"$t":"<EntireContact> { let $elem := \/\/*:record return for $c1 in ($elem\/@*, $elem\/*) return element { local-name($c1) } { if (not($c1\/*)) then data($c1) else for $c2 in ($c1\/@*, $c1\/*) return element { local-name($c2) } { if (not($c2\/*)) then data($c2) else for $c3 in ($c2\/@*, $c2\/*) return element { local-name($c3) } { if (not($c3\/*)) then data($c3) else for $c4 in ($c3\/@*, $c3\/*) return element { local-name($c4) } { if (not($c4\/*)) then data($c4) else for $c5 in ($c4\/@*, $c4\/*) return element { local-name($c5) } { if (not($c5\/*)) then data($c5) else for $c6 in ($c5\/@*, $c5\/*) return element { local-name($c6) } { if (not($c6\/*)) then data($c6) else for $c7 in ($c6\/@*, $c6\/*) return element { local-name($c7) } { $c7\/@*, $c7\/*, $c7\/text() } } } } } } } } <\/EntireContact>"}},{"description":"","name":"NS_Contact Address Billing","type":"reference","options":{"option":{"name":"referenceTo","$t":"addressbook"}},"xquery":{"$t":"{for $cAddress in \/\/*:addressbookList\/*:addressbook\nreturn\nif ($cAddress\/\/*:defaultBilling = 'true') then\n\t <addressbook> { let $elem := $cAddress return for $c1 in ($elem\/@*, $elem\/*) return element { local-name($c1) } { if (not($c1\/*)) then data($c1) else for $c2 in ($c1\/@*, $c1\/*) return element { local-name($c2) } { if (not($c2\/*)) then data($c2) else for $c3 in ($c2\/@*, $c2\/*) return element { local-name($c3) } { if (not($c3\/*)) then data($c3) else for $c4 in ($c3\/@*, $c3\/*) return element { local-name($c4) } { if (not($c4\/*)) then data($c4) else for $c5 in ($c4\/@*, $c4\/*) return element { local-name($c5) } { if (not($c5\/*)) then data($c5) else for $c6 in ($c5\/@*, $c5\/*) return element { local-name($c6) } { if (not($c6\/*)) then data($c6) else for $c7 in ($c6\/@*, $c6\/*) return element { local-name($c7) } { $c7\/@*, $c7\/*, $c7\/text() } } } } } } } } <\/addressbook>\nelse\n()}"}},{"description":"","name":"NS_Contact Address Shipping","type":"reference","options":{"option":{"name":"referenceTo","$t":"addressbook"}},"xquery":{"$t":"{for $cAddress in \/\/*:addressbookList\/*:addressbook\nreturn\nif ($cAddress\/\/*:defaultShipping = 'true') then\n\t <addressbook> { let $elem := $cAddress return for $c1 in ($elem\/@*, $elem\/*) return element { local-name($c1) } { if (not($c1\/*)) then data($c1) else for $c2 in ($c1\/@*, $c1\/*) return element { local-name($c2) } { if (not($c2\/*)) then data($c2) else for $c3 in ($c2\/@*, $c2\/*) return element { local-name($c3) } { if (not($c3\/*)) then data($c3) else for $c4 in ($c3\/@*, $c3\/*) return element { local-name($c4) } { if (not($c4\/*)) then data($c4) else for $c5 in ($c4\/@*, $c4\/*) return element { local-name($c5) } { if (not($c5\/*)) then data($c5) else for $c6 in ($c5\/@*, $c5\/*) return element { local-name($c6) } { if (not($c6\/*)) then data($c6) else for $c7 in ($c6\/@*, $c6\/*) return element { local-name($c7) } { $c7\/@*, $c7\/*, $c7\/text() } } } } } } } } <\/addressbook>\nelse\n()}"}},{"description":"","name":"NS_Contact Mobile Phone","property":"mobilePhone","type":"phone"},{"description":"","name":"NS_Contact Title","property":"title","type":"string"},{"description":"","name":"NS_Contact Company ID","type":"string","xquery":{"$t":"{\/\/*:record\/*:company\/@internalId\/data()}"}}]}},{"category":"Create","failOnError":"true","forSearch":"false","label":"Create Contact","maxRedirects":"100","name":"Create Contact","preemptiveAuth":"true","responseEncoding":"","description":{"$t":"Create New Contact Record in Netsuite"},"input":{"parameter":[{"label":"First Name","name":"firstName","required":"true","testWith":"","type":"string"},{"label":"Last Name","name":"lastName","required":"true","testWith":"","type":"string"},{"label":"Email","name":"email","required":"false","testWith":"","type":"string"},{"label":"Phone","name":"phone","required":"false","testWith":"","type":"string"},{"label":"Customer NetSuite Id","name":"customerId","required":"true","testWith":"","type":"string"},{"label":"Mobile Phone","name":"mobilePhone","required":"false","testWith":"","type":"string"},{"label":"Fax","name":"fax","required":"false","testWith":"","type":"string"},{"label":"Title","name":"title","required":"false","testWith":"","type":"string"},{"label":"Mailing Address","name":"mailingAddress","required":"true","testWith":"","type":"reference","options":{"option":{"name":"referenceTo","$t":"addressbookAddress"}}},{"label":"Other Address","name":"otherAddress","required":"false","testWith":"","type":"reference","options":{"option":{"name":"referenceTo","$t":"addressbookAddress"}}}]},"binding":{"restSimpleBinding":{"multiUsing":"semicolonSeparated","url":"{$URL}","verb":"POST","httpHeaders":{"header":{"name":"SOAPAction","$t":"add"}},"body":{"$t":"<Envelope xmlns=\"http:\/\/schemas.xmlsoap.org\/soap\/envelope\/\" \nxmlns:listRel=\"urn:relationships_2015_1.lists.webservices.netsuite.com\" \nxmlns:platformMsgs=\"urn:messages_2015_1.platform.webservices.netsuite.com\" \nxmlns:platformCore=\"urn:core_2015_1.platform.webservices.netsuite.com\" \nxmlns:platformCommon=\"urn:common_2015_1.platform.webservices.netsuite.com\" \nxmlns:xsi=\"http:\/\/www.w3.org\/2001\/XMLSchema-instance\"> \n<Header> \n\t<passport xsi:type=\"Passport\"> \n\t\t<email>{$username}<\/email> \n\t\t<password>{$password}<\/password> \n\t\t<account>{$account}<\/account> \n\t<\/passport>\n<\/Header>\n<Body>\n\t<add>\n    \t<record xsi:type=\"listRel:Contact\">\n            <listRel:company internalId=\"{$customerId}\" type=\"customer\" \/>        \n        \t{ if (exists($firstName)) then <listRel:firstName>{$firstName}<\/listRel:firstName> else () }\n            { if (exists($lastName)) then <listRel:lastName>{$lastName}<\/listRel:lastName> else () }\n            { if (exists($phone)) then <listRel:phone>{$phone}<\/listRel:phone> else () } \n            { if (exists($email)) then <listRel:email>{$email}<\/listRel:email> else () } \n            { if (exists($mobilePhone)) then <listRel:mobilePhone>{$mobilePhone}<\/listRel:mobilePhone> else () }          \n            { if (exists($fax)) then <listRel:fax>{$fax}<\/listRel:fax> else () } \n            { if (exists($title)) then <listRel:title>{$title}<\/listRel:title> else () } \n            <listRel:addressbookList>\n               <listRel:addressbook>\n                  <listRel:defaultShipping>false<\/listRel:defaultShipping>\n                  <listRel:defaultBilling>true<\/listRel:defaultBilling>\n                  <listRel:addressbookAddress>\n                     <platformCommon:addr1>{$mailingAddress\/*:addr1\/text()}<\/platformCommon:addr1>\n                     { if (exists($mailingAddress\/*:addr2\/text())) then\n                     <platformCommon:addr2>{$mailingAddress\/*:addr2\/text()}<\/platformCommon:addr2>\n                     else() }\n                     <platformCommon:city>{$mailingAddress\/*:city\/text()}<\/platformCommon:city>\n                     <platformCommon:zip>{$mailingAddress\/*:zip\/text()}<\/platformCommon:zip>\n                     { if (exists($mailingAddress\/*:country\/text())) then\n                     <platformCommon:country>{$mailingAddress\/*:country\/text()}<\/platformCommon:country>\n                     else() }\n                     <platformCommon:state>{$mailingAddress\/*:state\/text()}<\/platformCommon:state>\n                     <!--{ if (exists($mailingAddress\/*:addressee\/text())) then <platformCommon:addressee>{$mailingAddress\/*:addressee\/text()}<\/platformCommon:addressee> else () }-->\n                  <\/listRel:addressbookAddress>\n                  <\/listRel:addressbook>\n               { if ($otherAddress\/*:addr1\/text() != '') then\n               <listRel:addressbook>\n                  <listRel:defaultShipping>true<\/listRel:defaultShipping>\n                  <listRel:defaultBilling>false<\/listRel:defaultBilling>\n                  <listRel:addressbookAddress>\n                     <platformCommon:addr1>{$otherAddress\/*:addr1\/text()}<\/platformCommon:addr1>\n                     { if (exists($otherAddress\/*:addr2\/text())) then\n                     <platformCommon:addr2>{$otherAddress\/*:addr2\/text()}<\/platformCommon:addr2>\n                     else() }\n                     <platformCommon:city>{$otherAddress\/*:city\/text()}<\/platformCommon:city>\n                     <platformCommon:zip>{$otherAddress\/*:zip\/text()}<\/platformCommon:zip>\n                     { if (exists($otherAddress\/*:country\/text())) then\n                     <platformCommon:country>{$otherAddress\/*:country\/text()}<\/platformCommon:country>\n                     else() }\n                     <platformCommon:state>{$otherAddress\/*:state\/text()}<\/platformCommon:state>\n                     <!-- { if (exists($otherAddress\/*:addressee\/text())) then <platformCommon:addressee>{$otherAddress\/*:addressee\/text()}<\/platformCommon:addressee> else () } -->\n                  <\/listRel:addressbookAddress>\n              <\/listRel:addressbook>  \n              else () }\n            <\/listRel:addressbookList>\n        <\/record>\n    <\/add>\n<\/Body> \n<\/Envelope>"}}},"output":{"field":[{"description":"Internal ID of the Contact record that was created","name":"Created Contact NetSuite ID","type":"string","xquery":{"$t":"{\/\/@internalId}"}},{"description":"Was the Add transaction successful?","name":"isCreateCTSuccess","type":"boolean","xquery":{"$t":"{ \/\/*:status\/@isSuccess }"}},{"description":"Message received from the endpoint","name":"errorMessages","type":"string","xquery":{"$t":"{ \/\/*:status\/*:statusDetail[@*:type=\"ERROR\"]\/*:message\/text() }"}},{"description":"","name":"faultcode","property":"faultcode","type":"string"},{"description":"","name":"faultstring","property":"faultstring","type":"string"}]}},{"category":"Update","failOnError":"true","forSearch":"false","label":"Update Contact","maxRedirects":"100","name":"Update Contact","preemptiveAuth":"true","responseEncoding":"","description":{"$t":"Update Contact Record"},"input":{"parameter":[{"label":"First Name","name":"firstName","required":"true","testWith":"","type":"string"},{"label":"Last name","name":"lastName","required":"true","testWith":"","type":"string"},{"label":"Contact NetSuite Id","name":"contactID","required":"true","testWith":"","type":"string"},{"label":"Email","name":"email","required":"false","testWith":"","type":"string"},{"label":"Phone","name":"phone","required":"false","testWith":"","type":"string"},{"label":"Fax","name":"fax","required":"false","testWith":"","type":"string"},{"label":"Mobile Phone","name":"mobilePhone","required":"false","testWith":"","type":"string"},{"label":"Title","name":"title","required":"false","testWith":"","type":"string"},{"label":"Mailing Address","name":"mailingAddress","required":"true","testWith":"","type":"reference","options":{"option":{"name":"referenceTo","$t":"addressbookAddress"}}},{"label":"Other Address","name":"otherAddress","required":"false","testWith":"","type":"reference","options":{"option":{"name":"referenceTo","$t":"addressbookAddress"}}}]},"binding":{"restSimpleBinding":{"multiUsing":"semicolonSeparated","url":"{$URL}","verb":"POST","httpHeaders":{"header":{"name":"SoapAction","$t":"update"}},"body":{"$t":"<Envelope xmlns=\"http:\/\/schemas.xmlsoap.org\/soap\/envelope\/\" \nxmlns:listRel=\"urn:relationships_2015_1.lists.webservices.netsuite.com\" \nxmlns:platformMsgs=\"urn:messages_2015_1.platform.webservices.netsuite.com\" \nxmlns:platformCore=\"urn:core_2015_1.platform.webservices.netsuite.com\" \nxmlns:platformCommon=\"urn:common_2015_1.platform.webservices.netsuite.com\" \nxmlns:xsi=\"http:\/\/www.w3.org\/2001\/XMLSchema-instance\">\n   <Header>\n      <passport xsi:type=\"Passport\">\n         <email>{$username}<\/email>\n         <password>{$password}<\/password>\n         <account>{$account}<\/account>\n      <\/passport>\n   <\/Header>\n<Body> \n<update> \n<record internalId=\"{$contactID}\" xsi:type=\"listRel:Contact\">       \n        \t{ if (exists($firstName)) then <listRel:firstName>{$firstName}<\/listRel:firstName> else () }\n            { if (exists($lastName)) then <listRel:lastName>{$lastName}<\/listRel:lastName> else () }\n            { if (exists($phone)) then <listRel:phone>{$phone}<\/listRel:phone> else () } \n            { if (exists($email)) then <listRel:email>{$email}<\/listRel:email> else () } \n            { if (exists($mobilePhone)) then <listRel:mobilePhone>{$mobilePhone}<\/listRel:mobilePhone> else () }          \n            { if (exists($fax)) then <listRel:fax>{$fax}<\/listRel:fax> else () } \n            { if (exists($title)) then <listRel:title>{$title}<\/listRel:title> else () } \n            <listRel:addressbookList>\n               <listRel:addressbook>\n                  <listRel:defaultShipping>false<\/listRel:defaultShipping>\n                  <listRel:defaultBilling>true<\/listRel:defaultBilling>\n                  <listRel:addressbookAddress>\n                     <platformCommon:addr1>{$mailingAddress\/*:addr1\/text()}<\/platformCommon:addr1>\n                     { if (exists($mailingAddress\/*:addr2\/text())) then\n                     <platformCommon:addr2>{$mailingAddress\/*:addr2\/text()}<\/platformCommon:addr2>\n                     else() }\n                     <platformCommon:city>{$mailingAddress\/*:city\/text()}<\/platformCommon:city>\n                     <platformCommon:zip>{$mailingAddress\/*:zip\/text()}<\/platformCommon:zip>\n                     <platformCommon:country>{$mailingAddress\/*:country\/text()}<\/platformCommon:country>\n                     <platformCommon:state>{$mailingAddress\/*:state\/text()}<\/platformCommon:state>\n                  <\/listRel:addressbookAddress>\n               <\/listRel:addressbook>\n               { if ($otherAddress\/*:addr1\/text() != '') then\n               <listRel:addressbook>\n                  <listRel:defaultShipping>true<\/listRel:defaultShipping>\n                  <listRel:defaultBilling>false<\/listRel:defaultBilling>\n                  <listRel:addressbookAddress>\n                     <platformCommon:addr1>{$otherAddress\/*:addr1\/text()}<\/platformCommon:addr1>\n                     { if (exists($otherAddress\/*:addr2\/text())) then\n                     <platformCommon:addr2>{$otherAddress\/*:addr2\/text()}<\/platformCommon:addr2>\n                     else() }\n                     <platformCommon:city>{$otherAddress\/*:city\/text()}<\/platformCommon:city>\n                     <platformCommon:zip>{$otherAddress\/*:zip\/text()}<\/platformCommon:zip>\n                     { if (exists($otherAddress\/*:country\/text())) then\n                     <platformCommon:country>{$otherAddress\/*:country\/text()}<\/platformCommon:country>\n                     else() }\n                     <platformCommon:state>{$otherAddress\/*:state\/text()}<\/platformCommon:state>\n                  <\/listRel:addressbookAddress>\n              <\/listRel:addressbook>  \n              else () }               \n            <\/listRel:addressbookList>\n<\/record>\n<\/update>\n<\/Body>\n<\/Envelope>"}}},"output":{"field":[{"description":"","name":"isUpdateCTSuccess","type":"boolean","xquery":{"$t":"{ \/\/*:status\/@isSuccess }"}},{"description":"","name":"errorMessages","type":"string","xquery":{"$t":"{ \/\/*:status\/*:statusDetail[@*:type=\"ERROR\"]\/*:message\/text() }"}},{"description":"","name":"faultcode","property":"faultcode","type":"string"},{"description":"","name":"faultstring","property":"faultstring","type":"string"}]}},{"category":"Get","failOnError":"true","forSearch":"false","label":"Get Sales Order","maxRedirects":"100","name":"Get Sales Order","preemptiveAuth":"true","responseEncoding":"","description":{"$t":"Get Sales Order information from NetSuite"},"input":{"parameter":{"description":"The Internal ID of the record to get.","label":"Sales Order NetSuite Id","name":"NetSuiteId","required":"true","testWith":"","type":"string"}},"binding":{"restSimpleBinding":{"multiUsing":"semicolonSeparated","url":"{$URL}","verb":"POST","httpHeaders":{"header":{"name":"SOAPAction","$t":"get"}},"body":{"$t":"<Envelope xmlns=\"http:\/\/schemas.xmlsoap.org\/soap\/envelope\/\" xmlns:platformMsgs=\"urn:messages_2015_1.platform.webservices.netsuite.com\" xmlns:xsd=\"http:\/\/www.w3.org\/2001\/XMLSchema\" xmlns:soap=\"http:\/\/schemas.xmlsoap.org\/soap\/envelope\/\" xmlns:xsi=\"http:\/\/www.w3.org\/2001\/XMLSchema-instance\" xmlns:platformCore=\"urn:core_2015_1.platform.webservices.netsuite.com\"> <Header> <passport xmlns=\"urn:messages_2015_1.platform.webservices.netsuite.com\"> <email xmlns=\"urn:core_2015_1.platform.webservices.netsuite.com\">{$username}<\/email> <password xmlns=\"urn:core_2015_1.platform.webservices.netsuite.com\">{$password}<\/password> <account xmlns=\"urn:core_2015_1.platform.webservices.netsuite.com\">{$account}<\/account> <role xmlns=\"urn:core_2015_1.platform.webservices.netsuite.com\" internalId=\"3\"\/> <\/passport> <\/Header> <Body> <get xmlns=\"urn:messages_2015_1.platform.webservices.netsuite.com\"> <baseRef internalId=\"{$NetSuiteId}\" type=\"salesOrder\" xsi:type=\"platformCore:RecordRef\"> <name xmlns=\"urn:core_2015_1.platform.webservices.netsuite.com\"\/> <\/baseRef> <\/get> <\/Body> <\/Envelope>"}}},"output":{"field":[{"description":"The full NetSuite Sales Order record as a Process Object.","name":"NS_SalesOrderRecord","type":"reference","xmlElement":"record","options":{"option":{"name":"referenceTo","$t":"SalesOrder"}}},{"description":"","name":"NS_Order Memo","property":"memo","type":"string"},{"description":"The NetSuite Sales Order Status","name":"NS_Order Status","type":"string","xquery":{"$t":"{\/\/*:status\/text()}"}},{"description":"","name":"isGetSOSuccess","type":"string","xquery":{"$t":"{ \/\/*:status\/@isSuccess }"}},{"description":"","name":"errorMessages","type":"string","xquery":{"$t":"{ \/\/*:status\/*:statusDetail[@*:type=\"ERROR\"]\/*:message\/text() }"}},{"description":"","name":"faultcode","property":"faultcode","type":"string"},{"description":"","name":"faultstring","property":"faultstring","type":"string"},{"description":"","name":"NS_Order External Id","type":"string","xquery":{"$t":"{\/\/*:record\/@externalId\/data()}"}},{"description":"","name":"NS_Order Item List","type":"reference","xmlElement":"itemList","options":{"option":{"name":"referenceTo","$t":"itemList"}}},{"description":"","name":"NS_Order Company ID","type":"string","xquery":{"$t":"{\/\/*:record\/*:entity\/@internalId\/data()}"}},{"description":"","name":"NS_Order Transaction ID","property":"tranId","type":"string"}]}},{"category":"Create","failOnError":"true","forSearch":"false","label":"Create Sales Order","maxRedirects":"100","name":"Create Sales Order","preemptiveAuth":"true","responseEncoding":"","description":{"$t":"Create Sales Order using Process Object."},"input":{"parameter":[{"label":"NetSuite Customer Id","name":"customerId","nogen":"true","required":"true","testWith":"","type":"string"},{"label":"NetSuite Order External Id","name":"externalId","nogen":"true","required":"true","testWith":"","type":"string"},{"label":"Order Items","name":"orderItems","nogen":"true","required":"true","testWith":"","type":"reference","options":{"option":{"name":"referenceTo","$t":"itemList"}}},{"label":"PO Number","name":"poNumber","nogen":"true","required":"false","testWith":"","type":"string"}]},"binding":{"restSimpleBinding":{"multiUsing":"semicolonSeparated","url":"{$URL}","verb":"POST","httpHeaders":{"header":{"name":"SOAPAction","$t":"add"}},"body":{"$t":"<soap:Envelope xmlns:soap=\"http:\/\/schemas.xmlsoap.org\/soap\/envelope\/\" xmlns:platformCommon=\"urn:common_2015_1.platform.webservices.netsuite.com\" xmlns:platformCore=\"urn:core_2015_1.platform.webservices.netsuite.com\" xmlns:platformMsgs=\"urn:messages_2015_1.platform.webservices.netsuite.com\" xmlns:tranSales=\"urn:sales_2015_1.transactions.webservices.netsuite.com\" xmlns:xsd=\"http:\/\/www.w3.org\/2001\/XMLSchema\" xmlns:xsi=\"http:\/\/www.w3.org\/2001\/XMLSchema-instance\">\n   <soap:Header>\n      <platformMsgs:passport>\n         <platformCore:email>{$username}<\/platformCore:email>\n         <platformCore:password>{$password}<\/platformCore:password>\n         <platformCore:account>{$account}<\/platformCore:account>\n      <\/platformMsgs:passport>\n   <\/soap:Header>\n   <soap:Body>\n      <platformMsgs:add>\n         <platformMsgs:record xsi:type=\"tranSales:SalesOrder\">\n            <tranSales:entity internalId=\"{$customerId}\" \/>\n            { if(exists($externalId)) then\n            <tranSales:externalId>{$externalId}<\/tranSales:externalId>\n            else () }              \n            { if(exists($poNumber)) then\n            <tranSales:otherRefNum>{$poNumber}<\/tranSales:otherRefNum>\n            else () }\n            <tranSales:itemList>\n               { for $i at $pos in ($orderItems\/item) return\n               <tranSales:item>\n                  <tranSales:item internalId=\"{$i\/item\/internalId\/text()}\" \/>\n                  <tranSales:price>{$i\/price\/data()}<\/tranSales:price>\n                  <tranSales:quantity>{$i\/quantity\/data()}<\/tranSales:quantity>\n               <\/tranSales:item>\n               }\n            <\/tranSales:itemList>\n         <\/platformMsgs:record>\n      <\/platformMsgs:add>\n   <\/soap:Body>\n<\/soap:Envelope>"}}},"output":{"field":[{"description":"Internal ID number for Sales Order returned by Netsuite","name":"Created Order NetSuite ID","type":"string","xquery":{"$t":"{ \/\/*:baseRef\/@internalId }"}},{"description":"","name":"isCreateSOSuccess","type":"boolean","xquery":{"$t":"{ \/\/*:status\/@isSuccess }"}},{"description":"","name":"status","type":"reference","xmlElement":"status","options":{"option":{"name":"referenceTo","$t":"status"}}},{"description":"","name":"errorMessages","type":"string","xquery":{"$t":"{ \/\/*:status\/*:statusDetail[@*:type=\"ERROR\"]\/*:message\/text() }"}},{"description":"","name":"faultcode","property":"faultcode","type":"string"},{"description":"","name":"faultstring","property":"faultstring","type":"string"},{"description":"","name":"httpStatusCode","responseStatusCode":"true","type":"string"}]}},{"category":"Update","failOnError":"true","forSearch":"false","label":"Update Sales Order","maxRedirects":"100","name":"Update Sales Order","preemptiveAuth":"true","responseEncoding":"","description":{"$t":"Update Existing Sales Order"},"input":{"parameter":[{"label":"NetSuite Order Internal Id","name":"internalId","nogen":"true","required":"true","testWith":"","type":"string"},{"label":"NetSuite Order External Id","name":"externalId","nogen":"true","required":"false","testWith":"","type":"string"},{"label":"Memo","name":"memo","nogen":"true","required":"false","testWith":"","type":"string"},{"label":"Order Items","name":"orderItems","nogen":"true","required":"false","testWith":"","type":"reference","options":{"option":{"name":"referenceTo","$t":"itemList"}}},{"label":"PO Number","name":"poNumber","nogen":"true","required":"false","testWith":"","type":"string"}]},"binding":{"restSimpleBinding":{"multiUsing":"semicolonSeparated","url":"{$URL}","verb":"POST","httpHeaders":{"header":{"name":"SOAPAction","$t":"update"}},"body":{"$t":"<soap:Envelope xmlns:soap=\"http:\/\/schemas.xmlsoap.org\/soap\/envelope\/\" xmlns:platformCommon=\"urn:common_2015_1.platform.webservices.netsuite.com\" xmlns:platformCore=\"urn:core_2015_1.platform.webservices.netsuite.com\" xmlns:platformMsgs=\"urn:messages_2015_1.platform.webservices.netsuite.com\" xmlns:tranSales=\"urn:sales_2015_1.transactions.webservices.netsuite.com\" xmlns:xsd=\"http:\/\/www.w3.org\/2001\/XMLSchema\" xmlns:xsi=\"http:\/\/www.w3.org\/2001\/XMLSchema-instance\">\n   <soap:Header>\n      <platformMsgs:passport>\n         <platformCore:email>{$username}<\/platformCore:email>\n         <platformCore:password>{$password}<\/platformCore:password>\n         <platformCore:account>{$account}<\/platformCore:account>\n      <\/platformMsgs:passport>\n   <\/soap:Header>\n   <soap:Body>\n      <platformMsgs:update>\n  <platformMsgs:record xsi:type=\"tranSales:SalesOrder\" internalId=\"{$internalId}\">\n            { if(exists($externalId)) then\n            <tranSales:externalId>{$externalId}<\/tranSales:externalId>\n            else () } \n            { if(exists($poNumber)) then\n            <tranSales:otherRefNum>{$poNumber}<\/tranSales:otherRefNum>\n            else () }            \n            <tranSales:itemList>\n               { for $i at $pos in ($orderItems\/item) return\n               <tranSales:item>\n                  <tranSales:item internalId=\"{$i\/item\/internalId\/text()}\" \/>\n                  <!--<tranSales:rate>{$i\/rate\/data()}<\/tranSales:rate>-->\n                  <tranSales:price>{$i\/price\/data()}<\/tranSales:price>\n                  <tranSales:quantity>{$i\/quantity\/data()}<\/tranSales:quantity>\n                  <!--<tranSales:amount>{$i\/amount\/data()}<\/tranSales:amount>-->\n               <\/tranSales:item>\n               }\n            <\/tranSales:itemList>\n         <\/platformMsgs:record>      \n      <\/platformMsgs:update>\n   <\/soap:Body>\n<\/soap:Envelope>"}}},"output":{"field":[{"description":"Internal ID number for Sales Order returned by Netsuite","name":"NSinternalID","type":"string","xquery":{"$t":"{ \/\/*:baseRef\/@internalId }"}},{"description":"","name":"isUpdateSOSuccess","type":"boolean","xquery":{"$t":"{ \/\/*:status\/@isSuccess }"}},{"description":"","name":"status","type":"reference","xmlElement":"status","options":{"option":{"name":"referenceTo","$t":"status"}}},{"description":"","name":"errorMessages","type":"string","xquery":{"$t":"{ \/\/*:status\/*:statusDetail[@*:type=\"ERROR\"]\/*:message\/text() }"}},{"description":"","name":"faultcode","property":"faultcode","type":"string"},{"description":"","name":"faultstring","property":"faultstring","type":"string"}]}},{"category":"Get","failOnError":"true","forSearch":"false","label":"Get Item","maxRedirects":"100","name":"Get Item","preemptiveAuth":"true","responseEncoding":"","description":{"$t":"Get Item Information from NetSuite"},"input":{"parameter":{"description":"NetSuite Internal ID for the Item","label":"Item NetSuite Id","name":"NetSuiteId","nogen":"true","required":"true","testWith":"","type":"string"}},"binding":{"restSimpleBinding":{"multiUsing":"semicolonSeparated","url":"{$URL}","verb":"POST","httpHeaders":{"header":{"name":"SOAPAction","$t":"search"}},"body":{"$t":"<Envelope xmlns=\"http:\/\/schemas.xmlsoap.org\/soap\/envelope\/\" xmlns:listRel=\"urn:relationships_2015_1.lists.webservices.netsuite.com\" xmlns:platformCommon=\"urn:common_2015_1.platform.webservices.netsuite.com\" xmlns:platformCore=\"urn:core_2015_1.platform.webservices.netsuite.com\" xmlns:platformMsgs=\"urn:messages_2015_1.platform.webservices.netsuite.com\" xmlns:xsi=\"http:\/\/www.w3.org\/2001\/XMLSchema-instance\">\n   <Header>\n      <searchPreferences xsi:type=\"SearchPreferences\">\n         <bodyFieldsOnly>false<\/bodyFieldsOnly>\n         <returnSearchColumns>true<\/returnSearchColumns>\n         <pageSize>20<\/pageSize>\n      <\/searchPreferences>\n      <passport xsi:type=\"Passport\">\n         <email>{$username}<\/email>\n         <password>{$password}<\/password>\n         <account>{$account}<\/account>\n      <\/passport>\n   <\/Header>\n   <Body>\n      <search>\n         <searchRecord xsi:type=\"platformCommon:ItemSearchBasic\">\n            <platformCommon:internalIdNumber operator=\"equalTo\">\n               <platformCore:searchValue>{$NetSuiteId}<\/platformCore:searchValue>\n            <\/platformCommon:internalIdNumber>\n         <\/searchRecord>\n      <\/search>\n   <\/Body>\n<\/Envelope>"}}},"output":{"field":[{"description":"","name":"NS_Item Item Id","property":"itemId","type":"string"},{"description":"","name":"NS_Item isInactive","property":"isInactive","type":"string"},{"description":"","name":"NS_Item Internal Id","type":"string","xquery":{"$t":"{\/\/*:record\/@internalId}"}},{"description":"","name":"NS_Item External Id","property":"externalId","type":"string"},{"description":"","name":"NS_Item Display Name","property":"displayName","type":"string"},{"description":"","name":"isGetItemSuccess","type":"string","xquery":{"$t":"{ \/\/*:status\/@isSuccess }"}},{"description":"","name":"errorMessages","type":"string","xquery":{"$t":"{ \/\/*:status\/*:statusDetail[@*:type=\"ERROR\"]\/*:message\/text() }"}},{"description":"","name":"faultcode","property":"faultcode","type":"string"},{"description":"","name":"faultstring","property":"faultstring","type":"string"},{"description":"","name":"NS_Item Base Price","type":"double","xquery":{"$t":"{\/\/*:record\/*:pricingMatrix\/*:pricing[*:priceLevel\/*:name='Base Price']\/*:priceList\/*:price[*:quantity='0.0']\/*:value\/text()}"}}]}},{"category":"Get","failOnError":"true","forSearch":"false","label":"Get Invoice","maxRedirects":"100","name":"Get Invoice","preemptiveAuth":"true","responseEncoding":"","description":{"$t":"Get Invoice information from NetSuite"},"input":{"parameter":{"description":"The internalId of the NetSuite record","name":"InternalID","nogen":"true","required":"true","testWith":"","type":"string"}},"binding":{"restSimpleBinding":{"multiUsing":"semicolonSeparated","url":"{$URL}","verb":"POST","httpHeaders":{"header":{"name":"SOAPAction","$t":"get"}},"body":{"$t":"<Envelope xmlns=\"http:\/\/schemas.xmlsoap.org\/soap\/envelope\/\" xmlns:platformMsgs=\"urn:messages_2015_1.platform.webservices.netsuite.com\" xmlns:xsd=\"http:\/\/www.w3.org\/2001\/XMLSchema\" xmlns:soap=\"http:\/\/schemas.xmlsoap.org\/soap\/envelope\/\" xmlns:xsi=\"http:\/\/www.w3.org\/2001\/XMLSchema-instance\" xmlns:platformCore=\"urn:core_2015_1.platform.webservices.netsuite.com\"> <Header> <passport xmlns=\"urn:messages_2015_1.platform.webservices.netsuite.com\"> <email xmlns=\"urn:core_2015_1.platform.webservices.netsuite.com\">{$username}<\/email> <password xmlns=\"urn:core_2015_1.platform.webservices.netsuite.com\">{$password}<\/password> <account xmlns=\"urn:core_2015_1.platform.webservices.netsuite.com\">{$account}<\/account> <\/passport> <\/Header> <Body> <get xmlns=\"urn:messages_2015_1.platform.webservices.netsuite.com\"> <baseRef internalId=\"{$InternalID}\" type=\"invoice\" xsi:type=\"platformCore:RecordRef\"> <name xmlns=\"urn:core_2015_1.platform.webservices.netsuite.com\"\/> <\/baseRef> <\/get> <\/Body> <\/Envelope>"}}},"output":{"field":[{"description":"","name":"NSinvoice","type":"reference","options":{"option":{"name":"referenceTo","$t":"Record-Invoice"}},"xquery":{"$t":"<Invoice> { let $elem := \/\/*:record return for $c1 in ($elem\/@*, $elem\/*) return element { local-name($c1) } { if (not($c1\/*)) then data($c1) else for $c2 in ($c1\/@*, $c1\/*) return element { local-name($c2) } { if (not($c2\/*)) then data($c2) else for $c3 in ($c2\/@*, $c2\/*) return element { local-name($c3) } { if (not($c3\/*)) then data($c3) else for $c4 in ($c3\/@*, $c3\/*) return element { local-name($c4) } { if (not($c4\/*)) then data($c4) else for $c5 in ($c4\/@*, $c4\/*) return element { local-name($c5) } { if (not($c5\/*)) then data($c5) else for $c6 in ($c5\/@*, $c5\/*) return element { local-name($c6) } { if (not($c6\/*)) then data($c6) else for $c7 in ($c6\/@*, $c6\/*) return element { local-name($c7) } { $c7\/@*, $c7\/*, $c7\/text() } } } } } } } } <\/Invoice>"}},{"description":"","name":"NStranId","property":"NS","type":"string"}]}},{"category":"Search","failOnError":"true","forSearch":"false","label":"Search Transactions","maxRedirects":"100","name":"Search Transactions","preemptiveAuth":"true","responseEncoding":"","description":{"$t":"Search for transaction records using Customer Internal Id. Supports _payment, _invoice, & _salesOrder"},"input":{"parameter":[{"description":"NetSuite Id (internalId) for Customer","name":"customerInternalId","nogen":"true","required":"true","testWith":"","type":"string"},{"name":"transactionType","nogen":"true","required":"true","testWith":"","type":"string"}]},"binding":{"restSimpleBinding":{"multiUsing":"semicolonSeparated","url":"{$URL}","verb":"POST","httpHeaders":{"header":{"name":"SOAPAction","$t":"search"}},"body":{"$t":"<soapenv:Envelope xmlns:soapenv=\"http:\/\/schemas.xmlsoap.org\/soap\/envelope\/\" xmlns:urn=\"urn:messages_2015_1.platform.webservices.netsuite.com\" xmlns:platformCommon=\"urn:common_2015_1.platform.webservices.netsuite.com\" xmlns:platformCore=\"urn:core_2015_1.platform.webservices.netsuite.com\" xmlns:platformMsgs=\"urn:messages_2015_1.platform.webservices.netsuite.com\" xmlns:tranSales=\"urn:sales_2015_1.transactions.webservices.netsuite.com\" xmlns:listsRel=\"urn:relationships_2015_1.lists.webservices.netsuite.com\"> <soapenv:Header> <platformMsgs:passport> <platformCore:email>{$username}<\/platformCore:email> <platformCore:password>{$password}<\/platformCore:password> <platformCore:account>{$account}<\/platformCore:account> <\/platformMsgs:passport> <platformMsgs:searchPreferences> <platformMsgs:pageSize>5<\/platformMsgs:pageSize> <\/platformMsgs:searchPreferences> <\/soapenv:Header> <soapenv:Body> <platformMsgs:search> <searchRecord xsi:type=\"tranSales:TransactionSearch\"> <basic xsi:type=\"platformCommon:TransactionSearchBasic\"> <platformCommon:type operator=\"anyOf\" xsi:type=\"platformCore:SearchEnumMultiSelectField\"> <platformCore:searchValue xsi:type=\"xsd:string\">{$transactionType}<\/platformCore:searchValue> <\/platformCommon:type> <\/basic> <customerJoin xsi:type=\"platformCommon:CustomerSearchBasic\"> <platformCommon:internalIdNumber operator=\"equalTo\" xsi:type=\"platformCore:SearchLongField\"> <platformCore:searchValue xsi:type=\"xsd:long\">{$customerInternalId}<\/platformCore:searchValue> <\/platformCommon:internalIdNumber> <\/customerJoin> <\/searchRecord> <\/platformMsgs:search> <\/soapenv:Body> <\/soapenv:Envelope>"}}},"output":{"field":[{"description":"","name":"NSinvoiceList","type":"objectlist","xmlElement":"record","options":{"option":{"name":"referenceTo","$t":"Record-Invoice"}}},{"description":"","name":"NSsalesOrderList","type":"objectlist","xmlElement":"record","options":{"option":{"name":"referenceTo","$t":"SalesOrder"}}},{"description":"","name":"NSpaymentList","type":"objectlist","xmlElement":"record","options":{"option":{"name":"referenceTo","$t":"Record-Payment"}}}]}},{"category":"Operations","failOnError":"true","forSearch":"false","label":"Initialize Action","maxRedirects":"100","name":"Initialize Action","preemptiveAuth":"true","responseEncoding":"","description":{"$t":"Initialize Item Fulfillment or Invoice record for Sales Order"},"input":{"parameter":[{"name":"inputInternalID","nogen":"true","required":"true","testWith":"","type":"string"},{"name":"inputFromType","nogen":"true","required":"true","testWith":"","type":"string"},{"name":"inputInitializeType","nogen":"true","required":"true","testWith":"","type":"picklist","options":{"option":{"name":"values","$t":"[{\"value\":\"itemFulfillment\",\"label\":\"itemFulfillment\"},{\"value\":\"invoice\",\"label\":\"invoice\"}]"}}}]},"binding":{"restSimpleBinding":{"multiUsing":"semicolonSeparated","url":"{$URL}","verb":"POST","httpHeaders":{"header":{"name":"SOAPAction","$t":"initialize"}},"body":{"$t":"<soapenv:Envelope xmlns:soapenv=\"http:\/\/schemas.xmlsoap.org\/soap\/envelope\/\" xmlns:urn=\"urn:messages_2015_1.platform.webservices.netsuite.com\" xmlns:platformCommon=\"urn:common_2015_1.platform.webservices.netsuite.com\" xmlns:platformCore=\"urn:core_2015_1.platform.webservices.netsuite.com\" xmlns:platformMsgs=\"urn:messages_2015_1.platform.webservices.netsuite.com\" xmlns:tranSales=\"urn:sales_2015_1.transactions.webservices.netsuite.com\"> <soapenv:Header> <platformMsgs:passport> <platformCore:email>{$username}<\/platformCore:email> <platformCore:password>{$password}<\/platformCore:password> <platformCore:account>{$account}<\/platformCore:account> <\/platformMsgs:passport> <\/soapenv:Header> <soapenv:Body> <platformMsgs:initialize> <platformMsgs:initializeRecord> <platformCore:type>{$inputInitializeType}<\/platformCore:type> <platformCore:reference internalId=\"{$inputInternalID}\" type=\"{$inputFromType}\" \/> <\/platformMsgs:initializeRecord> <\/platformMsgs:initialize> <\/soapenv:Body> <\/soapenv:Envelope>"}}},"output":{"field":{"description":"","name":"outputInitializedFulfillment","type":"reference","xmlElement":"record","options":{"option":{"name":"referenceTo","$t":"SalesOrder"}}}}},{"category":"Operations","failOnError":"true","forSearch":"false","label":"Perform Action","maxRedirects":"100","name":"Perform Action","preemptiveAuth":"true","responseEncoding":"","description":{"$t":"Create Item Fulfillment Record for Sales Order. Uses data from Initialize Fulfillment"},"input":{"parameter":[{"name":"inputRecord","nogen":"true","required":"true","testWith":"","type":"reference","options":{"option":{"name":"referenceTo","$t":"SalesOrder"}}},{"name":"inputCreateType","nogen":"true","required":"false","testWith":"","type":"picklist","options":{"option":{"name":"values","$t":"[{\"value\":\"ItemFulfillment\",\"label\":\"ItemFulfillment\"},{\"value\":\"Invoice\",\"label\":\"Invoice\"}]"}}}]},"binding":{"restSimpleBinding":{"multiUsing":"semicolonSeparated","url":"{$URL}","verb":"POST","httpHeaders":{"header":{"name":"SOAPAction","$t":"add"}},"body":{"$t":"<soapenv:Envelope xmlns:soapenv=\"http:\/\/schemas.xmlsoap.org\/soap\/envelope\/\" xmlns:urn=\"urn:messages_2015_1.platform.webservices.netsuite.com\" xmlns:platformCommon=\"urn:common_2015_1.platform.webservices.netsuite.com\" xmlns:platformCore=\"urn:core_2015_1.platform.webservices.netsuite.com\" xmlns:platformMsgs=\"urn:messages_2015_1.platform.webservices.netsuite.com\" xmlns:tranSales=\"urn:sales_2015_1.transactions.webservices.netsuite.com\"> <soapenv:Header> <platformMsgs:passport> <platformCore:email>{$username}<\/platformCore:email> <platformCore:password>{$password}<\/platformCore:password> <platformCore:account>{$account}<\/platformCore:account> <\/platformMsgs:passport> <\/soapenv:Header> <soapenv:Body> <platformMsgs:add> <record xsi:type=\"tranSales:{$inputCreateType}\"> <tranSales:customForm xmlns:platformCore=\"urn:core_2015_1.platform.webservices.netsuite.com\" internalId=\"{$inputRecord\/\/customForm\/internalId\/data()}\" \/> <tranSales:postingPeriod xmlns:platformCore=\"urn:core_2015_1.platform.webservices.netsuite.com\" internalId=\"{$inputRecord\/\/postingPeriod\/internalId\/data()}\"><\/tranSales:postingPeriod> <tranSales:entity xmlns:platformCore=\"urn:core_2015_1.platform.webservices.netsuite.com\" internalId=\"{$inputRecord\/\/entity\/internalId\/data()}\" \/> <tranSales:createdFrom xmlns:platformCore=\"urn:core_2015_1.platform.webservices.netsuite.com\" internalId=\"{$inputRecord\/\/createdFrom\/internalId\/data()}\" \/> <tranSales:shipAddressList xmlns:platformCore=\"urn:core_2015_1.platform.webservices.netsuite.com\" internalId=\"{$inputRecord\/\/shipAddressList\/internalId\/data()}\" \/> <tranSales:tranId>{$inputRecord\/tranId\/data()}<\/tranSales:tranId> <\/record> <\/platformMsgs:add> <\/soapenv:Body> <\/soapenv:Envelope>"}}},"output":{"field":{"description":"Internal ID of record created in NetSuite","name":"NSinternalID","type":"string","xquery":{"$t":"{ \/\/*:baseRef\/@internalId }"}}}},{"category":"Search","failOnError":"true","forSearch":"false","label":"Search Item Detail","maxRedirects":"100","name":"Search Item Detail","preemptiveAuth":"true","responseEncoding":"","description":{"$t":"Search Action - Get Detailed NS Item Record"},"input":{"parameter":[{"description":"Display name for the Item","name":"displayName","required":"false","testWith":"","type":"string"},{"description":"NetSuite Internal ID for the Item","name":"internalId","nogen":"true","required":"false","testWith":"","type":"string"}]},"binding":{"restSimpleBinding":{"multiUsing":"semicolonSeparated","url":"{$URL}","verb":"POST","httpHeaders":{"header":{"name":"SOAPAction","$t":"search"}},"body":{"$t":"<Envelope xmlns=\"http:\/\/schemas.xmlsoap.org\/soap\/envelope\/\" xmlns:listRel=\"urn:relationships_2015_1.lists.webservices.netsuite.com\" xmlns:platformCommon=\"urn:common_2015_1.platform.webservices.netsuite.com\" xmlns:platformCore=\"urn:core_2015_1.platform.webservices.netsuite.com\" xmlns:platformMsgs=\"urn:messages_2015_1.platform.webservices.netsuite.com\" xmlns:xsi=\"http:\/\/www.w3.org\/2001\/XMLSchema-instance\">\n   <Header>\n      <searchPreferences xsi:type=\"SearchPreferences\">\n         <bodyFieldsOnly>false<\/bodyFieldsOnly>\n         <returnSearchColumns>true<\/returnSearchColumns>\n         <pageSize>20<\/pageSize>\n      <\/searchPreferences>\n      <passport xsi:type=\"Passport\">\n         <email>{$username}<\/email>\n         <password>{$password}<\/password>\n         <account>{$account}<\/account>\n      <\/passport>\n   <\/Header>\n   <Body>\n      <search>\n         <searchRecord xsi:type=\"platformCommon:ItemSearchBasic\">\n            <platformCommon:internalIdNumber operator=\"equalTo\">\n               <platformCore:searchValue>{$internalId}<\/platformCore:searchValue>\n            <\/platformCommon:internalIdNumber>            \n            { if (exists($displayName)) then\n            <platformCommon:displayName operator=\"contains\">\n               <platformCore:searchValue>{$displayName}<\/platformCore:searchValue>\n            <\/platformCommon:displayName>\n            else () }\n         <\/searchRecord>\n      <\/search>\n   <\/Body>\n<\/Envelope>"}}},"output":{"field":{"description":"List of Netsuite Item records","name":"scItems","type":"objectlist","xmlElement":"record","options":{"option":{"name":"referenceTo","$t":"Record-Item"}}}}},{"category":"Search","failOnError":"true","forSearch":"false","label":"Retrieve Item List","maxRedirects":"100","name":"Retrieve Item List","preemptiveAuth":"true","responseEncoding":"","description":{"$t":"Saved Search - Get List of NS Items by search criteria. Uses Saved Search in NetSuite"},"input":{"parameter":[{"name":"itemNameString","nogen":"true","required":"false","testWith":"","type":"string"},{"name":"itemType","nogen":"true","required":"true","testWith":"","type":"picklist","options":{"option":{"name":"values","$t":"[{\"value\":\"_inventoryItem\",\"label\":\"_inventoryItem\"},{\"value\":\"_nonInventoryItem\",\"label\":\"_nonInventoryItem\"}]"}}},{"name":"onlyWine","nogen":"true","required":"false","testWith":"","type":"boolean"}]},"binding":{"restSimpleBinding":{"multiUsing":"semicolonSeparated","url":"{$URL}","verb":"POST","httpHeaders":{"header":{"name":"SOAPAction","$t":"search"}},"body":{"$t":"<soapenv:Envelope xmlns:soapenv=\"http:\/\/schemas.xmlsoap.org\/soap\/envelope\/\" xmlns:urn=\"urn:messages_2015_1.platform.webservices.netsuite.com\" xmlns:platformCommon=\"urn:common_2015_1.platform.webservices.netsuite.com\" xmlns:platformCore=\"urn:core_2015_1.platform.webservices.netsuite.com\" xmlns:platformMsgs=\"urn:messages_2015_1.platform.webservices.netsuite.com\" xmlns:listAcct=\"urn:accounting_2015_1.lists.webservices.netsuite.com\" > <soapenv:Header> <searchPreferences xsi:type=\"SearchPreferences\"> <bodyFieldsOnly>false<\/bodyFieldsOnly> <returnSearchColumns>true<\/returnSearchColumns> <pageSize>20<\/pageSize> <\/searchPreferences> <platformMsgs:passport> <platformCore:email>{$username}<\/platformCore:email> <platformCore:password>{$password}<\/platformCore:password> <platformCore:account>{$account}<\/platformCore:account> <\/platformMsgs:passport> <\/soapenv:Header> <soapenv:Body> <search> <searchRecord xsi:type=\"listAcct:ItemSearchAdvanced\" savedSearchId=\"654\"> <listAcct:criteria> <listAcct:basic> { if (exists($itemNameString)) then <platformCommon:itemId operator=\"contains\"> <platformCore:searchValue>{$itemNameString}<\/platformCore:searchValue> <\/platformCommon:itemId> else () } <platformCommon:type operator=\"anyOf\"> <platformCore:searchValue>{$itemType}<\/platformCore:searchValue> <\/platformCommon:type> { if (exists($onlyWine)) then <platformCommon:parent operator=\"anyOf\" xsi:type=\"platformCore:SearchMultiSelectField\"> <platformCore:searchValue internalId=\"611\" type=\"customer\" xsi:type=\"platformCore:RecordRef\"\/> <\/platformCommon:parent> else () } <\/listAcct:basic> <\/listAcct:criteria> <\/searchRecord> <\/search> <\/soapenv:Body> <\/soapenv:Envelope>"}}},"output":{"field":{"description":"","name":"NS_MatchingItems","type":"objectlist","options":{"option":{"name":"referenceTo","$t":"SearchMatchingItem"}},"xquery":{"$t":"{ let $elem := \/\/*:searchRowList return for $c1 in ($elem\/*:searchRow) return <MatchingItem> <displayName>{$c1\/*:basic\/*:displayName\/data()}<\/displayName> <basePrice>{$c1\/*:basic\/*:basePrice\/data()}<\/basePrice> <internalId>{data($c1\/*:basic\/*:internalId\/*:searchValue\/@internalId)}<\/internalId> <itemId>{$c1\/*:basic\/*:itemId\/data()}<\/itemId> <type>{$c1\/*:basic\/*:type\/data()}<\/type> <quantityAvailable>{$c1\/*:basic\/*:quantityAvailable\/data()}<\/quantityAvailable> <parentName>{$c1\/*:parentJoin\/*:itemId\/*:searchValue\/data()}<\/parentName> <\/MatchingItem> }"}}}},{"category":"Search","failOnError":"true","forSearch":"false","label":"Get Customer By Criteria","maxRedirects":"100","name":"Get Customer By Criteria","preemptiveAuth":"true","responseEncoding":"","description":{"$t":"Search Action -- Get Customer(s) from Netsuite given supplied criteria"},"input":{"parameter":[{"description":"phone","label":"Phone","name":"phone","nogen":"true","required":"false","testWith":"","type":"string"},{"description":"email","label":"Email","name":"email","nogen":"true","required":"false","testWith":"","type":"string"},{"description":"Company name on Customer record","label":"Company","name":"company","nogen":"true","required":"false","testWith":"","type":"string"},{"description":"country","label":"Country","name":"country","nogen":"true","required":"false","testWith":"","type":"string"},{"description":"Name field from primary Contact","label":"Name","name":"contactName","nogen":"true","required":"false","testWith":"","type":"string"},{"description":"state","label":"State","name":"state","nogen":"true","required":"false","testWith":"","type":"string"}]},"binding":{"restSimpleBinding":{"multiUsing":"semicolonSeparated","url":"{$URL}","verb":"POST","httpHeaders":{"header":{"name":"SOAPAction","$t":"search"}},"body":{"$t":"<Envelope xmlns=\"http:\/\/schemas.xmlsoap.org\/soap\/envelope\/\" xmlns:ns1=\"urn:core_2015_1.platform.webservices.netsuite.com\" xmlns:ns2=\"urn:common_2015_1.platform.webservices.netsuite.com\" xmlns:ns3=\"urn:messages_2015_1.platform.webservices.netsuite.com\" xmlns:ns4=\"ns\" xmlns:xsi=\"http:\/\/www.w3.org\/2001\/XMLSchema-instance\"> <Header> <searchPreferences xsi:type=\"SearchPreferences\"> <bodyFieldsOnly>false<\/bodyFieldsOnly> <returnSearchColumns>true<\/returnSearchColumns> <pageSize>20<\/pageSize> <\/searchPreferences> <passport xsi:type=\"Passport\"> <email>{$username}<\/email> <password>{$password}<\/password> <account>{$account}<\/account> <\/passport> <\/Header> <Body> <search> <searchRecord xsi:type=\"ns2:CustomerSearchBasic\"> <ns2:email operator=\"contains\"> <ns1:searchValue>{$email}<\/ns1:searchValue> <\/ns2:email> <ns2:phone operator=\"contains\"> <ns1:searchValue>{$phone}<\/ns1:searchValue> <\/ns2:phone> <ns2:companyName operator=\"contains\"> <ns1:searchValue>{$company}<\/ns1:searchValue> <\/ns2:companyName> <ns2:state operator=\"contains\"> <ns1:searchValue>{$state}<\/ns1:searchValue> <\/ns2:state> <ns2:country operator=\"anyOf\"> <ns1:searchValue>{$country}<\/ns1:searchValue> <\/ns2:country> <\/searchRecord> <\/search> <\/Body> <\/Envelope>"}}},"output":{"field":{"description":"List of returned records","name":"record","type":"objectlist","xmlElement":"record","options":{"option":{"name":"referenceTo","$t":"refType"}}}}},{"category":"Search","failOnError":"true","forSearch":"false","label":"Get Contacts By Criteria","maxRedirects":"100","name":"Get Contacts By Criteria","preemptiveAuth":"true","responseEncoding":"","description":{"$t":"Search Action -- Get Netsuite Contacts given phone, email, firstName, or lastName"},"input":{"parameter":[{"description":"Contact's first name","label":"First Name","name":"firstName","nogen":"true","required":"false","testWith":"","type":"string"},{"description":"Contact's last name","label":"Last Name","name":"lastName","nogen":"true","required":"false","testWith":"","type":"string"},{"description":"Contact's phone number","label":"Phone","name":"phone","nogen":"true","required":"false","testWith":"","type":"string"},{"description":"Contact's email","label":"Email","name":"email","nogen":"true","required":"false","testWith":"","type":"string"}]},"binding":{"restSimpleBinding":{"multiUsing":"semicolonSeparated","url":"{$URL}","verb":"POST","httpHeaders":{"header":{"name":"SOAPAction","$t":"search"}},"body":{"$t":"<Envelope xmlns=\"http:\/\/schemas.xmlsoap.org\/soap\/envelope\/\" xmlns:ns1=\"urn:core_2015_1.platform.webservices.netsuite.com\" xmlns:ns2=\"urn:common_2015_1.platform.webservices.netsuite.com\" xmlns:ns3=\"urn:messages_2015_1.platform.webservices.netsuite.com\" xmlns:ns4=\"ns\" xmlns:xsi=\"http:\/\/www.w3.org\/2001\/XMLSchema-instance\"> <Header> <searchPreferences xsi:type=\"SearchPreferences\"> <bodyFieldsOnly>false<\/bodyFieldsOnly> <returnSearchColumns>true<\/returnSearchColumns> <pageSize>20<\/pageSize> <\/searchPreferences> <passport xsi:type=\"Passport\"> <email>{$username}<\/email> <password>{$password}<\/password> <account>{$account}<\/account> <\/passport> <\/Header> <Body> <search> <searchRecord xsi:type=\"ns2:ContactSearchBasic\"> <ns2:firstName operator=\"contains\"> <ns1:searchValue>{$firstName}<\/ns1:searchValue> <\/ns2:firstName> <ns2:lastName operator=\"contains\"> <ns1:searchValue>{$lastName}<\/ns1:searchValue> <\/ns2:lastName> <ns2:phone operator=\"contains\"> <ns1:searchValue>{$phone}<\/ns1:searchValue> <\/ns2:phone> <ns2:email operator=\"contains\"> <ns1:searchValue>{$email}<\/ns1:searchValue> <\/ns2:email> <\/searchRecord> <\/search> <\/Body> <\/Envelope>"}}},"output":{"field":{"description":"","name":"Contacts","type":"objectlist","xmlElement":"record","options":{"option":{"name":"referenceTo","$t":"Record-Contact"}}}}},{"category":"Search","failOnError":"true","forSearch":"false","label":"Get Contacts By Company","maxRedirects":"100","name":"Get Contacts By Company","preemptiveAuth":"true","responseEncoding":"","description":{"$t":"Search Action -- Get list of Contacts from Netsuite given the Company\/Customer ID"},"input":{"parameter":{"description":"Netsuite Internal ID for the Company","label":"Company ID","name":"companyId","nogen":"true","required":"true","testWith":"","type":"string"}},"binding":{"restSimpleBinding":{"multiUsing":"semicolonSeparated","url":"{$URL}","verb":"POST","httpHeaders":{"header":{"name":"SOAPAction","$t":"search"}},"body":{"$t":"<Envelope xmlns=\"http:\/\/schemas.xmlsoap.org\/soap\/envelope\/\" xmlns:ns1=\"urn:core_2015_1.platform.webservices.netsuite.com\" xmlns:ns2=\"urn:common_2015_1.platform.webservices.netsuite.com\" xmlns:ns3=\"urn:messages_2015_1.platform.webservices.netsuite.com\" xmlns:ns4=\"ns\" xmlns:xsi=\"http:\/\/www.w3.org\/2001\/XMLSchema-instance\"> <Header> <searchPreferences xsi:type=\"SearchPreferences\"> <bodyFieldsOnly>false<\/bodyFieldsOnly> <returnSearchColumns>true<\/returnSearchColumns> <pageSize>20<\/pageSize> <\/searchPreferences> <passport xsi:type=\"Passport\"> <email>{$username}<\/email> <password>{$password}<\/password> <account>{$account}<\/account> <\/passport> <\/Header> <Body> <search> <searchRecord xsi:type=\"ns2:ContactSearchBasic\"> <ns2:company operator=\"anyOf\"> <ns1:searchValue> <ns1:internalId> {$companyId} <\/ns1:internalId> <\/ns1:searchValue> <\/ns2:company> <\/searchRecord> <\/search> <\/Body> <\/Envelope>"}}},"output":{"field":{"description":"","name":"Contacts","type":"objectlist","xmlElement":"record","options":{"option":{"name":"referenceTo","$t":"Record-Contact"}}}}},{"category":"","failOnError":"true","forSearch":"false","label":"Update Item","maxRedirects":"100","name":"Update Item","preemptiveAuth":"true","responseEncoding":"","description":{},"input":{},"binding":{"restSimpleBinding":{"multiUsing":"semicolonSeparated","url":"{$URL}","verb":"GET"}},"output":{}},{"category":"Get","failOnError":"true","forSearch":"false","label":"Get Employee","maxRedirects":"100","name":"Get Employee","preemptiveAuth":"true","responseEncoding":"","description":{},"input":{"parameter":{"label":"Employee NetSuite Id","name":"NetSuiteId","nogen":"true","required":"false","testWith":"","type":"string"}},"binding":{"restSimpleBinding":{"multiUsing":"semicolonSeparated","url":"{$URL}","verb":"POST","httpHeaders":{"header":{"name":"SOAPAction","$t":"get"}},"body":{"$t":"<Envelope xmlns=\"http:\/\/schemas.xmlsoap.org\/soap\/envelope\/\" \nxmlns:listRel=\"urn:relationships_2015_1.lists.webservices.netsuite.com\" \nxmlns:platformMsgs=\"urn:messages_2015_1.platform.webservices.netsuite.com\" \nxmlns:platformCore=\"urn:core_2015_1.platform.webservices.netsuite.com\" \nxmlns:platformCommon=\"urn:common_2015_1.platform.webservices.netsuite.com\" \nxmlns:xsi=\"http:\/\/www.w3.org\/2001\/XMLSchema-instance\">\n   <Header>\n      <passport xsi:type=\"Passport\">\n         <email>{$username}<\/email>\n         <password>{$password}<\/password>\n         <account>{$account}<\/account>\n      <\/passport>\n   <\/Header>\n<Body>\n\t<platformMsgs:get>\n\t\t<platformMsgs:baseRef internalId=\"{$NetSuiteId}\" type=\"employee\" xsi:type=\"platformCore:RecordRef\">\n\t\t<\/platformMsgs:baseRef>\n\t<\/platformMsgs:get>\n<\/Body>\n<\/Envelope>"}}},"output":{}},{"category":"Create","failOnError":"true","forSearch":"false","label":"Create Employee","maxRedirects":"100","name":"Create Employee","preemptiveAuth":"true","responseEncoding":"","description":{},"input":{"parameter":[{"label":"First Name","name":"firstName","nogen":"true","required":"true","testWith":"","type":"string"},{"label":"Last Name","name":"lastName","nogen":"true","required":"true","testWith":"","type":"string"},{"label":"Email","name":"email","nogen":"true","required":"true","testWith":"","type":"string"},{"label":"Is Inactive","name":"isInactive","nogen":"true","required":"true","testWith":"","type":"picklist","options":{"option":{"name":"values","$t":"[{\"value\":\"true\",\"label\":\"true\"},{\"value\":\"false\",\"label\":\"false\"}]"}}},{"label":"Gender","name":"gender","nogen":"true","required":"false","testWith":"","type":"picklist","options":{"option":{"name":"values","$t":"[{\"value\":\"_male\",\"label\":\"_male\"},{\"value\":\"_female\",\"label\":\"_female\"}]"}}},{"label":"Salesforce User ID","name":"externalId","nogen":"true","required":"false","testWith":"","type":"string"}]},"binding":{"restSimpleBinding":{"multiUsing":"semicolonSeparated","url":"{$URL}","verb":"POST","httpHeaders":{"header":{"name":"SOAPAction","$t":"add"}},"body":{"$t":"<Envelope xmlns=\"http:\/\/schemas.xmlsoap.org\/soap\/envelope\/\" \nxmlns:listRel=\"urn:relationships_2015_1.lists.webservices.netsuite.com\" \nxmlns:platformMsgs=\"urn:messages_2015_1.platform.webservices.netsuite.com\" \nxmlns:platformCore=\"urn:core_2015_1.platform.webservices.netsuite.com\" \nxmlns:platformCommon=\"urn:common_2015_1.platform.webservices.netsuite.com\" \nxmlns:xsi=\"http:\/\/www.w3.org\/2001\/XMLSchema-instance\">\n   <Header>\n      <passport xsi:type=\"Passport\">\n         <email>{$username}<\/email>\n         <password>{$password}<\/password>\n         <account>{$account}<\/account>\n      <\/passport>\n   <\/Header>\n   <Body>\n      <add>\n                     <record xmlns:listEmp=\"urn:employees_2015_1.lists.webservices.netsuite.com\"\n                    externalId=\"{$firstName} {$lastName}\"\n                    xsi:type=\"listEmp:Employee\">\n               <listEmp:customForm xmlns:platformCore=\"urn:core_2015_1.platform.webservices.netsuite.com\"\n                                   internalId=\"115\">\n                  <platformCore:name>Ramsey Employee Form<\/platformCore:name>\n               <\/listEmp:customForm>\n               <listEmp:entityId>{$firstName} {$lastName} <\/listEmp:entityId>\n               <listEmp:firstName>{$firstName}<\/listEmp:firstName>\n               <listEmp:lastName>{$lastName}<\/listEmp:lastName>\n               <listEmp:email>{$email}<\/listEmp:email>\n               <listEmp:externalId>{$externalId}<\/listEmp:externalId>\n               <listEmp:isInactive>{$isInactive}<\/listEmp:isInactive>\n               <listEmp:department xmlns:platformCore=\"urn:core_2015_1.platform.webservices.netsuite.com\"\n                                   internalId=\"2\">\n                  <platformCore:name>Sales<\/platformCore:name>\n               <\/listEmp:department>\n               <listEmp:class xmlns:platformCore=\"urn:core_2015_1.platform.webservices.netsuite.com\"\n                              internalId=\"7\">\n                  <platformCore:name>Corporate Sales<\/platformCore:name>\n               <\/listEmp:class>\n               <listEmp:location xmlns:platformCore=\"urn:core_2015_1.platform.webservices.netsuite.com\"\n                                 internalId=\"5\">\n                  <platformCore:name>Los Angeles<\/platformCore:name>\n               <\/listEmp:location>\n               <listEmp:globalSubscriptionStatus>_softOptIn<\/listEmp:globalSubscriptionStatus>\n               <listEmp:expenseLimit>0.0<\/listEmp:expenseLimit>\n               <listEmp:purchaseOrderLimit>0.0<\/listEmp:purchaseOrderLimit>\n               <listEmp:supervisor xmlns:platformCore=\"urn:core_2015_1.platform.webservices.netsuite.com\"\n                                   internalId=\"-5\">\n                  <platformCore:name>A Wolfe<\/platformCore:name>\n               <\/listEmp:supervisor>\n               <listEmp:employeeType xmlns:platformCore=\"urn:core_2015_1.platform.webservices.netsuite.com\"\n                                     internalId=\"6\">\n                  <platformCore:name>Exempt Full Time<\/platformCore:name>\n               <\/listEmp:employeeType>\n               <listEmp:isSalesRep>false<\/listEmp:isSalesRep>\n               <listEmp:isSupportRep>false<\/listEmp:isSupportRep>\n               <listEmp:isJobResource>false<\/listEmp:isJobResource>\n               <listEmp:hireDate>2012-10-13T00:00:00.000-07:00<\/listEmp:hireDate>\n               <listEmp:lastReviewDate>2013-06-13T00:00:00.000-07:00<\/listEmp:lastReviewDate>\n               <listEmp:nextReviewDate>2013-12-15T00:00:00.000-08:00<\/listEmp:nextReviewDate>\n               <listEmp:title>Sales Director - East<\/listEmp:title>\n               <listEmp:gender>{$gender}<\/listEmp:gender>\n               <listEmp:workCalendar xmlns:platformCore=\"urn:core_2015_1.platform.webservices.netsuite.com\"\n                                     internalId=\"1\">\n                  <platformCore:name>Default Work Calendar<\/platformCore:name>\n               <\/listEmp:workCalendar>\n               <listEmp:giveAccess>false<\/listEmp:giveAccess>\n               <listEmp:concurrentWebServicesUser>false<\/listEmp:concurrentWebServicesUser>\n               <listEmp:sendEmail>false<\/listEmp:sendEmail>\n               <listEmp:requirePwdChange>false<\/listEmp:requirePwdChange>\n               <listEmp:eligibleForCommission>false<\/listEmp:eligibleForCommission>\n        <!--       <listEmp:subscriptionsList>\n                  <listEmp:subscriptions>\n                     <listEmp:subscribed>T<\/listEmp:subscribed>\n                     <listEmp:subscription>2<\/listEmp:subscription>\n                     <listEmp:lastModifiedDate>2013-10-05T16:54:15.000-07:00<\/listEmp:lastModifiedDate>\n                  <\/listEmp:subscriptions>\n                  <listEmp:subscriptions>\n                     <listEmp:subscribed>T<\/listEmp:subscribed>\n                     <listEmp:subscription>1<\/listEmp:subscription>\n                     <listEmp:lastModifiedDate>2013-10-05T16:54:15.000-07:00<\/listEmp:lastModifiedDate>\n                  <\/listEmp:subscriptions>\n                  <listEmp:subscriptions>\n                     <listEmp:subscribed>T<\/listEmp:subscribed>\n                     <listEmp:subscription>4<\/listEmp:subscription>\n                     <listEmp:lastModifiedDate>2013-10-05T16:54:15.000-07:00<\/listEmp:lastModifiedDate>\n                  <\/listEmp:subscriptions>\n                  <listEmp:subscriptions>\n                     <listEmp:subscribed>T<\/listEmp:subscribed>\n                     <listEmp:subscription>5<\/listEmp:subscription>\n                     <listEmp:lastModifiedDate>2013-10-05T16:54:15.000-07:00<\/listEmp:lastModifiedDate>\n                  <\/listEmp:subscriptions>\n                  <listEmp:subscriptions>\n                     <listEmp:subscribed>T<\/listEmp:subscribed>\n                     <listEmp:subscription>3<\/listEmp:subscription>\n                     <listEmp:lastModifiedDate>2013-10-05T16:54:15.000-07:00<\/listEmp:lastModifiedDate>\n                  <\/listEmp:subscriptions>\n               <\/listEmp:subscriptionsList> -->\n          <!--     <listEmp:customFieldList xmlns:platformCore=\"urn:core_2015_1.platform.webservices.netsuite.com\">\n                  <platformCore:customField internalId=\"696\"\n                                            scriptId=\"custentity2\"\n                                            xsi:type=\"platformCore:BooleanCustomFieldRef\">\n                     <platformCore:value>false<\/platformCore:value>\n                  <\/platformCore:customField>\n                  <platformCore:customField internalId=\"3155\"\n                                            scriptId=\"custentity_commpct\"\n                                            xsi:type=\"platformCore:DoubleCustomFieldRef\">\n                     <platformCore:value>6.0<\/platformCore:value>\n                  <\/platformCore:customField>\n               <\/listEmp:customFieldList>-->\n            <\/record>\n      <\/add>\n   <\/Body>\n<\/Envelope>"}}},"output":{"field":[{"description":"","name":"NS_Employee Internal ID","type":"string","xquery":{"$t":"{\/\/@internalId}"}},{"description":"","name":"Error Messages","type":"string","xquery":{"$t":"{ \/\/*:status\/*:statusDetail[@*:type=\"ERROR\"]\/*:message\/text() }"}},{"description":"","name":"isCreateEmployeeSuccess","type":"string","xquery":{"$t":"{ \/\/*:status\/@isSuccess }"}}]}}]},"objects":{"processObject":[{"isByCopy":"true","name":"Record-Payment","xmlns":"http:\/\/schemas.active-endpoints.com\/appmodules\/screenflow\/2011\/06\/avosHostEnvironment.xsd","description":{"$t":"Process Object for \"record\" entity: Transaction->_payment"},"detail":{"field":[{"name":"internalId","type":"string"},{"name":"type","type":"string"},{"name":"createdDate","type":"datetime"},{"name":"lastModifiedDate","type":"datetime"},{"name":"customer","type":"reference","options":{"option":[{"name":"referenceTo","$t":"refType"},{"name":"relationshipName","$t":"Child"}]}},{"name":"pending","type":"string"},{"name":"currency","type":"reference","options":{"option":[{"name":"referenceTo","$t":"refType"},{"name":"relationshipName","$t":"Child"}]}},{"name":"payment","type":"string"},{"name":"tranDate","type":"datetime"},{"name":"postingPeriod","type":"reference","options":{"option":[{"name":"referenceTo","$t":"refType"},{"name":"relationshipName","$t":"Child"}]}},{"name":"currencyName","type":"string"},{"name":"exchangeRate","type":"string"},{"name":"ccApproved","type":"string"},{"name":"account","type":"reference","options":{"option":[{"name":"referenceTo","$t":"refType"},{"name":"relationshipName","$t":"Child"}]}},{"name":"applied","type":"string"},{"name":"unapplied","type":"string"},{"name":"status","type":"string"}]}},{"isByCopy":"true","name":"Record-Invoice","xmlns":"http:\/\/schemas.active-endpoints.com\/appmodules\/screenflow\/2011\/06\/avosHostEnvironment.xsd","description":{"$t":"Process Object for \"record\" entity: Transaction->_invoice"},"detail":{"field":[{"name":"internalId","type":"string"},{"name":"type","type":"string"},{"name":"createdDate","type":"datetime"},{"name":"lastModifiedDate","type":"datetime"},{"name":"entity","type":"reference","options":{"option":[{"name":"referenceTo","$t":"refType"},{"name":"relationshipName","$t":"Child"}]}},{"name":"tranDate","type":"datetime"},{"name":"tranId","type":"string"},{"name":"source","type":"string"},{"name":"postingPeriod","type":"reference","options":{"option":[{"name":"referenceTo","$t":"refType"},{"name":"relationshipName","$t":"Child"}]}},{"name":"terms","type":"reference","options":{"option":[{"name":"referenceTo","$t":"refType"},{"name":"relationshipName","$t":"Child"}]}},{"name":"subsidiary","type":"reference","options":{"option":[{"name":"referenceTo","$t":"refType"},{"name":"relationshipName","$t":"Child"}]}},{"name":"currency","type":"reference","options":{"option":[{"name":"referenceTo","$t":"refType"},{"name":"relationshipName","$t":"Child"}]}},{"name":"dueDate","type":"datetime"},{"name":"salesRep","type":"reference","options":{"option":[{"name":"referenceTo","$t":"refType"},{"name":"relationshipName","$t":"Child"}]}},{"name":"account","type":"reference","options":{"option":[{"name":"referenceTo","$t":"refType"},{"name":"relationshipName","$t":"Child"}]}},{"name":"exchangeRate","type":"string"},{"name":"currencyName","type":"string"},{"name":"toBePrinted","type":"string"},{"name":"toBeEmailed","type":"string"},{"name":"toBeFaxed","type":"string"},{"name":"billAddress","type":"string"},{"name":"transactionShipAddress","type":"reference","options":{"option":[{"name":"referenceTo","$t":"transactionShipAddress"},{"name":"relationshipName","$t":"Child"}]}},{"name":"shipAddress","type":"string"},{"name":"subTotal","type":"string"},{"name":"revenueStatus","type":"string"},{"name":"recognizedRevenue","type":"string"},{"name":"deferredRevenue","type":"string"},{"name":"revRecOnRevCommitment","type":"string"},{"name":"taxTotal","type":"string"},{"name":"total","type":"string"},{"name":"status","type":"string"},{"name":"email","type":"string"},{"name":"itemCostDiscPrint","type":"string"},{"name":"expCostDiscPrint","type":"string"},{"name":"tranIsVsoeBundle","type":"string"},{"name":"customFieldList","type":"reference","options":{"option":[{"name":"referenceTo","$t":"customFieldList"},{"name":"relationshipName","$t":"Child"}]}},{"name":"memo","type":"string"},{"name":"transactionBillAddress","type":"reference","options":{"option":[{"name":"referenceTo","$t":"transactionBillAddress"},{"name":"relationshipName","$t":"Child"}]}}]}},{"isByCopy":"true","name":"SalesOrder","xmlns":"http:\/\/schemas.active-endpoints.com\/appmodules\/screenflow\/2011\/06\/avosHostEnvironment.xsd","description":{"$t":"Process Object for \"record\" entity: Transaction->_salesOrder"},"detail":{"field":[{"name":"internalId","type":"string"},{"name":"type","type":"string"},{"name":"createdDate","type":"string"},{"name":"customForm","type":"reference","options":{"option":[{"name":"referenceTo","$t":"refType"},{"name":"relationshipName","$t":"Child"}]}},{"name":"entity","type":"reference","options":{"option":[{"name":"referenceTo","$t":"refType"},{"name":"relationshipName","$t":"Child"}]}},{"name":"currency","type":"reference","options":{"option":[{"name":"referenceTo","$t":"refType"},{"name":"relationshipName","$t":"Child"}]}},{"name":"drAccount","type":"reference","options":{"option":[{"name":"referenceTo","$t":"refType"},{"name":"relationshipName","$t":"Child"}]}},{"name":"fxAccount","type":"reference","options":{"option":[{"name":"referenceTo","$t":"refType"},{"name":"relationshipName","$t":"Child"}]}},{"name":"tranDate","type":"string"},{"name":"tranId","type":"string"},{"name":"orderStatus","type":"string"},{"name":"salesRep","type":"reference","options":{"option":[{"name":"referenceTo","$t":"refType"},{"name":"relationshipName","$t":"Child"}]}},{"name":"startDate","type":"string"},{"name":"endDate","type":"string"},{"name":"exchangeRate","type":"string"},{"name":"currencyName","type":"string"},{"name":"discountItem","type":"reference","options":{"option":[{"name":"referenceTo","$t":"refType"},{"name":"relationshipName","$t":"Child"}]}},{"name":"discountRate","type":"string"},{"name":"toBePrinted","type":"string"},{"name":"toBeEmailed","type":"string"},{"name":"toBeFaxed","type":"string"},{"name":"fax","type":"string"},{"name":"transactionBillAddress","type":"reference","options":{"option":[{"name":"referenceTo","$t":"transactionBillAddress"},{"name":"relationshipName","$t":"Child"}]}},{"name":"billAddressList","type":"reference","options":{"option":[{"name":"referenceTo","$t":"refType"},{"name":"relationshipName","$t":"Child"}]}},{"name":"billAddress","type":"string"},{"name":"transactionShipAddress","type":"reference","options":{"option":[{"name":"referenceTo","$t":"transactionShipAddress"},{"name":"relationshipName","$t":"Child"}]}},{"name":"shipAddressList","type":"reference","options":{"option":[{"name":"referenceTo","$t":"refType"},{"name":"relationshipName","$t":"Child"}]}},{"name":"shipAddress","type":"string"},{"name":"saveOnAuthDecline","type":"string"},{"name":"revenueStatus","type":"string"},{"name":"recognizedRevenue","type":"string"},{"name":"deferredRevenue","type":"string"},{"name":"revRecOnRevCommitment","type":"string"},{"name":"revCommitStatus","type":"string"},{"name":"ccApproved","type":"string"},{"name":"getAuth","type":"string"},{"name":"subTotal","type":"string"},{"name":"discountTotal","type":"string"},{"name":"taxTotal","type":"string"},{"name":"total","type":"string"},{"name":"balance","type":"string"},{"name":"class","type":"reference","options":{"option":[{"name":"referenceTo","$t":"refType"},{"name":"relationshipName","$t":"Child"}]}},{"name":"subsidiary","type":"reference","options":{"option":[{"name":"referenceTo","$t":"refType"},{"name":"relationshipName","$t":"Child"}]}},{"name":"lastModifiedDate","type":"string"},{"name":"status","type":"string"},{"name":"terms","type":"reference","options":{"option":[{"name":"referenceTo","$t":"refType"},{"name":"relationshipName","$t":"Child"}]}},{"name":"tranIsVsoeBundle","type":"string"},{"name":"itemList","type":"reference","options":{"option":[{"name":"referenceTo","$t":"itemList"},{"name":"relationshipName","$t":"Child"}]}},{"name":"customFieldList","type":"reference","options":{"option":[{"name":"referenceTo","$t":"customFieldList"},{"name":"relationshipName","$t":"Child"}]}},{"name":"otherRefNum","type":"string"},{"name":"memo","type":"string"},{"name":"externalId","type":"string"},{"name":"linkedTrackingNumbers","type":"string"},{"name":"shipDate","type":"string"}]}},{"isByCopy":"true","name":"statusDetail","xmlns":"http:\/\/schemas.active-endpoints.com\/appmodules\/screenflow\/2011\/06\/avosHostEnvironment.xsd","description":{"$t":"For Capturing Error Messages"},"detail":{"field":[{"name":"type","type":"string"},{"name":"code","type":"string"},{"name":"message","type":"string"}]}},{"isByCopy":"true","name":"SearchMatchingItem","xmlns":"http:\/\/schemas.active-endpoints.com\/appmodules\/screenflow\/2011\/06\/avosHostEnvironment.xsd","description":{"$t":"Process Object for Item returned by reference to NetSuite Saved Search"},"detail":{"field":[{"name":"displayName","type":"string"},{"name":"basePrice","type":"string"},{"name":"itemId","type":"string"},{"name":"quantityAvailable","type":"string"},{"name":"parentName","type":"string"},{"name":"internalId","type":"string"},{"name":"type","type":"string"}]}},{"isByCopy":"true","name":"Record-Employee","xmlns":"http:\/\/schemas.active-endpoints.com\/appmodules\/screenflow\/2011\/06\/avosHostEnvironment.xsd","description":{"$t":"An automatically generated process object"},"detail":{"field":[{"name":"externalId","type":"string"},{"name":"internalId","type":"int"},{"name":"type","type":"string"},{"name":"customForm","type":"reference","options":{"option":[{"name":"referenceTo","$t":"customForm"},{"name":"relationshipName","$t":"Child"}]}},{"name":"entityId","type":"string"},{"name":"firstName","type":"string"},{"name":"lastName","type":"string"},{"name":"email","type":"string"},{"name":"isInactive","type":"boolean"},{"name":"lastModifiedDate","type":"datetime"},{"name":"dateCreated","type":"string"},{"name":"initials","type":"string"},{"name":"department","type":"reference","options":{"option":[{"name":"referenceTo","$t":"department"},{"name":"relationshipName","$t":"Child"}]}},{"name":"class","type":"reference","options":{"option":[{"name":"referenceTo","$t":"class"},{"name":"relationshipName","$t":"Child"}]}},{"name":"location","type":"reference","options":{"option":[{"name":"referenceTo","$t":"location"},{"name":"relationshipName","$t":"Child"}]}},{"name":"globalSubscriptionStatus","type":"string"},{"name":"expenseLimit","type":"double"},{"name":"purchaseOrderLimit","type":"double"},{"name":"supervisor","type":"reference","options":{"option":[{"name":"referenceTo","$t":"supervisor"},{"name":"relationshipName","$t":"Child"}]}},{"name":"employeeType","type":"reference","options":{"option":[{"name":"referenceTo","$t":"employeeType"},{"name":"relationshipName","$t":"Child"}]}},{"name":"isSalesRep","type":"boolean"},{"name":"isSupportRep","type":"boolean"},{"name":"isJobResource","type":"boolean"},{"name":"hireDate","type":"datetime"},{"name":"lastReviewDate","type":"datetime"},{"name":"nextReviewDate","type":"datetime"},{"name":"title","type":"string"},{"name":"gender","type":"string"},{"name":"workCalendar","type":"reference","options":{"option":[{"name":"referenceTo","$t":"workCalendar"},{"name":"relationshipName","$t":"Child"}]}},{"name":"giveAccess","type":"string"},{"name":"concurrentWebServicesUser","type":"string"},{"name":"sendEmail","type":"string"},{"name":"requirePwdChange","type":"string"},{"name":"eligibleForCommission","type":"string"},{"name":"subscriptionsList","type":"reference","options":{"option":[{"name":"referenceTo","$t":"subscriptionsList"},{"name":"relationshipName","$t":"Child"}]}},{"name":"customFieldList","type":"reference","options":{"option":[{"name":"referenceTo","$t":"customFieldList"},{"name":"relationshipName","$t":"Child"}]}}]}},{"isByCopy":"true","name":"customForm","xmlns":"http:\/\/schemas.active-endpoints.com\/appmodules\/screenflow\/2011\/06\/avosHostEnvironment.xsd","description":{"$t":"An automatically generated process object"},"detail":{"field":[{"name":"internalId","type":"int"},{"name":"name","type":"string"}]}},{"isByCopy":"true","name":"department","xmlns":"http:\/\/schemas.active-endpoints.com\/appmodules\/screenflow\/2011\/06\/avosHostEnvironment.xsd","description":{"$t":"An automatically generated process object"},"detail":{"field":[{"name":"internalId","type":"int"},{"name":"name","type":"string"}]}},{"isByCopy":"true","name":"class","xmlns":"http:\/\/schemas.active-endpoints.com\/appmodules\/screenflow\/2011\/06\/avosHostEnvironment.xsd","description":{"$t":"An automatically generated process object"},"detail":{"field":[{"name":"internalId","type":"int"},{"name":"name","type":"string"}]}},{"isByCopy":"true","name":"location","xmlns":"http:\/\/schemas.active-endpoints.com\/appmodules\/screenflow\/2011\/06\/avosHostEnvironment.xsd","description":{"$t":"An automatically generated process object"},"detail":{"field":[{"name":"internalId","type":"int"},{"name":"name","type":"string"}]}},{"isByCopy":"true","name":"supervisor","xmlns":"http:\/\/schemas.active-endpoints.com\/appmodules\/screenflow\/2011\/06\/avosHostEnvironment.xsd","description":{"$t":"An automatically generated process object"},"detail":{"field":[{"name":"internalId","type":"int"},{"name":"name","type":"string"}]}},{"isByCopy":"true","name":"employeeType","xmlns":"http:\/\/schemas.active-endpoints.com\/appmodules\/screenflow\/2011\/06\/avosHostEnvironment.xsd","description":{"$t":"An automatically generated process object"},"detail":{"field":[{"name":"internalId","type":"int"},{"name":"name","type":"string"}]}},{"isByCopy":"true","name":"workCalendar","xmlns":"http:\/\/schemas.active-endpoints.com\/appmodules\/screenflow\/2011\/06\/avosHostEnvironment.xsd","description":{"$t":"An automatically generated process object"},"detail":{"field":[{"name":"internalId","type":"int"},{"name":"name","type":"string"}]}}]}}},"GUID":{"$t":"0u3VMenOFtqcwAJhQ5tWwA"},"DisplayName":{"$t":"NetSuite API"}}