{"EntryId":{"$t":"AT4W6jKsJlv58pI-gt-173515-2018-08-30T01:20:13.421Z::conn.xml"},"Name":{"$t":"NetSuite-API-actions-1"},"ParentFlowIds":{"$t":"w4ARW8UBM7zsZvE-gt-796963-2018-08-30T01:20:13.59Z::pd.xml,UJQhtGci3zymbdu-gt-805825-2018-08-30T01:20:13.752Z::pd.xml"},"MimeType":{"$t":"application\/xml+connection"},"Description":{},"AppliesTo":{},"Tags":{},"VersionLabel":{"$t":"1.0"},"State":{"$t":"CURRENT"},"ProcessGroup":{},"CreatedBy":{"$t":"gstasko@svccon.com"},"CreationDate":{"$t":"2018-08-30T01:20:13Z"},"ModifiedBy":{},"PublicationStatus":{"$t":"unpublished"},"AutosaveExists":{"$t":"false"},"Entry":{"connection":{"displayName":"NetSuite-API-actions","label":"NetSuite-API-actions-3","name":"NetSuite-API-actions-1","xmlns":"http:\/\/schemas.informatica.com\/socrates\/data-services\/2014\/04\/avosConnections.xsd","xmlns$aetgt":"http:\/\/schemas.active-endpoints.com\/appmodules\/repository\/2010\/10\/avrepository.xsd","description":{},"tags":{},"agent":{},"attributes":{"attribute":[{"encrypted":"false","name":"username","value":"pparekh@informatica.com"},{"encrypted":"true","name":"password","value":""},{"encrypted":"false","name":"account","value":"TSTDRV1081638"},{"encrypted":"false","name":"URL","value":"https:\/\/webservices.na1.netsuite.com\/services\/NetSuitePort_2015_1"}]},"businessConnector":{"agentOnly":"false","connectorPath":"project:\/rt.connector\/NetSuite_API_3\/NetSuite_API_3_svcDef.xml","guid":"0u3VMenOFtqcwAJhQ5tWwA","name":"NetSuite_API-3","supportsConnectionTest":"false","uuid":"1aecf54c-537a-440a-aae6-60bb281f29c5","xmlns":"http:\/\/schemas.informatica.com\/appmodules\/screenflow\/2014\/04\/avosConnectors.xsd","description":{"$t":"Provides NetSuite Services: Get, Create, Update, Search - Items, Records, and Transactions."}}}},"GUID":{"$t":"8spuUhBKbr7c1M8WAsYyIg"},"DisplayName":{"$t":"NetSuite-API-actions"}}