{"EntryId":{"$t":"Um8zbgdwUiQLnzY-gt-509181-2018-09-12T16:36:50.756Z::pd.xml"},"Name":{"$t":"NetSuite_Customer_Update"},"MimeType":{"$t":"application\/xml+process"},"Description":{"$t":"Takes as input the NetSuite customer number, customer name, and the new phone number.\n\nThe NetSuite credentials are specified in the Connection."},"AppliesTo":{},"Tags":{"$t":".anonymous"},"VersionLabel":{"$t":"1.0"},"State":{"$t":"CURRENT"},"ProcessGroup":{},"CreatedBy":{"$t":"gstasko@UW-POC.edu"},"CreationDate":{"$t":"2018-09-12T16:36:51Z"},"ModifiedBy":{"$t":"gstasko@UW-POC.edu"},"ModificationDate":{"$t":"2018-09-12T17:10:40Z"},"PublicationStatus":{"$t":"unpublished"},"AutosaveExists":{"$t":"false"},"Entry":{"process":{"displayName":"NetSuite Customer Update","name":"NetSuite_Customer_Update","xmlns":"http:\/\/schemas.active-endpoints.com\/appmodules\/screenflow\/2010\/10\/avosScreenflow.xsd","xmlns$aetgt":"http:\/\/schemas.active-endpoints.com\/appmodules\/repository\/2010\/10\/avrepository.xsd","xmlns$list":"urn:activevos:spi:list:functions","appliesTo":{},"description":{"$t":"Takes as input the NetSuite customer number, customer name, and the new phone number.\n\nThe NetSuite credentials are specified in the Connection."},"tags":{"$t":".anonymous"},"generator":{"$t":"Informatica Process Designer 9"},"input":{"parameter":[{"description":"","name":"InputCustomerID","type":"string","options":{"option":{"name":"required","$t":"false"}}},{"description":"","name":"InputPhone","type":"phone","options":{"option":{"name":"required","$t":"false"}}},{"description":"","name":"InputCoName","type":"string","options":{"option":{"name":"required","$t":"false"}}}]},"output":{"field":[{"description":"","name":"o_CustomerName","type":"string","options":{"option":{"name":"required","$t":"false"}}},{"description":"","name":"o_CustomerPhone","type":"string","options":{"option":{"name":"required","$t":"false"}}},{"description":"","name":"o_CustomerBalance","type":"string","options":{"option":{"name":"required","$t":"false"}}},{"description":"","name":"o_CustomerEmail","type":"string","options":{"option":{"name":"required","$t":"false"}}},{"description":"","name":"o_InputID","type":"string","options":{"option":{"name":"required","$t":"false"}}},{"description":"","name":"o_Status","type":"string","options":{"option":{"name":"required","$t":"false"}}},{"description":"","name":"o_ErrorMessages","type":"string","options":{"option":{"name":"required","$t":"false"}}}]},"notes":{},"deployment":{"suspendOnFault":"false","tracingLevel":"verbose","rest":{"allowAnonymousAccess":{}}},"flow":{"id":"a","start":{"id":"b","link":{"id":"jl1pyld5","targetId":"jl1pyld4"}},"service":{"id":"jl1pyld4","title":{"$t":"Update Customer Info"},"serviceName":{"$t":"NetSuite-API-actions:Update Customer"},"serviceGUID":{"$t":"0QDLgUjQsw7h3jyQB8FgWP"},"serviceInput":{"parameter":[{"name":"NetSuiteId","source":"field","updatable":"true","$t":"input.InputCustomerID"},{"name":"phone","source":"field","updatable":"true","$t":"input.InputPhone"},{"name":"companyName","source":"field","updatable":"true","$t":"input.InputCoName"}]},"link":{"id":"jl1qjig2","targetId":"jl1qjig1"}},"container":{"id":"jl1qjig1","type":"exclusive","title":{"$t":"Did the update succeed?"},"flow":[{"id":"jl1qjig5","service":{"id":"jl1qjih4","title":{"$t":"Get Customer record to echo changes"},"serviceName":{"$t":"NetSuite-API-actions:Get Customer"},"serviceGUID":{"$t":"0QDLgUjQsw7h3jyQB8FgWP"},"serviceInput":{"parameter":{"name":"NetSuiteId","source":"field","updatable":"true","$t":"input.InputCustomerID"}},"link":{"id":"jl1qjihx","targetId":"jl1qjihw"}},"assignment":{"id":"jl1qjihw","title":{"$t":"Map Outputs"},"operation":[{"source":"field","to":"output.o_CustomerName","$t":"output.NS_Customer Company Name"},{"source":"field","to":"output.o_CustomerBalance","$t":"output.NS_Customer Balance"},{"source":"field","to":"output.o_CustomerPhone","$t":"output.NS_Customer Phone"},{"source":"field","to":"output.o_CustomerEmail","$t":"output.NS_Customer Email"},{"source":"field","to":"output.o_InputID","$t":"input.InputCustomerID"}]},"link":{"id":"jl1qjig6","targetId":"jl1qjig1","type":"containerLink"}},{"id":"jl1qjig8","assignment":{"id":"jl1qjiiv","title":{"$t":"Get Errors"},"operation":[{"source":"field","to":"output.o_ErrorMessages","$t":"output.errorMessages"},{"source":"constant","to":"output.o_Status","$t":"The update failed."}]},"link":{"id":"jl1qjig9","targetId":"jl1qjig1","type":"containerLink"}}],"link":[{"id":"jl1qjig4","targetId":"jl1qjig5","type":"containerLink","condition":{"source":"formula","function":{"name":"true","arg":{"name":"field","$t":"{$output.isUpdateCRSuccess}"}}}},{"id":"jl1qjig7","targetId":"jl1qjig8","type":"containerLink","condition":{"source":"formula","function":{"name":"false","arg":{"name":"field","$t":"{$output.isUpdateCRSuccess}"}}}},{"id":"jl1qjihh","targetId":"c"}]},"end":{"id":"c"}}}},"GUID":{"$t":"2oNkED2IhLWh58JGzTlwwx"},"DisplayName":{"$t":"NetSuite Customer Update"}}