{"EntryId":{"$t":"FvfQtvTxhFdw8jI-gt-2858452-2018-09-12T16:36:50.513Z::conn.xml"},"Name":{"$t":"NetSuite-API-actions"},"ParentFlowIds":{"$t":"Um8zbgdwUiQLnzY-gt-509181-2018-09-12T16:36:50.756Z::pd.xml,Ykaaa-gt-509191-2018-09-12T16:36:50.807Z::pd.xml"},"MimeType":{"$t":"application\/xml+connection"},"Description":{},"AppliesTo":{},"Tags":{},"VersionLabel":{"$t":"1.0"},"State":{"$t":"CURRENT"},"ProcessGroup":{},"CreatedBy":{"$t":"gstasko@UW-POC.edu"},"CreationDate":{"$t":"2018-09-12T16:36:51Z"},"ModifiedBy":{"$t":"gstasko@UW-POC.edu"},"ModificationDate":{"$t":"2018-09-12T17:12:50Z"},"PublicationStatus":{"$t":"unpublished"},"AutosaveExists":{"$t":"false"},"Entry":{"connection":{"displayName":"NetSuite-API-actions","label":"NetSuite-API-actions","name":"NetSuite-API-actions","xmlns":"http:\/\/schemas.informatica.com\/socrates\/data-services\/2014\/04\/avosConnections.xsd","xmlns$aetgt":"http:\/\/schemas.active-endpoints.com\/appmodules\/repository\/2010\/10\/avrepository.xsd","description":{},"tags":{},"agent":{},"attributes":{"attribute":[{"encrypted":"false","name":"username","value":""},{"encrypted":"true","name":"password","value":""},{"encrypted":"false","name":"account","value":""},{"encrypted":"false","name":"URL","value":""}]},"businessConnector":{"agentOnly":"false","connectorPath":"project:\/rt.connector\/NetSuite_API\/NetSuite_API_svcDef.xml","guid":"49UhfgjB98PbCn2AZMFmQg","name":"NetSuite_API","supportsConnectionTest":"false","uuid":"1aecf54c-537a-440a-aae6-60bb281f29c5","xmlns":"http:\/\/schemas.informatica.com\/appmodules\/screenflow\/2014\/04\/avosConnectors.xsd","description":{"$t":"Provides NetSuite Services: Get, Create, Update, Search - Items, Records, and Transactions."}}}},"GUID":{"$t":"0QDLgUjQsw7h3jyQB8FgWP"},"DisplayName":{"$t":"NetSuite-API-actions"}}