objectPath,objectName,objectType,id
/Explore/JenkinsPipelinePROD,Enterprise Data Warehousing through API,TASKFLOW,4aCGWkgKM4nkFQ8vYFL56j
/Explore/JenkinsPipelinePROD,Marketo-Lead-Database-API-actions-Jenkins-Demo,AI_CONNECTION,99DMjRFG9qSjnz83ar8xqN
/Explore/JenkinsPipelinePROD,MCT_TopInvoice,MTT,4XKeUi7wTcdjiIpWUeH3Ks
/Explore/JenkinsPipelinePROD,MCT_TopStockCode,MTT,2h2oNtDY4whhIYXg7SGEie
/Explore/JenkinsPipelinePROD,TopCustomers,DTEMPLATE,ft1X1IgilETiXHvoDL8wm3
/SYS,bs3e1cdb1z,AgentGroup,1GCoGzLcx0zbBJCHdKULaX
/Explore/JenkinsPipelinePROD,Gather Insights,TASKFLOW,hnA2Um4YBEFgW0NTML89m9
/SYS,MySQL_sales_DW,Connection,9Vu63gRBru4jysKSMje8aV
/SYS,FlatFile_sales_DW,Connection,6cvwQmEa3c7eW7GfYKRS0S
/Explore/JenkinsPipelinePROD,Marketo API Business Process Jenkins Demo,PROCESS,fdSL9n9UWQdduACVJQNjoe
/Explore/JenkinsPipelinePROD,MCT_TopCustomers,MTT,79jBkrjeZhIe2DUISsJkwD
/Explore/JenkinsPipelinePROD,TopInvoice,DTEMPLATE,1t3tEo4O8MSjaeEemvhi4o
/Explore/JenkinsPipelinePROD,Write to Warehouse,DTEMPLATE,3N7g8fdKDbjf9IrmKD8buk
/Explore/JenkinsPipelinePROD,MCT Write to Warehouse,MTT,kBthdHOiu2Gl6zCstHO9kU
/Explore/JenkinsPipelinePROD,TopStockCode,DTEMPLATE,5hua46yt7W1iomf65MoEah
/Explore,JenkinsPipelinePROD,Project,1fFDLLG0ymQdxIQJmt4Tcn
/Explore/JenkinsPipelinePROD,Marketo Lead Database API Jenkins Demo,AI_SERVICE_CONNECTOR,dWda2PHFwEwjfD3Kw7sLiU
/Explore/JenkinsPipelinePROD,Marketo Identity API Jenkins Demo,AI_SERVICE_CONNECTOR,5J1efVEtGONeJnrOdQVpah
/Explore/JenkinsPipelinePROD,Marketo-Identity-API-actions-Jenkins-Demo,AI_CONNECTION,abZYxQxIKOzgbBa295kE4D