{"EntryId":{"$t":"77duD2L5SeE1KoJ-gt-57189-2018-07-17T20:31:03.694Z::pd.xml"},"Name":{"$t":"SCM_Export_to_Git"},"MimeType":{"$t":"application\/xml+process"},"Description":{"$t":"This process implements partial Source Code Management. It exports the Cloud Assets using IICS REST API and checks them in Git using Git Contents API."},"AppliesTo":{},"Tags":{"$t":".anonymous"},"VersionLabel":{"$t":"1.0"},"State":{"$t":"CURRENT"},"ProcessGroup":{},"CreatedBy":{"$t":"smanes@informatica.com.demo.ga"},"CreationDate":{"$t":"2018-07-17T20:31:04Z"},"ModifiedBy":{"$t":"smanes@informatica.com.demo.ga"},"ModificationDate":{"$t":"2018-08-22T17:40:48Z"},"PublicationStatus":{"$t":"published"},"PublishedBy":{"$t":"smanes@informatica.com.demo.ga"},"PublicationDate":{"$t":"2018-09-05T15:39:53Z"},"PublishedContributionId":{"$t":"project:\/spi.SCM_Export_to_Git\/SCM_Export_to_Git.pd.xml"},"AutosaveExists":{"$t":"false"},"Entry":{"process":{"displayName":"SCM Export to Git","name":"SCM_Export_to_Git","xmlns":"http:\/\/schemas.active-endpoints.com\/appmodules\/screenflow\/2010\/10\/avosScreenflow.xsd","xmlns$aetgt":"http:\/\/schemas.active-endpoints.com\/appmodules\/repository\/2010\/10\/avrepository.xsd","xmlns$list":"urn:activevos:spi:list:functions","appliesTo":{},"description":{"$t":"This process implements partial Source Code Management. It exports the Cloud Assets using IICS REST API and checks them in Git using Git Contents API."},"tags":{"$t":".anonymous"},"generator":{"$t":"Informatica Process Designer 9"},"input":{"parameter":[{"description":"","name":"IICS Username","required":"true","type":"string","options":{"option":{"name":"required","$t":"false"}}},{"description":"","name":"IICS Password","required":"true","type":"string","options":{"option":{"name":"required","$t":"false"}}},{"description":"","name":"IICS Hostname","required":"true","type":"string","options":{"option":{"name":"required","$t":"false"}}},{"description":"","name":"Object Path","required":"true","type":"string","options":{"option":{"name":"required","$t":"false"}}},{"description":"","name":"Object Type","required":"true","type":"string","options":{"option":{"name":"required","$t":"false"}}},{"description":"","name":"Enable Source Control","required":"true","type":"string","options":{"option":{"name":"required","$t":"false"}}}]},"output":{"field":[{"description":"","name":"Login Status","type":"string","options":{"option":{"name":"required","$t":"false"}}},{"description":"","name":"Export Status","type":"string","options":{"option":{"name":"required","$t":"false"}}},{"description":"","name":"SCM Checkin Status","type":"string","options":{"option":{"name":"required","$t":"false"}}}]},"tempFields":{"field":[{"description":"","name":"LoginRequest","type":"reference","options":{"option":[{"name":"referenceTo","$t":"IICS-REST-API-actions:LoginRequest"},{"name":"required","$t":"false"},{"name":"isCopy","$t":"true"},{"name":"guid","$t":"1sV4HmNDyqfdE8CMkuit6g"}]}},{"description":"","name":"LookupRequest","type":"reference","options":{"option":[{"name":"referenceTo","$t":"IICS-REST-API-actions:LookUpRequest"},{"name":"required","$t":"false"},{"name":"isCopy","$t":"true"},{"name":"guid","$t":"1sV4HmNDyqfdE8CMkuit6g"}]}},{"description":"","name":"StartExportJobRequest","type":"reference","options":{"option":[{"name":"referenceTo","$t":"IICS-REST-API-actions:StartExportJobRequest"},{"name":"required","$t":"false"},{"name":"isCopy","$t":"true"},{"name":"guid","$t":"1sV4HmNDyqfdE8CMkuit6g"}]}},{"description":"","name":"UploadImportPackageRequest","type":"reference","options":{"option":[{"name":"referenceTo","$t":"IICS-REST-API-actions:UploadImportPackageRequest"},{"name":"required","$t":"false"},{"name":"isCopy","$t":"true"},{"name":"guid","$t":"1sV4HmNDyqfdE8CMkuit6g"}]}}]},"notes":{},"deployment":{"suspendOnFault":"false","tracingLevel":"verbose","rest":{"allowAnonymousAccess":{}}},"flow":{"id":"a","start":{"id":"b","link":{"id":"ji5pmu5f","targetId":"ji5pmu5e"}},"assignment":[{"id":"ji5pmu5e","title":{"$t":"Create Login Request"},"operation":[{"source":"field","to":"temp.LoginRequest[1]\/username","$t":"input.IICS Username"},{"source":"field","to":"temp.LoginRequest[1]\/password","$t":"input.IICS Password"}],"link":{"id":"ji5pmu5g","targetId":"ji5pmu56"}},{"id":"jib6vzjd","title":{"$t":"Create Lookup Request"},"operation":[{"source":"field","to":"temp.LookupRequest[1]\/objects[1]\/path","$t":"input.Object Path"},{"source":"field","to":"temp.LookupRequest[1]\/objects[1]\/type","$t":"input.Object Type"}],"link":{"id":"jib6vzjf","targetId":"ji5r8c63"}},{"id":"jib6vzj4","title":{"$t":"Create Export Request"},"operation":{"source":"field","to":"temp.StartExportJobRequest[1]\/objects[1]\/id","$t":"output.LookUpResponse[1]\/objects[1]\/id"},"link":{"id":"jibamrwb","targetId":"jibamrwa"}}],"service":[{"id":"ji5pmu56","title":{"$t":"Login to IICS"},"serviceName":{"$t":"IICS-REST-API-actions:SaasPublicCoreV3LoginPost"},"serviceGUID":{"$t":"1sV4HmNDyqfdE8CMkuit6g"},"serviceInput":{"parameter":[{"name":"body","source":"field","$t":"temp.LoginRequest"},{"name":"hostName","source":"field","updatable":"true","$t":"input.IICS Hostname"}]},"link":{"id":"jib6vzje","targetId":"jib6vzjd"}},{"id":"ji5r8c63","title":{"$t":"Lookup Objects to be Exported"},"serviceName":{"$t":"IICS-REST-API-actions:PublicCoreV3LookupPost"},"serviceGUID":{"$t":"1sV4HmNDyqfdE8CMkuit6g"},"serviceInput":{"parameter":[{"name":"INFA_SESSION_ID","source":"field","updatable":"true","$t":"output.LoginResponse[1]\/userInfo[1]\/sessionId"},{"name":"body","source":"field","$t":"temp.LookupRequest"},{"name":"hostName","source":"field","updatable":"true","$t":"output.LoginResponse[1]\/products[1]\/baseApiUrl"}]},"link":{"id":"jib6vzj5","targetId":"jib6vzj4"}},{"id":"jibamrwa","title":{"$t":"Start Objects Export"},"serviceName":{"$t":"IICS-REST-API-actions:PublicCoreV3ExportPost"},"serviceGUID":{"$t":"1sV4HmNDyqfdE8CMkuit6g"},"serviceInput":{"parameter":[{"name":"INFA_SESSION_ID","source":"field","updatable":"true","$t":"output.LoginResponse[1]\/userInfo[1]\/sessionId"},{"name":"body","source":"field","$t":"temp.StartExportJobRequest"},{"name":"hostName","source":"field","updatable":"true","$t":"output.LoginResponse[1]\/products[1]\/baseApiUrl"}]},"link":{"id":"jidyy8om","targetId":"jidyy8ol"}},{"id":"jidyy8oq","title":{"$t":"Get Export Job Status"},"serviceName":{"$t":"IICS-REST-API-actions:PublicCoreV3ExportIdGet"},"serviceGUID":{"$t":"1sV4HmNDyqfdE8CMkuit6g"},"serviceInput":{"parameter":[{"name":"hostName","source":"field","updatable":"true","$t":"output.LoginResponse[1]\/products[1]\/baseApiUrl"},{"name":"INFA_SESSION_ID","source":"field","updatable":"true","$t":"output.LoginResponse[1]\/userInfo[1]\/sessionId"},{"name":"id","source":"field","updatable":"true","$t":"output.StartExportJobResponse[1]\/id"}]},"link":{"id":"jidyy8p5","targetId":"jidyy8p4"}}],"wait":{"id":"jidyy8ol","title":{"$t":"Wait 5 seconds"},"duration":{"source":"formula","function":{"name":"duration_expression","arg":[{"name":"value","$t":"5"},{"name":"scale","$t":"S"},{"name":"businessDays"}]}},"link":{"id":"jidyy8or","targetId":"jidyy8oq"}},"container":{"id":"jidyy8p4","type":"exclusive","title":{"$t":"Export Status"},"flow":[{"id":"jidyy8p8","service":[{"id":"jidyy8r5","title":{"$t":"Download the Export Package"},"serviceName":{"$t":"IICS-REST-API-actions:PublicCoreV3ExportIdPackageGet"},"serviceGUID":{"$t":"1sV4HmNDyqfdE8CMkuit6g"},"serviceInput":{"parameter":[{"name":"hostName","source":"field","updatable":"true","$t":"output.LoginResponse[1]\/products[1]\/baseApiUrl"},{"name":"INFA_SESSION_ID","source":"field","updatable":"true","$t":"output.LoginResponse[1]\/userInfo[1]\/sessionId"},{"name":"id","source":"field","updatable":"true","$t":"output.StartExportJobResponse[1]\/id"}]},"link":{"id":"jjiebfjn","targetId":"jjiebfjm"}},{"id":"jjjhdev6","title":{"$t":"Logout of IICS"},"serviceName":{"$t":"IICS-REST-API-actions:PublicCoreV3LogoutPost"},"serviceGUID":{"$t":"1sV4HmNDyqfdE8CMkuit6g"},"serviceInput":{"parameter":[{"name":"IDS_SESSION_ID","source":"field","updatable":"true","$t":"output.LoginResponse[1]\/userInfo[1]\/sessionId"},{"name":"hostName","source":"field","updatable":"true","$t":"output.LoginResponse[1]\/products[1]\/baseApiUrl"}]}}],"container":{"id":"jjiebfjm","type":"exclusive","title":{"$t":"Enable Source Control"},"flow":[{"id":"jjiebfjq","service":{"id":"jjiebfk9","title":{"$t":"Checkin to Git"},"serviceName":{"$t":"Git-Contents-API-actions:Create a file"},"serviceGUID":{"$t":"8jRzOupAseJfbqdA3PHqqG"},"serviceInput":{"parameter":[{"name":"path","source":"formula","expression":{"language":"XQuery","$t":"fn:concat($input.ObjectPath, \"-\",  fn:current-time(),\".zip\" )"}},{"name":"message","source":"formula","expression":{"language":"XQuery","$t":"fn:concat(\"Commiting IICS Objects. Time to commit is \",fn:current-time())"}},{"name":"content","source":"formula","expression":{"language":"XQuery","$t":"sff:getBase64FromAttachment($output.ExportPackageAsAttachment )"}}]}},"link":{"id":"jjiebfjr","targetId":"jjiebfjm","type":"containerLink"}},{"id":"jjiebfjt","link":{"id":"jjiebfju","targetId":"jjiebfjm","type":"containerLink"}}],"link":[{"id":"jjiebfjp","targetId":"jjiebfjq","type":"containerLink","condition":{"source":"formula","function":{"name":"contains","arg":[{"name":"left","$t":"{$input.EnableSourceControl}"},{"name":"right","$t":"Yes"}]}}},{"id":"jjiebfjs","targetId":"jjiebfjt","type":"containerLink"},{"id":"jjjgjejr","targetId":"jjjgjejq"}]},"assignment":{"id":"jjjgjejq","title":{"$t":"Assignment Status"},"operation":[{"source":"field","to":"output.Login Status","$t":"output.LoginResponse[1]\/userInfo[1]\/status"},{"source":"field","to":"output.Export Status","$t":"output.GetExportJobStatusResponse[1]\/status[1]\/state"},{"source":"field","to":"output.SCM Checkin Status","$t":"output.url"}],"link":{"id":"jjjhdev7","targetId":"jjjhdev6"}},"link":{"id":"jjjg6l4g","targetId":"jidyy8p4","type":"containerLink"}},{"id":"jidyy8pb","wait":{"id":"jidyy8q5","title":{"$t":"Wait 5 seconds"},"duration":{"source":"formula","function":{"name":"duration_expression","arg":[{"name":"value","$t":"5"},{"name":"scale","$t":"S"},{"name":"businessDays"}]}},"link":{"id":"jidyy8q6","targetId":"jidyy8px"}},"jumpTo":{"id":"jidyy8px","link":{"id":"jidyy8py","targetId":"jidyy8oq"}}}],"link":[{"id":"jidyy8p7","targetId":"jidyy8p8","type":"containerLink","condition":{"source":"formula","function":{"name":"string-equals","arg":[{"name":"left","$t":"{$output.GetExportJobStatusResponse[1]\/status[1]\/state}"},{"name":"right","$t":"SUCCESSFUL"}]}}},{"id":"jidyy8pa","targetId":"jidyy8pb","type":"containerLink"},{"id":"jjjg6l4t","targetId":"jjjg6l4s"}]},"end":{"id":"jjjg6l4s","title":{"$t":"End"}}}}},"GUID":{"$t":"20opXTmR2iiifhjdGPwrEc"},"DisplayName":{"$t":"SCM Export to Git"}}