<aetgt:getResponse xmlns:aetgt="http://schemas.active-endpoints.com/appmodules/repository/2010/10/avrepository.xsd"
                   xmlns:types1="http://schemas.active-endpoints.com/appmodules/repository/2010/10/avrepository.xsd">
   <types1:Item>
      <types1:EntryId>ImXycotFgpKi9zh-gt-4162502-2020-04-14T16:52:25.549Z::conn.xml</types1:EntryId>
      <types1:Name>api-Constituent-OdataConn-3</types1:Name>
      <types1:MimeType>application/xml+connection</types1:MimeType>
      <types1:Description/>
      <types1:AppliesTo/>
      <types1:Tags/>
      <types1:VersionLabel>1.0</types1:VersionLabel>
      <types1:State>CURRENT</types1:State>
      <types1:ProcessGroup/>
      <types1:CreatedBy>vkakarl@gmu.edu</types1:CreatedBy>
      <types1:CreationDate>2020-04-14T16:52:26Z</types1:CreationDate>
      <types1:ModifiedBy>vkakarl@gmu.edu</types1:ModifiedBy>
      <types1:ModificationDate>2020-04-14T17:03:54Z</types1:ModificationDate>
      <types1:PublicationStatus>published</types1:PublicationStatus>
      <types1:PublishedBy>vkakarl@gmu.edu</types1:PublishedBy>
      <types1:PublicationDate>2020-04-14T17:04:00Z</types1:PublicationDate>
      <types1:PublishedContributionId>project:/rt.connection/api-Constituent-OdataConn-3/api-Constituent-OdataConn-3.conn.xml</types1:PublishedContributionId>
      <types1:AutosaveExists>false</types1:AutosaveExists>
      <types1:Entry>
         <connection xmlns="http://schemas.informatica.com/socrates/data-services/2014/04/avosConnections.xsd"
                     displayName="api-Constituent-OdataConn"
                     label="api-Constituent-OdataConn-3"
                     name="api-Constituent-OdataConn-3">
            <description/>
            <tags/>
            <agent/>
            <attributes/>
            <businessConnector xmlns="http://schemas.informatica.com/appmodules/screenflow/2014/04/avosConnectors.xsd"
                               agentOnly="false"
                               connectorPath="project:/rt.connector/api_Constituent_OdataService_3/api_Constituent_OdataService_3_svcDef.xml"
                               guid="j7qIVDTQMO8jojZWrQyreA"
                               name="api-Constituent-OdataService-3"
                               supportsConnectionTest="false"
                               uuid="33662410-2403-428c-947d-10f9b940cbe4">
               <description>D</description>
            </businessConnector>
         </connection>
      </types1:Entry>
      <types1:GUID>6B1jLgi1Eh4gSUYzPrjDk8</types1:GUID>
      <types1:DisplayName>api-Constituent-OdataConn</types1:DisplayName>
   </types1:Item>
   <types1:CurrentServerDateTime>2020-06-23T19:59:48.104Z</types1:CurrentServerDateTime>
</aetgt:getResponse>
