<aetgt:getResponse xmlns:aetgt="http://schemas.active-endpoints.com/appmodules/repository/2010/10/avrepository.xsd"
                   xmlns:types1="http://schemas.active-endpoints.com/appmodules/repository/2010/10/avrepository.xsd">
   <types1:Item>
      <types1:EntryId>L5aaabdqpw0VPNz-gt-6832137-2020-04-10T17:52:39.607Z::svc.xml</types1:EntryId>
      <types1:Name>api-Constituent-OdataService-3</types1:Name>
      <types1:ParentFlowIds>ImXycotFgpKi9zh-gt-4162502-2020-04-14T16:52:25.549Z::conn.xml</types1:ParentFlowIds>
      <types1:MimeType>application/xml+businesssconnector</types1:MimeType>
      <types1:Description>D</types1:Description>
      <types1:AppliesTo/>
      <types1:Tags/>
      <types1:VersionLabel>1.0</types1:VersionLabel>
      <types1:State>CURRENT</types1:State>
      <types1:ProcessGroup/>
      <types1:CreatedBy>vkakarl@gmu.edu</types1:CreatedBy>
      <types1:CreationDate>2020-04-10T17:52:40Z</types1:CreationDate>
      <types1:ModifiedBy>vkakarl@gmu.edu</types1:ModifiedBy>
      <types1:ModificationDate>2020-04-12T14:31:22Z</types1:ModificationDate>
      <types1:PublicationStatus>published</types1:PublicationStatus>
      <types1:PublishedBy>vkakarl@gmu.edu</types1:PublishedBy>
      <types1:PublicationDate>2020-04-14T16:07:50Z</types1:PublicationDate>
      <types1:PublishedContributionId>project:/rt.connector/api_Constituent_OdataService_3/api_Constituent_OdataService_3_svcDef.xml</types1:PublishedContributionId>
      <types1:AutosaveExists>false</types1:AutosaveExists>
      <types1:Entry>
         <businessConnector xmlns="http://schemas.informatica.com/socrates/data-services/2014/05/business-connector-model.xsd"
                            agentOnly="false"
                            debug="false"
                            displayName="api-Constituent-OdataService"
                            label=""
                            name="api-Constituent-OdataService-3"
                            uuid="33662410-2403-428c-947d-10f9b940cbe4">
            <description>D</description>
            <tags/>
            <connectionAttributes xmlns="http://schemas.informatica.com/appmodules/screenflow/2014/04/avosConnectors.xsd"/>
            <actions>
               <action category=""
                       failOnError="true"
                       forSearch="false"
                       label="GetData_ConstituentBio"
                       maxRedirects="100"
                       name="GetData_ConstituentBio"
                       preemptiveAuth="true"
                       responseEncoding="">
                  <description/>
                  <input>
                     <parameter label="in_URL"
                                name="in_URL"
                                nogen="true"
                                required="false"
                                testWith="https://na1.ai.dm-us.informaticacloud.com/active-bpel/odata/v4/api-Constituent-conn-1/CONSTITUENT_BIO_VW"
                                type="url"/>
                  </input>
                  <binding>
                     <restSimpleBinding multiUsing="semicolonSeparated" url="{$in_URL}" verb="GET">
                        <authentication>
                           <username>edis@gmu.edu.sandbox</username>
                           <password/>
                           <isExpressionInPassword>false</isExpressionInPassword>
                        </authentication>
                        <httpHeaders>
                           <header name="Content-Type">application/xml</header>
                        </httpHeaders>
                     </restSimpleBinding>
                  </binding>
                  <output>
                     <field description="" name="AllRecords" type="objectlist">
                        <options>
                           <option name="referenceTo">value_ConstituentBio</option>
                        </options>
                        <xquery>{for $x in //root/value return $x}</xquery>
                     </field>
                     <field description="" name="isValueList" type="int">
                        <xquery>{if(//root/value/data()='') then 0 else 2}</xquery>
                     </field>
                  </output>
               </action>
               <action category=""
                       failOnError="true"
                       forSearch="false"
                       label="GetRecordCount_ConstituentBio"
                       maxRedirects="100"
                       name="GetRecordCount_ConstituentBio"
                       preemptiveAuth="true"
                       responseEncoding="">
                  <description/>
                  <input>
                     <parameter description="https://na1.ai.dm-us.informaticacloud.com/active-bpel/odata/v4/api-Constituent-conn-1/CONSTITUENT_BIO_VW/$count?$filter=CONST_CURRENT_IND%20eq%20'C'%20and%20CONST_EFFECTIVE_FROM_DATE%20ge%202020-02-03T05:00:00Z%20and%20CONST_STUD_IND%20eq%20'Y'"
                                label="input_URL"
                                name="input_URL"
                                nogen="true"
                                required="false"
                                testWith="https://na1.ai.dm-us.informaticacloud.com/active-bpel/odata/v4/api-Constituent-conn-1/CONSTITUENT_BIO_VW/$count?$filter=CONST_CURRENT_IND%20eq%20'C'%20and%20CONST_STUD_IND%20eq%20'Y'"
                                type="string"/>
                     <parameter description="%20and%20CONST_EFFECTIVE_FROM_DATE%20ge%202020-02-03T05:00:00Z"
                                name="in_date"
                                nogen="true"
                                required="false"
                                testWith="%20and%20CONST_EFFECTIVE_FROM_DATE%20ge%2020-02-03T05:00:00Z"
                                type="objectlist">
                        <options>
                           <option name="referenceTo"/>
                        </options>
                     </parameter>
                  </input>
                  <binding>
                     <restSimpleBinding multiUsing="semicolonSeparated" url="{$input_URL}" verb="GET">
                        <authentication>
                           <username>edis@gmu.edu.sandbox</username>
                           <password/>
                           <isExpressionInPassword>false</isExpressionInPassword>
                        </authentication>
                        <httpHeaders>
                           <header name="Content-Type">application/xml</header>
                        </httpHeaders>
                     </restSimpleBinding>
                  </binding>
                  <output>
                     <field description="" name="recordCount" type="int">
                        <xquery>{//result/data()}</xquery>
                     </field>
                  </output>
               </action>
               <action category=""
                       failOnError="true"
                       forSearch="false"
                       label="GetCount_ConstituentBio"
                       maxRedirects="100"
                       name="GetCount_ConstituentBio"
                       preemptiveAuth="true"
                       responseEncoding="">
                  <description/>
                  <input>
                     <parameter label="inSQL"
                                name="inSQL"
                                nogen="true"
                                required="false"
                                testWith="select count(*) count_rows from edis_api_layer.constituent_bio_vw where const_current_ind='C'"
                                type="string"/>
                  </input>
                  <binding>
                     <restSimpleBinding url="http://localhost:7080/process-engine/public/services/InfaDASExecSQL"
                                        verb="POST">
                        <httpHeaders>
                           <header name="Content-Type">text/xml;charset=UTF-8</header>
                           <header name="SOAPAction"/>
                        </httpHeaders>
                        <body>&amp;lt;soapenv:Envelope xmlns:soapenv="http://schemas.xmlsoap.org/soap/envelope/" xmlns:data="http://schemas.active-endpoints.com/data-access/2010/04/data-access.xsd"&amp;gt;
   &amp;lt;soapenv:Header/&amp;gt;
   &amp;lt;soapenv:Body&amp;gt;
      &amp;lt;data:dataAccessRequest&amp;gt;
         &amp;lt;data:sqlStatement maxRows="0" maxWaitSeconds="0" statementId="?" columnCase="?" includeMetadata="false" hasResultSet="true"&amp;gt;
            &amp;lt;data:statement&amp;gt;{$inSQL}&amp;lt;/data:statement&amp;gt;
         &amp;lt;/data:sqlStatement&amp;gt;
      &amp;lt;/data:dataAccessRequest&amp;gt;
   &amp;lt;/soapenv:Body&amp;gt;
&amp;lt;/soapenv:Envelope&amp;gt;</body>
                     </restSimpleBinding>
                  </binding>
                  <output>
                     <field description="" name="recordCount" type="int">
                        <xquery>{//*:row/COUNT_ROWS/data()}</xquery>
                     </field>
                  </output>
               </action>
            </actions>
            <objects>
               <processObject xmlns="http://schemas.active-endpoints.com/appmodules/screenflow/2011/06/avosHostEnvironment.xsd"
                              isByCopy="true"
                              name="root_ConstituentBio">
                  <description>An automatically generated process object</description>
                  <detail>
                     <field name="value" type="objectlist">
                        <options>
                           <option name="referenceTo">value_ConstituentBio</option>
                           <option name="relationshipName">Child</option>
                        </options>
                     </field>
                  </detail>
               </processObject>
               <processObject xmlns="http://schemas.active-endpoints.com/appmodules/screenflow/2011/06/avosHostEnvironment.xsd"
                              isByCopy="true"
                              name="value_ConstituentBio">
                  <description>An automatically generated process object</description>
                  <detail>
                     <field name="CONST_VISA_TYPE_CODE" type="string"/>
                     <field name="CONST_DECEASED_DATE" type="datetime"/>
                     <field name="CONST_PREFERRED_FIRST_NAME" type="string"/>
                     <field name="CONST_GENDER_DESC" type="string"/>
                     <field name="CONST_GENDER_IDENTITY_CODE" type="string"/>
                     <field name="CONST_MAIL_STATE" type="string"/>
                     <field name="CONST_GMU_EMAIL" type="string"/>
                     <field name="CONST_NAME_PREFIX" type="string"/>
                     <field name="CONST_PERM_STATE_DESC" type="string"/>
                     <field name="CONST_MAIL_NATION_CODE" type="string"/>
                     <field name="CONST_PERM_PHONENUM" type="string"/>
                     <field name="CONST_HISPANIC_IND" type="string"/>
                     <field name="CONST_RACE_REPORT_CODE" type="string"/>
                     <field name="CONST_PERM_CITY" type="string"/>
                     <field name="CONST_LAST_NAME" type="string"/>
                     <field name="CONST_BLACK_IND" type="string"/>
                     <field name="CONST_VISA_TYPE_DESC" type="string"/>
                     <field name="CONST_PERSONAL_PRONOUN_DESC" type="string"/>
                     <field name="CONST_NAME_SUFFIX" type="string"/>
                     <field name="CONST_CAMPUS_STREET_LINE1" type="string"/>
                     <field name="CONST_PACISLE_IND" type="string"/>
                     <field name="CONST_MAIL_ZIP" type="string"/>
                     <field name="CONST_CAMPUS_STREET_LINE3" type="string"/>
                     <field name="CONST_CAMPUS_STREET_LINE2" type="string"/>
                     <field name="CONST_MIDDLE_NAME" type="string"/>
                     <field name="CONST_PERM_ZIP" type="string"/>
                     <field name="CONST_INSR_IND" type="string"/>
                     <field name="CONST_PERM_PHONE_AREACODE" type="int"/>
                     <field name="CONST_FULL_NAME" type="string"/>
                     <field name="CONST_EMPL_IND" type="string"/>
                     <field name="CONST_PERM_COUNTY_CODE" type="int"/>
                     <field name="CONST_CELL_PHONE" type="string"/>
                     <field name="CONST_GNUMBER" type="string"/>
                     <field name="CONST_MAIL_NATION_DESC" type="string"/>
                     <field name="CONST_CAMPUS_ZIP" type="string"/>
                     <field name="CONST_WHITE_IND" type="string"/>
                     <field name="CONST_VISA_EXPIRATION_DATE" type="datetime"/>
                     <field name="CONST_MAIL_COUNTY_DESC" type="string"/>
                     <field name="CONST_GENDER_DENTITY_DESC" type="string"/>
                     <field name="CONST_PERM_PHONEEXT" type="string"/>
                     <field name="CONST_BIRTH_DATE" type="datetime"/>
                     <field name="CONST_CURRENT_IND" type="string"/>
                     <field name="CONST_EFFECTIVE_FROM_DATE" type="datetime"/>
                     <field name="CONST_EFFECTIVE_TO_DATE" type="datetime"/>
                     <field name="CONST_MAIL_STREET_LINE1" type="string"/>
                     <field name="CONST_PERSONAL_PRONOUN_CODE" type="string"/>
                     <field name="CONST_MAIL_STREET_LINE3" type="string"/>
                     <field name="CONST_MAIL_STREET_LINE2" type="string"/>
                     <field name="CONST_MAIL_PHONEEXT" type="string"/>
                     <field name="CONST_US_CITIZEN_IND" type="string"/>
                     <field name="CONST_CAMPUS_CITY" type="string"/>
                     <field name="CONST_CONFIDENTIAL_IND" type="string"/>
                     <field name="CONST_PERM_COUNTY_DESC" type="string"/>
                     <field name="CONST_CITIZENSHIP_CODE" type="string"/>
                     <field name="CONST_TWO_OR_MORE_IND" type="string"/>
                     <field name="CONST_PERM_STREET_LINE3" type="string"/>
                     <field name="CONST_ASIAN_IND" type="string"/>
                     <field name="CONST_PERM_STREET_LINE1" type="string"/>
                     <field name="CONST_PERM_NATION_CODE" type="string"/>
                     <field name="CONST_PERM_STREET_LINE2" type="string"/>
                     <field name="CONST_MAIL_PHONE_AREACODE" type="int"/>
                     <field name="CONST_VEND_IND" type="string"/>
                     <field name="CONST_CAMPUS_STATE" type="string"/>
                     <field name="CONST_MAIL_CITY" type="string"/>
                     <field name="CONST_MAIL_PHONENUM" type="string"/>
                     <field name="CONST_APPL_IND" type="string"/>
                     <field name="CONST_LEGAL_NATION_CODE" type="string"/>
                     <field name="CONST_MAIL_COUNTY_CODE" type="int"/>
                     <field name="CONST_BIRTH_NATION_CODE" type="string"/>
                     <field name="CONST_VCCS_ID" type="string"/>
                     <field name="CONST_CITIZENSHIP_DESC" type="string"/>
                     <field name="CONST_PERM_STATE" type="string"/>
                     <field name="CONST_STUD_IND" type="string"/>
                     <field name="CONST_PIDM" type="int"/>
                     <field name="CONST_GENDER_CODE" type="string"/>
                     <field name="CONST_AMERNIND_IND" type="string"/>
                     <field name="CONST_PERM_NATION_DESC" type="string"/>
                     <field name="CONST_RACE_REPORT_DESC" type="string"/>
                     <field name="CONST_FIRST_NAME" type="string"/>
                     <field name="CONST_BIRTH_NATION_DESC" type="string"/>
                     <field name="CONST_DECEASED_IND" type="string"/>
                     <field name="CONST_LEGAL_NATION_DESC" type="string"/>
                     <field name="CONST_OTHER_EMAIL" type="string"/>
                  </detail>
               </processObject>
               <processObject xmlns="http://schemas.active-endpoints.com/appmodules/screenflow/2011/06/avosHostEnvironment.xsd"
                              isByCopy="true"
                              name="recordCount_ConstituentBio">
                  <description>An automatically generated process object</description>
                  <detail>
                     <field name="xml" type="string"/>
                     <field name="text" type="int"/>
                  </detail>
               </processObject>
            </objects>
         </businessConnector>
      </types1:Entry>
      <types1:GUID>j7qIVDTQMO8jojZWrQyreA</types1:GUID>
      <types1:DisplayName>api-Constituent-OdataService</types1:DisplayName>
   </types1:Item>
   <types1:CurrentServerDateTime>2020-06-23T19:59:48.03Z</types1:CurrentServerDateTime>
</aetgt:getResponse>
