{"EntryId":{"$t":"YlKDeDyf6riX2FN-gt-69621-2018-08-14T21:49:17.807Z::conn.xml"},"Name":{"$t":"FedEx-Tracking-API-Actions-1"},"ParentFlowIds":{"$t":"0QZuPtokMJoGsF4-gt-406563-2018-08-14T21:49:17.993Z::pd.xml"},"MimeType":{"$t":"application\/xml+connection"},"Description":{"$t":"The Connection built upon the Fedex Service Connector."},"AppliesTo":{},"Tags":{},"VersionLabel":{"$t":"1.0"},"State":{"$t":"CURRENT"},"ProcessGroup":{},"CreatedBy":{"$t":"gstasko@svccon.com"},"CreationDate":{"$t":"2018-08-14T21:49:18Z"},"ModifiedBy":{},"PublicationStatus":{"$t":"published"},"PublishedBy":{"$t":"gstasko@svccon.com"},"PublicationDate":{"$t":"2018-08-14T21:52:29Z"},"PublishedContributionId":{"$t":"project:\/rt.connection\/FedEx-Tracking-API-Actions-1\/FedEx-Tracking-API-Actions-1.conn.xml"},"AutosaveExists":{"$t":"false"},"Entry":{"connection":{"displayName":"FedEx-Tracking-API-Actions","label":"FedEx-Tracking-API-Actions","name":"FedEx-Tracking-API-Actions-1","xmlns":"http:\/\/schemas.informatica.com\/socrates\/data-services\/2014\/04\/avosConnections.xsd","xmlns$aetgt":"http:\/\/schemas.active-endpoints.com\/appmodules\/repository\/2010\/10\/avrepository.xsd","description":{"$t":"The Connection built upon the Fedex Service Connector."},"tags":{},"agent":{},"attributes":{},"businessConnector":{"agentOnly":"false","connectorPath":"project:\/rt.connector\/FedEx_Tracking_API\/FedEx_Tracking_API_svcDef.xml","guid":"2FajX9BDQYgkSi2PIHXreq","name":"FedEx_Tracking_API","supportsConnectionTest":"false","uuid":"0190bb03-22a8-44bf-a0a0-26b2b744719f","xmlns":"http:\/\/schemas.informatica.com\/appmodules\/screenflow\/2014\/04\/avosConnectors.xsd","description":{"$t":"The Service Connector that enables Package Tracking to be done."}}}},"GUID":{"$t":"1s6FxvPOZW1iVywyx4ZHoB"},"DisplayName":{"$t":"FedEx-Tracking-API-Actions"}}