{"EntryId":{"$t":"5G7MDOp7jvppppp-gt-50181-2018-07-30T14:41:29.908Z::svc.xml"},"Name":{"$t":"Google_Geocode_API"},"ParentFlowIds":{"$t":"zFKbdtqSLlBWlD2-gt-50197-2018-07-30T14:41:30.418Z::conn.xml"},"MimeType":{"$t":"application\/xml+businesssconnector"},"Description":{"$t":"Use Google's  Geocoding Web Service. Requires a Google API key.\nhttps:\/\/developers.google.com\/maps\/documentation\/geocoding\/start."},"AppliesTo":{},"Tags":{},"VersionLabel":{"$t":"1.0"},"State":{"$t":"CURRENT"},"ProcessGroup":{},"CreatedBy":{"$t":"gstasko@svccon.com"},"CreationDate":{"$t":"2018-07-30T14:41:30Z"},"ModifiedBy":{"$t":"gstasko@svccon.com"},"ModificationDate":{"$t":"2018-09-18T20:26:59Z"},"PublicationStatus":{"$t":"published"},"PublishedBy":{"$t":"gstasko@svccon.com"},"PublicationDate":{"$t":"2018-09-18T20:27:35Z"},"PublishedContributionId":{"$t":"project:\/rt.connector\/Google_Geocode_API\/Google_Geocode_API_svcDef.xml"},"AutosaveExists":{"$t":"false"},"Entry":{"businessConnector":{"agentOnly":"false","debug":"false","displayName":"Google Geocode API","label":"","name":"Google_Geocode_API","uuid":"8084bf62-3511-4d1e-a211-1023577f1a45","xmlns":"http:\/\/schemas.informatica.com\/socrates\/data-services\/2014\/05\/business-connector-model.xsd","xmlns$aetgt":"http:\/\/schemas.active-endpoints.com\/appmodules\/repository\/2010\/10\/avrepository.xsd","description":{"$t":"Use Google's  Geocoding Web Service. Requires a Google API key.\nhttps:\/\/developers.google.com\/maps\/documentation\/geocoding\/start. "},"tags":{},"connectionAttributes":{"xmlns":"http:\/\/schemas.informatica.com\/appmodules\/screenflow\/2014\/04\/avosConnectors.xsd","connectionAttribute":{"description":"API Key","masked":"false","name":"key","required":"true","testWith":"AIzaSyC5Cr6opT6PFWxiXhiTZ5i_kKjibU0XvtI","type":"string"}},"actions":{"action":[{"category":"","failOnError":"true","forSearch":"false","label":"geocodeAddress","maxRedirects":"100","name":"geocodeAddress","preemptiveAuth":"true","responseEncoding":"","description":{"$t":"Get Lat & Lng from Google Geocode API based on Address String input"},"input":{"parameter":{"description":"Full Address String\nStreet, City, State Zip","label":"Address","name":"address","required":"true","testWith":"1600+Amphitheatre+Parkway,+Mountain+View","type":"string"}},"binding":{"restSimpleBinding":{"multiUsing":"semicolonSeparated","url":"https:\/\/maps.googleapis.com\/maps\/api\/geocode\/json","verb":"GET","otherParams":{"otherParam":{"name":"key","$t":"{$key}"}}}},"output":{"field":[{"description":"","name":"lng","type":"string","xquery":{"$t":"{\/\/*:root\/results\/geometry\/location\/lng\/text()}"}},{"description":"","name":"lat","type":"string","xquery":{"$t":"{\/\/*:root\/results\/geometry\/location\/lat\/text()}"}},{"description":"","name":"formatted_address","type":"string","xquery":{"$t":"{\/\/*:root\/results\/formatted_address\/text()}"}},{"description":"","name":"Viewport Southwest Longitude","type":"string","xquery":{"$t":"{\/\/*:root\/results\/geometry\/viewport\/southwest\/lng\/text()}"}},{"description":"","name":"Bound Northeast Latitude","type":"string","xquery":{"$t":"{\/\/*:root\/results\/geometry\/bounds\/northeast\/lat\/text()}"}},{"description":"","name":"Location Data Object","type":"reference","xmlElement":"location","options":{"option":{"name":"referenceTo","$t":"location"}}}]}},{"category":"","failOnError":"true","forSearch":"false","label":"geocodeLatLang","maxRedirects":"100","name":"geocodeLatLang","preemptiveAuth":"true","responseEncoding":"","description":{"$t":"Display location-specific information based on latitude and longitude inputs"},"input":{"parameter":{"description":"comma-separated latitude and longitude of a location","label":"latlng","name":"latlng","required":"true","testWith":"40.714224, -73.961452","type":"string"}},"binding":{"restSimpleBinding":{"multiUsing":"semicolonSeparated","url":"https:\/\/maps.googleapis.com\/maps\/api\/geocode\/json","verb":"GET","otherParams":{"otherParam":{"name":"key","$t":"{$key}"}}}},"output":{"field":[{"description":"","name":"compound_code","property":"compound_code","type":"string"},{"description":"","name":"global_code","property":"global_code","type":"string"}]}}]},"objects":{"processObject":[{"isByCopy":"true","name":"root","xmlns":"http:\/\/schemas.active-endpoints.com\/appmodules\/screenflow\/2011\/06\/avosHostEnvironment.xsd","description":{"$t":"An automatically generated process object"},"detail":{"field":[{"name":"plus_code","type":"reference","options":{"option":[{"name":"referenceTo","$t":"plus_code"},{"name":"relationshipName","$t":"Child"}]}},{"name":"results","type":"objectlist","options":{"option":[{"name":"referenceTo","$t":"results"},{"name":"relationshipName","$t":"Child"}]}},{"name":"status","type":"string"}]}},{"isByCopy":"true","name":"plus_code","xmlns":"http:\/\/schemas.active-endpoints.com\/appmodules\/screenflow\/2011\/06\/avosHostEnvironment.xsd","description":{"$t":"An automatically generated process object"},"detail":{"field":[{"name":"compound_code","type":"string"},{"name":"global_code","type":"string"}]}},{"isByCopy":"true","name":"results","xmlns":"http:\/\/schemas.active-endpoints.com\/appmodules\/screenflow\/2011\/06\/avosHostEnvironment.xsd","description":{"$t":"An automatically generated process object"},"detail":{"field":[{"name":"formatted_address","type":"string"},{"name":"types","type":"string"},{"name":"geometry","type":"reference","options":{"option":[{"name":"referenceTo","$t":"geometry"},{"name":"relationshipName","$t":"Child"}]}},{"name":"address_components","type":"objectlist","options":{"option":[{"name":"referenceTo","$t":"address_components"},{"name":"relationshipName","$t":"Child"}]}},{"name":"plus_code","type":"reference","options":{"option":[{"name":"referenceTo","$t":"plus_code"},{"name":"relationshipName","$t":"Child"}]}},{"name":"place_id","type":"string"}]}},{"isByCopy":"true","name":"geometry","xmlns":"http:\/\/schemas.active-endpoints.com\/appmodules\/screenflow\/2011\/06\/avosHostEnvironment.xsd","description":{"$t":"An automatically generated process object"},"detail":{"field":[{"name":"viewport","type":"reference","options":{"option":[{"name":"referenceTo","$t":"viewport"},{"name":"relationshipName","$t":"Child"}]}},{"name":"bounds","type":"reference","options":{"option":[{"name":"referenceTo","$t":"bounds"},{"name":"relationshipName","$t":"Child"}]}},{"name":"location","type":"reference","options":{"option":[{"name":"referenceTo","$t":"location"},{"name":"relationshipName","$t":"Child"}]}},{"name":"location_type","type":"string"}]}},{"isByCopy":"true","name":"viewport","xmlns":"http:\/\/schemas.active-endpoints.com\/appmodules\/screenflow\/2011\/06\/avosHostEnvironment.xsd","description":{"$t":"An automatically generated process object"},"detail":{"field":[{"name":"southwest","type":"reference","options":{"option":[{"name":"referenceTo","$t":"southwest"},{"name":"relationshipName","$t":"Child"}]}},{"name":"northeast","type":"reference","options":{"option":[{"name":"referenceTo","$t":"northeast"},{"name":"relationshipName","$t":"Child"}]}}]}},{"isByCopy":"true","name":"southwest","xmlns":"http:\/\/schemas.active-endpoints.com\/appmodules\/screenflow\/2011\/06\/avosHostEnvironment.xsd","description":{"$t":"An automatically generated process object"},"detail":{"field":[{"name":"lng","type":"double"},{"name":"lat","type":"double"}]}},{"isByCopy":"true","name":"northeast","xmlns":"http:\/\/schemas.active-endpoints.com\/appmodules\/screenflow\/2011\/06\/avosHostEnvironment.xsd","description":{"$t":"An automatically generated process object"},"detail":{"field":[{"name":"lng","type":"double"},{"name":"lat","type":"double"}]}},{"isByCopy":"true","name":"location","xmlns":"http:\/\/schemas.active-endpoints.com\/appmodules\/screenflow\/2011\/06\/avosHostEnvironment.xsd","description":{"$t":"An automatically generated process object"},"detail":{"field":[{"name":"lng","type":"double"},{"name":"lat","type":"double"}]}},{"isByCopy":"true","name":"address_components","xmlns":"http:\/\/schemas.active-endpoints.com\/appmodules\/screenflow\/2011\/06\/avosHostEnvironment.xsd","description":{"$t":"An automatically generated process object"},"detail":{"field":[{"name":"types","type":"string"},{"name":"short_name","type":"int"},{"name":"long_name","type":"int"}]}},{"isByCopy":"true","name":"bounds","xmlns":"http:\/\/schemas.active-endpoints.com\/appmodules\/screenflow\/2011\/06\/avosHostEnvironment.xsd","description":{"$t":"An automatically generated process object"},"detail":{"field":[{"name":"southwest","type":"reference","options":{"option":[{"name":"referenceTo","$t":"southwest"},{"name":"relationshipName","$t":"Child"}]}},{"name":"northeast","type":"reference","options":{"option":[{"name":"referenceTo","$t":"northeast"},{"name":"relationshipName","$t":"Child"}]}}]}}]}}},"GUID":{"$t":"6zQsuvi3AEjdUVo6EIrVCS"},"DisplayName":{"$t":"Google Geocode API"}}