{"EntryId":{"$t":"Tgaaaa-gt-643059-2018-06-20T11:07:55.728Z::pd.xml"},"Name":{"$t":"Login_to_IICS"},"ParentFlowIds":{"$t":"OOVGuDoWn2sqeEr-gt-323687-2018-06-20T11:12:41.653Z::pd.xml"},"MimeType":{"$t":"application\/xml+process"},"Description":{},"AppliesTo":{},"Tags":{},"VersionLabel":{"$t":"1.0"},"State":{"$t":"CURRENT"},"ProcessGroup":{},"CreatedBy":{"$t":"sorabh@na1.dm-us.org"},"CreationDate":{"$t":"2018-06-20T11:07:56Z"},"ModifiedBy":{"$t":"sorabh@na1.dm-us.org"},"ModificationDate":{"$t":"2018-07-31T09:55:31Z"},"PublicationStatus":{"$t":"out-of-date"},"PublishedBy":{"$t":"sorabh@na1.dm-us.org"},"PublicationDate":{"$t":"2018-06-21T05:01:20Z"},"PublishedContributionId":{"$t":"project:\/spi.Login_to_IICS\/Login_to_IICS.pd.xml"},"AutosaveExists":{"$t":"false"},"Entry":{"process":{"displayName":"Login to IICS","name":"Login_to_IICS","xmlns":"http:\/\/schemas.active-endpoints.com\/appmodules\/screenflow\/2010\/10\/avosScreenflow.xsd","xmlns$aetgt":"http:\/\/schemas.active-endpoints.com\/appmodules\/repository\/2010\/10\/avrepository.xsd","xmlns$list":"urn:activevos:spi:list:functions","appliesTo":{},"description":{},"tags":{},"generator":{"$t":"Informatica Process Designer 9"},"input":{"parameter":[{"description":"","name":"Username","required":"true","type":"string","options":{"option":{"name":"required","$t":"false"}}},{"description":"","name":"Password","required":"true","type":"string","options":{"option":{"name":"required","$t":"false"}}},{"description":"","name":"Hostname","required":"true","type":"string","options":{"option":{"name":"required","$t":"false"}}}]},"output":{"field":{"description":"","name":"Login Response","type":"reference","options":{"option":[{"name":"referenceTo","$t":"IICS-REST-API-actions:LoginResponse"},{"name":"required","$t":"false"},{"name":"isCopy","$t":"true"},{"name":"guid","$t":"8aOwbKjI2W7gAcny4H27ew"}]}}},"tempFields":{"field":{"description":"","name":"Login Request","type":"reference","options":{"option":[{"name":"referenceTo","$t":"IICS-REST-API-actions:LoginRequest"},{"name":"required","$t":"false"},{"name":"isCopy","$t":"true"},{"name":"guid","$t":"8aOwbKjI2W7gAcny4H27ew"}]}}},"notes":{},"deployment":{"suspendOnFault":"false","tracingLevel":"none","rest":{}},"flow":{"id":"a","start":{"id":"b","link":{"id":"jin0jerf","targetId":"jin0jere"}},"assignment":[{"id":"jin0jere","title":{"$t":"Create Login Request"},"operation":[{"source":"field","to":"temp.Login Request[1]\/username","$t":"input.Username"},{"source":"field","to":"temp.Login Request[1]\/password","$t":"input.Password"}],"link":{"id":"jin0jerr","targetId":"jin0jerq"}},{"id":"jin0jes7","title":{"$t":"Assign Output"},"operation":{"source":"field","to":"output.Login Response","$t":"output.LoginResponse"},"link":{"id":"jin0jes9","targetId":"c"}}],"service":{"id":"jin0jerq","title":{"$t":"Login to IICS"},"serviceName":{"$t":"IICS-REST-API-actions:SaasPublicCoreV3LoginPost"},"serviceGUID":{"$t":"8aOwbKjI2W7gAcny4H27ew"},"serviceInput":{"parameter":[{"name":"body","source":"field","$t":"temp.Login Request"},{"name":"hostName","source":"field","updatable":"true","$t":"input.Hostname"}]},"link":{"id":"jin0jes8","targetId":"jin0jes7"}},"end":{"id":"c"}}}},"GUID":{"$t":"0lMjLAteBKXb0qnHj5J7Sq"},"DisplayName":{"$t":"Login to IICS"}}