{"EntryId":{"$t":"CwkNmumf6S3wOLI-gt-220057-2018-08-02T04:21:34.462Z::conn.xml"},"Name":{"$t":"Marketo-Authentication-API-actions"},"ParentFlowIds":{"$t":"gi2J5bfOC2XZPnE-gt-275396-2018-07-30T19:06:18.106Z::pd.xml,L4YNqRi92qBbbeJ-gt-38976-2018-08-03T18:49:10.607Z::pd.xml"},"MimeType":{"$t":"application\/xml+connection"},"Description":{"$t":"Actions for Marketo Authentication API. \n\nYou need to supply a value for \"hostName\" below.\n<Your Munchkin ID>.mktorest.com"},"AppliesTo":{},"Tags":{},"VersionLabel":{"$t":"1.0"},"State":{"$t":"CURRENT"},"ProcessGroup":{},"CreatedBy":{"$t":"sagarwal@svccon.com"},"CreationDate":{"$t":"2018-08-02T04:21:34Z"},"ModifiedBy":{"$t":"gstasko@svccon.com"},"ModificationDate":{"$t":"2018-08-14T19:29:45Z"},"PublicationStatus":{"$t":"out-of-date"},"PublishedBy":{"$t":"sagarwal@svccon.com"},"PublicationDate":{"$t":"2018-08-06T15:07:32Z"},"PublishedContributionId":{"$t":"project:\/rt.connection\/Marketo-Authentication-API-actions\/Marketo-Authentication-API-actions.conn.xml"},"AutosaveExists":{"$t":"false"},"Entry":{"connection":{"displayName":"Marketo-Authentication-API-actions","label":"Marketo-Authentication-API-actions","name":"Marketo-Authentication-API-actions","xmlns":"http:\/\/schemas.informatica.com\/socrates\/data-services\/2014\/04\/avosConnections.xsd","xmlns$aetgt":"http:\/\/schemas.active-endpoints.com\/appmodules\/repository\/2010\/10\/avrepository.xsd","description":{"$t":"Actions for Marketo Authentication API. \n\nYou need to supply a value for \"hostName\" below.\n<Your Munchkin ID>.mktorest.com"},"tags":{},"agent":{},"attributes":{"attribute":{"encrypted":"false","name":"hostName","value":""}},"businessConnector":{"agentOnly":"false","connectorPath":"project:\/rt.connector\/Marketo_Authentication_API\/Marketo_Authentication_API_svcDef.xml","name":"Marketo_Authentication_API","supportsConnectionTest":"false","uuid":"00efc26b-385d-46d7-bcfc-6dc3a49bf554","xmlns":"http:\/\/schemas.informatica.com\/appmodules\/screenflow\/2014\/04\/avosConnectors.xsd","description":{"$t":"Marketo REST API that gets tokens for subsequent interactions.  "}}}},"GUID":{"$t":"2P2N7ZGVRkFirGpIkfcis2"},"DisplayName":{"$t":"Marketo-Authentication-API-actions"}}