objectPath,objectName,objectType,id
/Explore/EDIS_API/Student,STDNCURRMetadata,PROCESS_OBJECT,aT90AIuOjPtbCb8d30JLKo
/Explore/EDIS_API/Student,ml_testing,PROCESS,5SGnpdEHFRJeBSd6OQk9uC
/Explore/EDIS_API/Template_Common_Assets,api-RecordCount-OdataConn,AI_CONNECTION,5EoNLivb1eLh5NXAmzzy2Z
/Explore/EDIS_API/Templates,api-ConstituentBio-Agent-v1-BaseProcess-Part1,PROCESS,3XqBKuocl6KlfhicdJxyqT
/Explore/EDIS_API/Common_Assets,api-RecordCount-Conn,AI_CONNECTION,aoMd7TK0wVTdKiMLiZoIUx
/Explore/EDIS_API/Constituent,APPLBIOBirth,PROCESS_OBJECT,a3PZtSbgXRikPd9d6WvrIa
/Explore/EDIS_API/Student,api-ConstituentBio-Agent-v1-BaseProcess-Part3,PROCESS,7iEhmtovmgvlDQIAKtNSQu
/Explore/EDIS_API/Templates,api-ConstituentBio-v1-WrapperProcess-Part3,PROCESS,2Q7pQOYtQiRf4ySzjszjM5
/Explore/EDIS_API/po-testing,STDNBIOAddress,PROCESS_OBJECT,ccZBPXHsNqUgs4nL0wUgiG
/Explore/EDIS_API/Templates,CONSTBIOGender,PROCESS_OBJECT,4DnNmeV43iZh6F6ijcmR8V
/Explore/EDIS_API/po-testing,STDNBIOPersonName,PROCESS_OBJECT,lDNaeZKJdEFjtlFSgO0Pwr
/Explore/EDIS_API/Student,STDNCURRStudent,PROCESS_OBJECT,1G8Fb9QqarlfV1cFYRfnEr
/Explore/EDIS_API/Constituent,api-Constituent-OdataService - TEST,AI_SERVICE_CONNECTOR,7dgSYpc7KYfj2xKy1Lwuyi
/Explore/EDIS_API/Constituent,api-StudentBio-v1,PROCESS,8P0TtZuIWRCbnQi1H6f2sO
/Explore/EDIS_API/Constituent,CONSTBIOConstituentBio,PROCESS_OBJECT,egv3uDgZSylfsqUsciAn0C
/Explore/EDIS_API/Constituent,api-ConstituentBio-Base-v1-BaseProcess-Part5,PROCESS,34rqbULeIdei9oJ4Vrz9ey
/Explore/EDIS_API/Constituent,APPLBIOApiApplicantBioV1Response,PROCESS_OBJECT,jmH5CdwV3uCcqDsCJXMQgm
/Explore/EDIS_API/Templates,CONSTBIOPhone,PROCESS_OBJECT,14Sgq8GnSqRd6XRhmkhLC7
/Explore/EDIS_API/Student,api-Student-OdataConn,AI_CONNECTION,23SpjmoeR1BbXjzkxet1wd
/Explore/EDIS_API/Templates,api-ConstituentBio-Part6-v1,PROCESS,8LdmewzocmXdgEMF1bxgOK
/Explore/EDIS_API/po-testing,STDNBIOApiStudentBioV1Request,PROCESS_OBJECT,8AgpddxboJAiluiuUSVHY3
/Explore/EDIS_API/Common_Assets,api-RecordCount-OdataService,AI_SERVICE_CONNECTOR,f0LOTa5Bv2beO97OEO61Q7
/Explore/EDIS_API/Common_Assets,api-RecordCount-OdataConn,AI_CONNECTION,7TvihLJ86s2i7qpr4kzJQp
/Explore/EDIS_API,Common_Process_Objects,Folder,avRjRUnYeqrhwfZZXErM4r
/Explore/EDIS_API/po-testing,STDNBIOErrorModel,PROCESS_OBJECT,frAvVPX0yWUbnj52iOz0my
/Explore/EDIS_API/Constituent,CONSTBIOEmail,PROCESS_OBJECT,bN4ZB0YrWaDdiIczm3NA8e
/Explore/EDIS_API/Constituent,APPLBIODeceased,PROCESS_OBJECT,6I5Mt82mr0geNQohC3PvwF
/Explore/EDIS_API,Common_Assets,Folder,cAOCeYM4K2aiHI5yniKoMZ
/Explore/EDIS_API/Templates,CONSTBIOConstituentClassification,PROCESS_OBJECT,9rdIXQIGONTkBHUe8V5jGJ
/Explore/EDIS_API/Templates,CONSTBIOBirth,PROCESS_OBJECT,asl4SxkWK3WhjwsNjA23ow
/Explore/EDIS_API/Templates,api-Constituent-OdataConn,AI_CONNECTION,gzQbbmqZhctjiMpbRtX9OF
/Explore/EDIS_API/Templates,api-ConstituentBio-Base-v1-BaseProcess-Part5,PROCESS,izkaeEHaC0SjXPFvo58Zqt
/Explore,ConstituentBio_API_Release_3,Project,7w31qqnx0ABgHdA8yV6Zoq
/Explore/EDIS_API/Student,HellowWorld,PROCESS,fbpRIFTS3cAcesrcuZbQqC
/Explore/Training and POC/Vamsy,api-Constituent-OdataConn,AI_CONNECTION,6B1jLgi1Eh4gSUYzPrjDk8
/Explore/EDIS_API/Templates,api-Constituent-OdataService,AI_SERVICE_CONNECTOR,2HkBZG6X6yFdxEcHIuKjcT
/Explore/EDIS_API/Common_Process_Objects,CONSTBIOConstituentBioV1Request,PROCESS_OBJECT,7LQMXYqzHHOc2nNcgkwNC5
/Explore/Training and POC,Sowjanya,Folder,aWGyDZtws9NdbK047dbVMf
/Explore/EDIS_API/po-testing,STDNBIOBirth,PROCESS_OBJECT,7suXgspdoaaef2xwh5l98p
/Explore/EDIS_API/Student,api-StudentGPA-v1,PROCESS,78oVjmW9Sn8esixUphvv0H
/Explore/EDIS_API/Constituent,api-Constituent-OdataConn-TEST,AI_CONNECTION,4LE59sKrTlkjKRK4Os8JMO
/Explore/EDIS_API/Student,STDNGPAApiStudentGPAV1Request,PROCESS_OBJECT,3MWwYsSsDefb3sWbM77rgI
/Explore/EDIS_API/po-testing,STDNBIOStudentBioV1Response,PROCESS_OBJECT,8L2QwikYAgCj0WaGRUNl84
/Explore/EDIS_API/Constituent,CONSTBIOConstituentClassification,PROCESS_OBJECT,7cWBHtAgrv1jbawkuOmUmo
/Explore/EDIS_API/Student,STDNGPACurriculum,PROCESS_OBJECT,2CfZsNBb857l44eRXO71qG
/Explore/EDIS_API,Template_Common_Assets,Folder,8968kBIu9Uxba1Dlc8bGaB
/Explore/EDIS_API/Constituent,api-Constituent-conn,AI_CONNECTION,dHkmtputzs1hBKkkQn3QIt
/Explore/EDIS_API/Constituent,api-ConstituentBio-v1,PROCESS,596Cgq8TcSYhHs4PllgRWj
/Explore/EDIS_API/po-testing,STDNBIOEmail,PROCESS_OBJECT,4XiRb3naYqRgYVAYMYWjI6
/Explore/EDIS_API/Constituent,api-StudentBio-Agent-v1-Part4,PROCESS,7u8nyATJg7sbS5oIS7vRa2
/Explore/EDIS_API/Constituent,api-ConstituentBio-v1 - TEST,PROCESS,6EuF43yW340dSvyY2uGLo3
/Explore/EDIS_API/Constituent,CONSTBIOPhone,PROCESS_OBJECT,b5LsC7jfdavlqJXcloaeCE
/Explore/EDIS_API/Student,STDNCURRStudentCurriculum,PROCESS_OBJECT,3qkeVpeDCs4gWBDIXNqTEt
/Explore/EDIS_API,Constituent,Folder,31yBiwSoP7qk6AYNYEwIuC
/Explore/EDIS_API/Constituent,api-StudentBio-Agent-v1-FORMAT,PROCESS,5YyzDsVcRChfsBi3ku0leN
/Explore/EDIS_API/Constituent,CONSTBIOPersonName,PROCESS_OBJECT,0dATlVSJHLBfyRiEESovQy
/Explore/EDIS_API/Templates,CONSTBIOCitizenship,PROCESS_OBJECT,12k5d3IcWzHfJ8ikQzD7u9
/Explore/EDIS_API/Templates,api-ConstituentBio-Agent-v1-BaseProcess-Part2,PROCESS,iPMVfpPLeMslYwe2vy11Uq
/Explore/EDIS_API/Common_Assets,api-TextToDateTypeConversion,PROCESS,7rPsP9AmSgPbiyciKjVA00
/Explore/Training and POC/Sowjanya,Student,PROCESS_OBJECT,7Zfsous18QQlrdKBpPdx6n
/Explore/EDIS_API/Student,STDNCURRStudentCurriculumV1Request,PROCESS_OBJECT,6OQ6GJMttMThkKLTKg0Ju8
/Explore/Training and POC/Sowjanya,StudentCurriculum,PROCESS_OBJECT,dJIIshfdYWtiUeifD7vzYw
/Explore/ConstituentBio_API_Release_3,Common_Assets,Folder,0sFiu5mAb05hpdvlZnjT05
/Explore/EDIS_API/Constituent,CONSTBIOConstituentBioV1Response,PROCESS_OBJECT,2psMFFilv2TcAJMMnx5c0k
/Explore/EDIS_API/Template_Common_Process_Objects,Metadata,PROCESS_OBJECT,90KQSJyZR8beGr6bwUeUgS
/Explore/EDIS_API/Student,STDNGPAApiStudentGPAV1Response,PROCESS_OBJECT,6CXZQjKFemmiBV3YpEx6EK
/Explore/EDIS_API/Constituent,APPLBIOAddress,PROCESS_OBJECT,9SoZHWGFApKfRIjQ8lZyqJ
/Explore/EDIS_API/Student,api-StudentCurr-v1,PROCESS,1L6pi1RHBcOdY4cA6NJSkg
/Explore/EDIS_API/Template_Common_Process_Objects,ErrorModel,PROCESS_OBJECT,4T1mxh4JJg4l48apvflWiq
/Explore/EDIS_API/Student,STDNGPAGPA,PROCESS_OBJECT,gmwPJr59tQ8c38aepJtLmK
/Explore/EDIS_API/Student,STDNGPAStudentGPA,PROCESS_OBJECT,gZEhlw4WFwhgJnnGxYY50U
/Explore/EDIS_API/Constituent,APPLBIORace,PROCESS_OBJECT,9JUbB4v6p7XlUfiLccmDKV
/Explore/ConstituentBio_API_Release_3/Common_Assets,api-RecordCount-Conn,AI_CONNECTION,5GCYSrTQOuEbPno9HxzU4y
/Explore/EDIS_API/Common_Process_Objects,ErrorModel,PROCESS_OBJECT,45Cm0QkdYHgdgzFBT65SSW
/Explore/EDIS_API/Constituent,CONSTBIOBirth,PROCESS_OBJECT,jSJRCHqTVocgHwOFtOBfmY
/Explore/EDIS_API/Templates,CONSTBIOConstituentBioV2Response,PROCESS_OBJECT,1qXBg48FolsdtkDFXUN4aK
/Explore/EDIS_API/Common_Process_Objects,ErrorModel-2,PROCESS_OBJECT,2rSGJyzdFEriOsjUWlSDAV
/Explore/EDIS_API/Student,api-StudentCurr-Base-v1-Part3,PROCESS,5Ygm5zW4GVddSyDXZUAA6j
/Explore/EDIS_API/Constituent,CONSTBIODeceased,PROCESS_OBJECT,3MUmxt22aWahNO7hY6PXAD
/Explore/EDIS_API/Student,STDNGPAErrorModel1,PROCESS_OBJECT,0vQIAVlxP0Dd1xOlJMN9wf
/Explore/EDIS_API/Student,STDNGPAStudent,PROCESS_OBJECT,a4lviQ6Svk2e5KrGuQQos8
/Explore,EDIS_API,Project,0F6jf7a72rHkHHipZCneMX
/Explore/EDIS_API/po-testing,STDNBIOGender,PROCESS_OBJECT,3hOlYnFKskudTEoHnq01MD
/Explore/EDIS_API/Templates,api-ConstituentBio-Agent-v1-BaseProcess-Part4,PROCESS,98LkMDBpOWrdaRxYPptxsm
/Explore/ConstituentBio_API_Release_3,Common_Process_Objects,Folder,alBAsV4Tmo9iXVEE3M3bS7
/Explore/EDIS_API/po-testing,STDNBIOMetadata,PROCESS_OBJECT,5DZxptNj8IAe81FOay85K4
/Explore/EDIS_API/Templates,CONSTBIOConstituentBioV1Response,PROCESS_OBJECT,2CHwCI86PLvestb5MooaKu
/Explore/EDIS_API/Constituent,api-ApplicantBio-Base-v1,PROCESS,gsQ4LQ8Wp67lrL8XPSJQAV
/Explore/EDIS_API/Student,STDNGPAMetadataInfo,PROCESS_OBJECT,6NZoZAzJ2EQdMTCLP22r0N
/Explore/EDIS_API/Constituent,api-ApplicantBio-v1,PROCESS,1amebKFNcjkioNdFuedaKI
/Explore/EDIS_API/Student,api-StudentCurr-Base-v1,PROCESS,et5VcXg6ZOKiFIaa2OhHGM
/Explore/EDIS_API/Student,STDNCURRStudentCurriculumV1Response,PROCESS_OBJECT,fGi5gViBEGYdlh0NDGmmUT
/Explore/EDIS_API/Templates,api-Recordcount-OdataConn,AI_CONNECTION,fWD2QJhyKiPeCVamhLB1QX
/Explore/EDIS_API/po-testing,STDNBIOPhone,PROCESS_OBJECT,378bhSHmGPngvRU8KCRNSH
/Explore/EDIS_API/Student,api-StudentGPA-Base-v1,PROCESS,7LnStyb2IEBetI6OoQaXG9
/Explore/EDIS_API/Student,api-Student-OdataService,AI_SERVICE_CONNECTOR,3INkZQ0uimfiXvFQGLEnuS
/Explore/EDIS_API/Template_Common_Assets,api-RecordCount-OdataService,AI_SERVICE_CONNECTOR,0SHa5QIZDewhg7ZRCeLBGw
/Explore/EDIS_API/Student,STDNGPAStudentGPAV1Response,PROCESS_OBJECT,9P7Z2F8SCDEbi9lUE0Vgw5
/Explore/EDIS_API/Templates,api-ConstituentBio-Agent-v1,PROCESS,kHQo7Rh2giogIt0mCwjYu5
/Explore/EDIS_API/Student,STDNCURRCurriculum,PROCESS_OBJECT,61KlzUB0FMjkVlfSD43acD
/Explore/EDIS_API/Templates,CONSTBIOConstituentBioV1Request,PROCESS_OBJECT,1pOPzNt1Gucglw19ZCEdkl
/Explore/EDIS_API/Common_Process_Objects,REQUESTMetadata,PROCESS_OBJECT,2D4brLX74l9gfK4m7d5Aop
/Explore/EDIS_API/po-testing,STDNBIOCitizenship,PROCESS_OBJECT,1twf61G3heHjGubWJNdhKH
/Explore/EDIS_API/Constituent,CONSTBIOAddress,PROCESS_OBJECT,alDyFhHofXneDnK0nqRnOx
/Explore/Training and POC/Sowjanya,MetadataInfo,PROCESS_OBJECT,1zxxcPzMaeUgt3LjgnBlKR
/Explore/EDIS_API/Templates,api-ConstituentBio-v1-WrapperProcess-Part1,PROCESS,7RKr020FADrkgel7rXFAqw
/Explore/EDIS_API/Student,studentOdataConn-test,AI_CONNECTION,9ELWLE9rp4ucXpLsmvKeeQ
/Explore/EDIS_API/Constituent,CONSTBIORace,PROCESS_OBJECT,cHsm8JMXQS1eMMeo5uwDKK
/Explore/EDIS_API,po-testing,Folder,5oBLGhhvap8e81tMvTE8q9
/Explore/EDIS_API/Constituent,CONSTBIOGender,PROCESS_OBJECT,1ZT34hXr8ZNjrZbY4lPyIh
/Explore/EDIS_API/Constituent,CONSTBIOMetadataInfo,PROCESS_OBJECT,cqUnMYrwgwdfQ2V2xfuiqG
/Explore/EDIS_API/Constituent,api-ConstituentBio-Agent-v1-TEST,PROCESS,fN7KY9mzSW5krWhrUD88GO
/Explore/EDIS_API,Template_Common_Process_Objects,Folder,cYnc3kGYHozidk8FpzLsi3
/Explore/Training and POC/Sowjanya,StudentCurriculumV1Response,PROCESS_OBJECT,0GRMgKPxrwUjlorJ5cpjge
/Explore/ConstituentBio_API_Release_3/Common_Assets,api-RecordCount-Service,AI_SERVICE_CONNECTOR,5rYFp5C1VWtbTOpKFPTQSs
/Explore/EDIS_API/Constituent,APPLBIOPersonName,PROCESS_OBJECT,cQvStpD7cy6bfk6T1QQFEk
/Explore/EDIS_API/po-testing,STDNBIOStudentBio,PROCESS_OBJECT,48Ir7HIckS3eUgC15Vqt0g
/Explore/EDIS_API/Constituent,CONSTBIOCitizenship,PROCESS_OBJECT,ewOVjvmNiYmkkFzLSdWloz
/Explore/EDIS_API/Constituent,api-Constituent-OdataConn,AI_CONNECTION,3KKaqmQTpy3cLZBN87IcMX
/Explore/EDIS_API/Student,api-Student-BaseProcess-Part1,PROCESS,2nAA6KI2raxc4g7gT3xzwe
/Explore/EDIS_API/Constituent,APPLBIOEmail,PROCESS_OBJECT,fYNLvS88t0hceYnDfndv4H
/Explore/ConstituentBio_API_Release_3/Common_Process_Objects,ErrorModel,PROCESS_OBJECT,7576eJXk0BEindprhrKSej
/Explore/Training and POC,Vamsy,Folder,9UTvow7KlSGhnJPVqFQ3ue
/Explore/EDIS_API/Constituent,api-ConstituentBio-Agent-v1 - Copy 1,PROCESS,iNoswGixlYWcY41f0cypeq
/Explore/EDIS_API/Constituent,api-StudentBio-Agent-v1,PROCESS,i6SILFi85mIjI1EqFil8uD
/Explore/EDIS_API/Constituent,APPLBIOApplicantBioV1Response,PROCESS_OBJECT,0zbbY3taxvqlVjpqI7cq0C
/Explore/EDIS_API/Templates,CONSTBIOAddress,PROCESS_OBJECT,56ypl972pEgcQCMlHvnBQ8
/Explore/EDIS_API/Common_Assets,api-RecordCount-Service-new,AI_SERVICE_CONNECTOR,f1TGnosJjOIh49ETgX0W2C
/Explore/EDIS_API/Constituent,APPLBIOErrorModel,PROCESS_OBJECT,5gSHXsUePDHk5LhbaPX20P
/Explore/EDIS_API/Templates,CONSTBIOEmail,PROCESS_OBJECT,fUlhvEz7Oisg0E6oSFpqk1
/Explore/EDIS_API/Templates,api-Constituent-Conn,AI_CONNECTION,02AbsrcAYutj7jFQeJ2NQR
/Explore/EDIS_API/Common_Assets,api-TextToDateTimeTypeConversion,PROCESS,d4sYBfxMsQqiifCkHNPacK
/Explore/EDIS_API/Templates,api-ConstituentBio-Base-v1-BaseProcess-Part7,PROCESS,gScpAhuz4KHg8nOuMNsxsm
/Explore/Training and POC/Vamsy,api-Constituent-OdataService,AI_SERVICE_CONNECTOR,j7qIVDTQMO8jojZWrQyreA
/Explore/EDIS_API/Constituent,api-ConstituentBio-v1 - Copy 1,PROCESS,0fj9pHQfTcCcGhNe1lD9ci
/Explore/EDIS_API,Student,Folder,8BTlknsxaJgfaDRGdAxNC5
/Explore/EDIS_API/Templates,api-ConstituentBio-v1-WrapperProcess-Part2,PROCESS,5lF5XOHzqqCiaLClo2vHyw
/Explore/EDIS_API/Common_Assets,api-TextToIntegerTypeConversion,PROCESS,4gYKZbibk6wffBFRdWM3GJ
/Explore/EDIS_API/Templates,api-ConstituentBio-Agent-v1-BaseProcess-Part3,PROCESS,23yDRR2Ed8mdn3pAHFxTgg
/Explore/EDIS_API,Faculty,Folder,1mGHBjjxqX6g6lZkxfmK6T
/Explore/EDIS_API/Templates,CONSTBIOMetadatalinks,PROCESS_OBJECT,dgmQfMgrz8kkDv1E4N3eUk
/Explore/EDIS_API/Common_Assets,api-RecordCount-Service,AI_SERVICE_CONNECTOR,dnDduSC9aW3jpve39NwQSy
/Explore/EDIS_API/Constituent,APPLBIOGender,PROCESS_OBJECT,lwhq8Y9htk6eQdrJf0qlQV
/Explore/EDIS_API/po-testing,STDNBIOConstituentClassification,PROCESS_OBJECT,8G2wI7qRKWMiaHKNKkrGUu
/Explore/EDIS_API/Common_Process_Objects,Metadatalinks,PROCESS_OBJECT,fxPlxBdIxIWbTERmO54ByB
/Explore/EDIS_API/Templates,api-ConstituentBio-Base-v1-BaseProcess-Part6,PROCESS,7jUKvW0aByxgYBSdtJCbm7
/Explore/EDIS_API/Constituent,APPLBIOCitizenship,PROCESS_OBJECT,gCqGlmnsT6SlcK0oF6eqiF
/Explore/EDIS_API/Templates,CONSTBIOMetadataInfoV1,PROCESS_OBJECT,7o19gL6L3yOhTwQHK73xIO
/Explore/EDIS_API/Common_Process_Objects,Metadata,PROCESS_OBJECT,7mvUL2jsWiEfvddzwz3DUo
/Explore/EDIS_API/Constituent,api-Constituent-conn-TEST,AI_CONNECTION,6azUr1IUyIPfCUTmGi32gw
/Explore/EDIS_API/Templates,CONSTBIOPersonName,PROCESS_OBJECT,471YZdtWCsofLn62IP28SL
/Explore/EDIS_API/Templates,CONSTBIOConstituentBio,PROCESS_OBJECT,4TAxT8uJmgKckC34RFf7wl
/Explore/EDIS_API/Constituent,APPLBIOPhone,PROCESS_OBJECT,btVKg5ZYtWnj4dOZWbhrSK
/Explore/EDIS_API/Constituent,api-Constituent-OdataService,AI_SERVICE_CONNECTOR,2ZhpQWm71kxfTIJvQaBX2v
/Explore/Training and POC/Sowjanya,Curriculum,PROCESS_OBJECT,g7kbqYTWikHi4XBjrrR3Ub
/Explore/EDIS_API/Templates,CONSTBIORace,PROCESS_OBJECT,8MVAnTx0Bfilr4LMJt6G2s
/Explore/EDIS_API/Student,api-StudentCurr-Base-v1 - Copy 1,PROCESS,ayHF8Gx7jyCdbBVURz620G
/Explore/EDIS_API/Common_Process_Objects,SampleAPINameV1Request,PROCESS_OBJECT,5L6Obam3zpLl7vznkcJrKC
/Explore/EDIS_API/po-testing,STDNBIORace,PROCESS_OBJECT,9UGC70wuz26lEpFzXuTfmT
/Explore/EDIS_API/Constituent,api-StudentBio-Base-v1,PROCESS,2LDrc0rGe0PlyYwjMae4ia
/Explore/EDIS_API/Student,api-StudentCurr-Base-v1-Part2,PROCESS,8BTEc2BI4eYbvbK9o8gjQK
/Explore/EDIS_API/Template_Common_Process_Objects,Metadatalinks,PROCESS_OBJECT,3xVsdQg6fBae2gS1gO6qCp
/Explore/EDIS_API/Student,api-Student-Conn,AI_CONNECTION,7ZGKqDK57SVdGocZqFvg2x
/Explore/EDIS_API/Common_Process_Objects,ExtendedErrorModel,PROCESS_OBJECT,6Q28cbF4Mipd8sZvBDIR2g
/Explore,Training and POC,Project,lHgaLqUrHsAhj0KtQ0PFKB
/Explore/EDIS_API/Templates,api-OdataService-Recordcount,AI_SERVICE_CONNECTOR,g0lodDV4KwBhQccL668rEF
/Explore/EDIS_API,Student-GPA-Generate-Objects,Folder,2XqhJkBPGkNhnuB6D6396W
/Explore/EDIS_API/po-testing,STDNBIODeceased,PROCESS_OBJECT,6eWxMm3NeBqihNqY1mQtqb
/Explore/EDIS_API/Templates,CONSTBIODeceased,PROCESS_OBJECT,3Q3Xd079oUPcHEqKj5hXyy
/Explore/EDIS_API/Student,api-StudentCurr-Base-v1-Part1,PROCESS,bdeu57oovwvdCIXQhN06am
/Explore/EDIS_API/Constituent,APPLBIOApplicantBio,PROCESS_OBJECT,1xaUCUbf08xffWuC7034Mw
/Explore/EDIS_API/Constituent,APPLBIOMetadata,PROCESS_OBJECT,1ayVDLcshw8htPdsVftCsr
/Explore/EDIS_API/Constituent,CONSTBIOConstituentBioV1Request,PROCESS_OBJECT,82ZZ7v3hHHfigUW6Oi6Aoq
/Explore/EDIS_API/po-testing,STDNBIOApiStudentBioV1Response,PROCESS_OBJECT,2AVxq9JIA0OfVA7e3ubJQq
/Explore/EDIS_API/Constituent,api-ConstituentBio-Base-v1,PROCESS,6yf4sJM6YHjc8hN39UVYMw
/Explore/EDIS_API,Templates,Folder,5RIfdc7JmCAh4Ys8BZokCT