<aetgt:getResponse xmlns:aetgt="http://schemas.active-endpoints.com/appmodules/repository/2010/10/avrepository.xsd"
                   xmlns:types1="http://schemas.active-endpoints.com/appmodules/repository/2010/10/avrepository.xsd">
   <types1:Item>
      <types1:EntryId>Nmi0UuDpppppppp-gt-6293043-2020-04-08T20:19:45.64Z::conn.xml</types1:EntryId>
      <types1:Name>api-Student-OdataConn</types1:Name>
      <types1:ParentFlowIds>2n7ZLPJljxcghuI-gt-5324835-2020-05-27T20:57:58.5Z::pd.xml,8dpgbcggaaaaa-gt-15792917-2020-05-14T20:22:33.954Z::pd.xml,9xGomUhGdwOLIFv-gt-9248836-2020-05-22T04:50:23.971Z::pd.xml,HEJRxZsEi4tciSr-gt-12804658-2020-05-27T20:13:11.543Z::pd.xml,IMR7hsAVR3aaa-gt-2014978-2020-04-23T02:30:00.553Z::pd.xml,ImXycotFgpKi9zh-gt-24404886-2020-05-11T17:55:32.549Z::pd.xml,QoPVm5Y6tMFygls-gt-11353903-2020-05-27T05:39:34.687Z::pd.xml,ROKx6I1dq2ME9pa-gt-5186512-2020-04-23T22:07:19.704Z::pd.xml,zrv0CR3aaa-gt-4657950-2020-04-22T22:08:07.415Z::pd.xml</types1:ParentFlowIds>
      <types1:MimeType>application/xml+connection</types1:MimeType>
      <types1:Description>Sowjanya - App connection that uses the api-Student-OdataService</types1:Description>
      <types1:AppliesTo/>
      <types1:Tags/>
      <types1:VersionLabel>1.0</types1:VersionLabel>
      <types1:State>CURRENT</types1:State>
      <types1:ProcessGroup/>
      <types1:CreatedBy>sramsett@gmu.edu</types1:CreatedBy>
      <types1:CreationDate>2020-04-08T20:19:46Z</types1:CreationDate>
      <types1:ModifiedBy>sramsett@gmu.edu</types1:ModifiedBy>
      <types1:ModificationDate>2020-04-08T20:27:57Z</types1:ModificationDate>
      <types1:PublicationStatus>published</types1:PublicationStatus>
      <types1:PublishedBy>edis@gmu.edu.dev</types1:PublishedBy>
      <types1:PublicationDate>2020-06-01T18:36:28Z</types1:PublicationDate>
      <types1:PublishedContributionId>project:/rt.connection/api-Student-OdataConn/api-Student-OdataConn.conn.xml</types1:PublishedContributionId>
      <types1:AutosaveExists>false</types1:AutosaveExists>
      <types1:Entry>
         <connection xmlns="http://schemas.informatica.com/socrates/data-services/2014/04/avosConnections.xsd"
                     displayName="api-Student-OdataConn"
                     label="api-Student-OdataConn"
                     name="api-Student-OdataConn">
            <description>Sowjanya - App connection that uses the api-Student-OdataService</description>
            <tags/>
            <agent/>
            <attributes/>
            <businessConnector xmlns="http://schemas.informatica.com/appmodules/screenflow/2014/04/avosConnectors.xsd"
                               agentOnly="false"
                               connectorPath="project:/rt.connector/api_Student_OdataService/api_Student_OdataService_svcDef.xml"
                               guid="3INkZQ0uimfiXvFQGLEnuS"
                               name="api-Student-OdataService"
                               supportsConnectionTest="false"
                               uuid="70ec67e1-5f3a-47e2-9b47-28b8215cbed6">
               <description>Sowjanya - Service Connector that uses api-Student-Conn db connection</description>
            </businessConnector>
         </connection>
      </types1:Entry>
      <types1:GUID>23SpjmoeR1BbXjzkxet1wd</types1:GUID>
      <types1:DisplayName>api-Student-OdataConn</types1:DisplayName>
   </types1:Item>
   <types1:CurrentServerDateTime>2020-06-23T19:59:48.107Z</types1:CurrentServerDateTime>
</aetgt:getResponse>
