<aetgt:getResponse xmlns:aetgt="http://schemas.active-endpoints.com/appmodules/repository/2010/10/avrepository.xsd"
                   xmlns:types1="http://schemas.active-endpoints.com/appmodules/repository/2010/10/avrepository.xsd">
   <types1:Item>
      <types1:EntryId>IMR7hsAVR3aaa-gt-2014978-2020-04-23T02:30:00.553Z::pd.xml</types1:EntryId>
      <types1:Name>api-StudentCurr-Base-v1-Part1</types1:Name>
      <types1:MimeType>application/xml+process</types1:MimeType>
      <types1:Description>ml_testing</types1:Description>
      <types1:AppliesTo/>
      <types1:Tags/>
      <types1:VersionLabel>1.0</types1:VersionLabel>
      <types1:State>CURRENT</types1:State>
      <types1:ProcessGroup/>
      <types1:CreatedBy>mlulis@gmu.edu.dev</types1:CreatedBy>
      <types1:CreationDate>2020-04-23T02:30:01Z</types1:CreationDate>
      <types1:ModifiedBy>mlulis@gmu.edu.dev</types1:ModifiedBy>
      <types1:ModificationDate>2020-04-23T03:36:53Z</types1:ModificationDate>
      <types1:PublicationStatus>published</types1:PublicationStatus>
      <types1:PublishedBy>mlulis@gmu.edu.dev</types1:PublishedBy>
      <types1:PublicationDate>2020-04-23T03:36:59Z</types1:PublicationDate>
      <types1:PublishedContributionId>project:/spi.api-StudentCurr-Base-v1-Part1/api-StudentCurr-Base-v1-Part1.pd.xml</types1:PublishedContributionId>
      <types1:AutosaveExists>false</types1:AutosaveExists>
      <types1:Entry>
         <process xmlns="http://schemas.active-endpoints.com/appmodules/screenflow/2010/10/avosScreenflow.xsd"
                  xmlns:list="urn:activevos:spi:list:functions"
                  displayName="api-StudentCurr-Base-v1-Part1"
                  name="api-StudentCurr-Base-v1-Part1"
                  overrideAPIName="true">
            <appliesTo/>
            <description>ml_testing</description>
            <tags/>
            <generator>Informatica Process Designer 11</generator>
            <input>
               <parameter description="Current Indicator is 'C'urrent or 'H'istory"
                          name="currentInd"
                          required="true"
                          type="string">
                  <options>
                     <option name="required">false</option>
                  </options>
               </parameter>
               <parameter description="Student GNumber" name="gNumber" type="string">
                  <options>
                     <option name="required">false</option>
                  </options>
               </parameter>
               <parameter description="pageNumber - usage $top" name="pageNumber" type="int">
                  <options>
                     <option name="required">false</option>
                  </options>
               </parameter>
               <parameter description="pageSize - usage $skip" name="pageSize" type="int">
                  <options>
                     <option name="required">false</option>
                  </options>
               </parameter>
               <parameter description="effective From date - date range processing"
                          name="effectiveFromDtAfter"
                          type="datetime">
                  <options>
                     <option name="thirtyMinutesIncrement">true</option>
                     <option name="required">false</option>
                  </options>
               </parameter>
               <parameter description="effective from date - date range processing"
                          name="effectiveFromDtBefore"
                          type="datetime">
                  <options>
                     <option name="thirtyMinutesIncrement">true</option>
                     <option name="required">false</option>
                  </options>
               </parameter>
            </input>
            <output>
               <field description="" name="apiResponse" type="objectlist">
                  <options>
                     <option name="referenceTo">api-Student-OdataConn:value_StudentCurr</option>
                     <option hide="true" name="multiSelect">true</option>
                     <option name="required">false</option>
                     <option name="isCopy">true</option>
                     <option name="guid">23SpjmoeR1BbXjzkxet1wd</option>
                  </options>
               </field>
            </output>
            <tempFields>
               <field description="" name="t_url" type="string">
                  <options>
                     <option name="required">false</option>
                  </options>
               </field>
               <field description="Student Context AppConnection URL"
                      name="t_baseUrl"
                      type="string">
                  <options>
                     <option name="required">false</option>
                  </options>
               </field>
               <field description="use for pagingation - pageNumber"
                      name="t_top"
                      type="int">
                  <options>
                     <option name="required">false</option>
                  </options>
               </field>
               <field description="use for pagination - pageSize"
                      name="t_skip"
                      type="int">
                  <options>
                     <option name="required">false</option>
                  </options>
               </field>
               <field description="" name="t_currInd" type="string">
                  <options>
                     <option name="required">false</option>
                  </options>
               </field>
               <field description="" name="t_filter" type="string">
                  <options>
                     <option name="required">false</option>
                  </options>
               </field>
               <field description="" name="t_effectiveFromDtAfter" type="string">
                  <options>
                     <option name="required">false</option>
                  </options>
               </field>
               <field description="" name="t_effectiveFromDtBefore" type="string">
                  <options>
                     <option name="required">false</option>
                  </options>
               </field>
               <field description="" name="t_gNumber" type="string">
                  <options>
                     <option name="required">false</option>
                  </options>
               </field>
               <field description="" name="t_joinFilters" type="string">
                  <options>
                     <option name="required">false</option>
                  </options>
               </field>
               <field description="" name="t_finalFilters" type="string">
                  <options>
                     <option name="required">false</option>
                  </options>
               </field>
               <field description="" name="t_pagingFilters" type="string">
                  <options>
                     <option name="required">false</option>
                  </options>
               </field>
            </tempFields>
            <notes>This is a process to test issues with the api-StudentOdataConn</notes>
            <deployment suspendOnFault="false" tracingLevel="normal">
               <rest>
                  <allowedGroups>
                     <group>Admin Team</group>
                  </allowedGroups>
               </rest>
            </deployment>
            <flow id="a">
               <start id="b">
                  <link id="k9c5essi" targetId="k9c5essh"/>
               </start>
               <assignment id="k9c5essh">
                  <title>Assignment to t_top, t_skip</title>
                  <operation source="formula" to="temp.t_top">
                     <expression language="XQuery">if($input.pageNumber!='')
then 100
else
200</expression>
                  </operation>
                  <operation source="formula" to="temp.t_skip">
                     <expression language="XQuery">if($input.pageNumber!='')
then
($input.pageNumber - 1) * 100
else
0</expression>
                  </operation>
                  <link id="k9c5essj" targetId="k9bvr86q"/>
               </assignment>
               <assignment id="k9bvr86q">
                  <title>Assignment to t_currInd, t_gNumber etc.</title>
                  <operation source="formula" to="temp.t_currInd">
                     <expression language="XQuery">if($input.currentInd!='')
then fn:concat("STDN_CURRENT_IND%20eq%20'",$input.currentInd,"'%20and%20")
else
''</expression>
                  </operation>
                  <operation source="formula" to="temp.t_gNumber">
                     <expression language="XQuery">if($input.gNumber!='')
then fn:concat("STDN_GNUMBER%20eq%20'",$input.gNumber,"'%20and%20")
else
''</expression>
                  </operation>
                  <operation source="formula" to="temp.t_baseUrl">
                     <expression language="XQuery">"https://na1.ai.dm-us.informaticacloud.com/active-bpel/odata/v4/api-Student-Conn/STUDENT_CURRICULUM_VW"</expression>
                  </operation>
                  <operation source="formula" to="temp.t_filter">
                     <expression language="XQuery">if($input.gNumber!='' or $input.effectiveFromDtAfter!='' or $input.effectiveFromDtBefore!='' or $input.currentInd!='')
then
"?$filter="
else
"?"</expression>
                  </operation>
                  <operation source="formula" to="temp.t_pagingFilters">
                     <expression language="XQuery">if($input.gNumber!='' or $input.effectiveFromDtAfter!='' or $input.effectiveFromDtBefore!='' or $input.currentInd!='')
then
fn:concat("&amp;amp;$top=",$temp.t_top ,"&amp;amp;$skip=",$temp.t_skip)
else
fn:concat("$top=",$temp.t_top ,"&amp;amp;$skip=",$temp.t_skip)</expression>
                  </operation>
                  <operation source="formula" to="input.effectiveFromDtAfter">
                     <expression language="XQuery">if($input.effectiveFromDtAfter!='')
then fn:concat("STDN_EFFECTIVE_FROM_DATE%20ge%20",$input.effectiveFromDtAfter,"%20and%20")
else
''</expression>
                  </operation>
                  <operation source="formula" to="input.effectiveFromDtBefore">
                     <expression language="XQuery">if($input.effectiveFromDtBefore!='')
then fn:concat("STDN_EFFECTIVE_FROM_DATE%20le%20",$input.effectiveFromDtBefore,"%20and%20")
else
''</expression>
                  </operation>
                  <link id="k9c5esu5" targetId="k9c5esu4"/>
               </assignment>
               <assignment id="k9c5esu4">
                  <title>Assignment to t_joinFilters</title>
                  <operation source="formula" to="temp.t_joinFilters">
                     <expression language="XQuery">fn:concat($temp.t_baseUrl,$temp.t_filter,$temp.t_currInd,$temp.t_effectiveFromDtAfter,$temp.t_effectiveFromDtBefore,$temp.t_gNumber)</expression>
                  </operation>
                  <link id="k9c5esuc" targetId="k9c5esub"/>
               </assignment>
               <assignment id="k9c5esub">
                  <title>Assignment to t_finalFilters</title>
                  <operation source="formula" to="temp.t_finalFilters">
                     <expression language="XQuery">if(fn:ends-with($temp.t_joinFilters, '%20and%20'))
then
fn:substring($temp.t_joinFilters, 1, fn:string-length($temp.t_joinFilters)-9)
else
$temp.t_joinFilters</expression>
                  </operation>
                  <link id="k9c5esud" targetId="k9c5eswt"/>
               </assignment>
               <eventContainer id="k9c5eswt">
                  <service id="k9c4ksat">
                     <title>GetData</title>
                     <serviceName>api-Student-OdataConn:GetData_StudentCurr</serviceName>
                     <serviceGUID>23SpjmoeR1BbXjzkxet1wd</serviceGUID>
                     <serviceInput>
                        <parameter name="in_URL" source="formula">
                           <expression language="XQuery">fn:concat($temp.t_finalFilters,$temp.t_pagingFilters)</expression>
                        </parameter>
                     </serviceInput>
                  </service>
                  <flow id="k9c5eswv">
                     <assignment id="k9c5esx3">
                        <title>Assignment to apiResponse</title>
                        <operation source="field" to="output.apiResponse">output.AllRecords</operation>
                     </assignment>
                     <link id="k9c5esww" targetId="k9c5eswt" type="containerLink"/>
                  </flow>
                  <flow id="k9c5eswy">
                     <link id="k9c5eswz" targetId="k9c5eswt" type="containerLink"/>
                  </flow>
                  <link id="k9c5eswu" targetId="k9c5eswv" type="containerLink"/>
                  <link id="k9c5esx2" targetId="c"/>
                  <events>
                     <catch faultField="faultInfo" id="k9c5esws" interrupting="true">
                        <link id="k9c5eswx" targetId="k9c5eswy" type="containerLink"/>
                     </catch>
                  </events>
               </eventContainer>
               <end id="c"/>
            </flow>
         </process>
         <ns1:sample-data-sets xmlns:ns1="http://schemas.active-endpoints.com/appmodules/repository/2010/10/sampleData.xsd">
            <ns1:SampleData>
               <ns1:Id>8d7ea7e0-8edf-493b-96a1-9faf365818bf</ns1:Id>
               <ns1:Name>test_case_1</ns1:Name>
               <ns1:CreatedBy>mlulis@gmu.edu.dev</ns1:CreatedBy>
               <ns1:CreationDate>2020-04-23T02:30:01Z</ns1:CreationDate>
               <ns1:ModifiedBy>mlulis@gmu.edu.dev</ns1:ModifiedBy>
               <ns1:ModifiedDate>2020-04-23T02:30:01Z</ns1:ModifiedDate>
               <ns1:Data format="json">{
	 "currentInd": "C"
}</ns1:Data>
            </ns1:SampleData>
         </ns1:sample-data-sets>
      </types1:Entry>
      <types1:GUID>bdeu57oovwvdCIXQhN06am</types1:GUID>
      <types1:DisplayName>api-StudentCurr-Base-v1-Part1</types1:DisplayName>
   </types1:Item>
   <types1:CurrentServerDateTime>2020-06-23T19:59:48.39Z</types1:CurrentServerDateTime>
</aetgt:getResponse>
