<aetgt:getResponse xmlns:aetgt="http://schemas.active-endpoints.com/appmodules/repository/2010/10/avrepository.xsd"
                   xmlns:types1="http://schemas.active-endpoints.com/appmodules/repository/2010/10/avrepository.xsd">
   <types1:Item>
      <types1:EntryId>clHV8F4MTD86Cjq-gt-10706730-2020-04-29T22:34:04.004Z::pd.xml</types1:EntryId>
      <types1:Name>api-StudentCurr-Base-v1-Part3</types1:Name>
      <types1:ParentFlowIds>ji4YclFmVSciY3A-gt-286441-2020-05-18T02:22:18.146Z::pd.xml</types1:ParentFlowIds>
      <types1:MimeType>application/xml+process</types1:MimeType>
      <types1:Description>SR - Student_Curriculum</types1:Description>
      <types1:AppliesTo/>
      <types1:Tags/>
      <types1:VersionLabel>1.0</types1:VersionLabel>
      <types1:State>CURRENT</types1:State>
      <types1:ProcessGroup/>
      <types1:CreatedBy>sramsett@gmu.edu</types1:CreatedBy>
      <types1:CreationDate>2020-04-29T22:34:04Z</types1:CreationDate>
      <types1:ModifiedBy>sramsett@gmu.edu</types1:ModifiedBy>
      <types1:ModificationDate>2020-05-06T11:52:53Z</types1:ModificationDate>
      <types1:PublicationStatus>published</types1:PublicationStatus>
      <types1:PublishedBy>sramsett@gmu.edu</types1:PublishedBy>
      <types1:PublicationDate>2020-05-20T05:03:09Z</types1:PublicationDate>
      <types1:PublishedContributionId>project:/spi.api-StudentCurr-Base-v1-Part3/api-StudentCurr-Base-v1-Part3.pd.xml</types1:PublishedContributionId>
      <types1:AutosaveExists>false</types1:AutosaveExists>
      <types1:Entry>
         <process xmlns="http://schemas.active-endpoints.com/appmodules/screenflow/2010/10/avosScreenflow.xsd"
                  xmlns:list="urn:activevos:spi:list:functions"
                  displayName="api-StudentCurr-Base-v1-Part3"
                  name="api-StudentCurr-Base-v1-Part3"
                  overrideAPIName="true">
            <appliesTo/>
            <description>SR - Student_Curriculum</description>
            <tags/>
            <generator>Informatica Process Designer 11</generator>
            <input>
               <parameter description="Current Indicator is 'C'urrent or 'H'istory"
                          name="currentInd"
                          required="true"
                          type="string">
                  <options>
                     <option name="required">false</option>
                  </options>
               </parameter>
               <parameter description="Student GNumber" name="gNumber" type="string">
                  <options>
                     <option name="required">false</option>
                  </options>
               </parameter>
               <parameter description="pageNumber - usage $top" name="pageNumber" type="int">
                  <options>
                     <option name="required">false</option>
                  </options>
               </parameter>
               <parameter description="pageSize - usage $skip" name="pageSize" type="int">
                  <options>
                     <option name="required">false</option>
                  </options>
               </parameter>
               <parameter description="effective From date - date range processing"
                          name="effectiveFromDtAfter"
                          type="datetime">
                  <options>
                     <option name="thirtyMinutesIncrement">true</option>
                     <option name="required">false</option>
                  </options>
               </parameter>
               <parameter description="effective from date - date range processing"
                          name="effectiveFromDtBefore"
                          type="datetime">
                  <options>
                     <option name="thirtyMinutesIncrement">true</option>
                     <option name="required">false</option>
                  </options>
               </parameter>
               <parameter description="eligible term code e.g. &#34;202010&#34;"
                          name="eligibleTermCode"
                          type="string">
                  <options>
                     <option name="required">false</option>
                  </options>
               </parameter>
               <parameter description="" name="sort" type="string">
                  <options>
                     <option name="required">false</option>
                  </options>
               </parameter>
               <parameter description="" name="effectiveTermCode" type="string">
                  <options>
                     <option name="required">false</option>
                  </options>
               </parameter>
               <parameter description="" name="curriculumStatusCode" type="string">
                  <options>
                     <option name="required">false</option>
                  </options>
               </parameter>
               <parameter description="" name="studentLevelCode" type="string">
                  <options>
                     <option name="required">false</option>
                  </options>
               </parameter>
               <parameter description="" name="collegeCode" type="string">
                  <options>
                     <option name="required">false</option>
                  </options>
               </parameter>
            </input>
            <output>
               <field description="" name="apiResponse" type="reference">
                  <options>
                     <option name="referenceTo">$po:STDNCURRStudentCurriculumV1Response</option>
                     <option name="required">false</option>
                     <option name="isCopy">true</option>
                     <option name="guid">fGi5gViBEGYdlh0NDGmmUT</option>
                  </options>
               </field>
            </output>
            <tempFields>
               <field description="" name="t_url" type="string">
                  <options>
                     <option name="required">false</option>
                  </options>
               </field>
               <field description="Student Context AppConnection URL"
                      name="t_baseUrl"
                      type="string">
                  <options>
                     <option name="required">false</option>
                  </options>
               </field>
               <field description="use for pagingation - pageNumber"
                      name="t_top"
                      type="int">
                  <options>
                     <option name="required">false</option>
                  </options>
               </field>
               <field description="use for pagination - pageSize"
                      name="t_skip"
                      type="int">
                  <options>
                     <option name="required">false</option>
                  </options>
               </field>
               <field description="" name="t_currInd" type="string">
                  <options>
                     <option name="required">false</option>
                  </options>
               </field>
               <field description="" name="t_filter" type="string">
                  <options>
                     <option name="required">false</option>
                  </options>
               </field>
               <field description="" name="t_effectiveFromDtAfter" type="string">
                  <options>
                     <option name="required">false</option>
                  </options>
               </field>
               <field description="" name="t_effectiveFromDtBefore" type="string">
                  <options>
                     <option name="required">false</option>
                  </options>
               </field>
               <field description="" name="t_gNumber" type="string">
                  <options>
                     <option name="required">false</option>
                  </options>
               </field>
               <field description="" name="t_joinFilters" type="string">
                  <options>
                     <option name="required">false</option>
                  </options>
               </field>
               <field description="" name="t_finalFilters" type="string">
                  <options>
                     <option name="required">false</option>
                  </options>
               </field>
               <field description="" name="t_pagingFilters" type="string">
                  <options>
                     <option name="required">false</option>
                  </options>
               </field>
               <field description="" name="t_urlWithCount" type="string">
                  <options>
                     <option name="required">false</option>
                  </options>
               </field>
               <field description="" name="t_selectquery" type="string">
                  <options>
                     <option name="required">false</option>
                  </options>
               </field>
               <field description="" name="t_whereClause" type="string">
                  <options>
                     <option name="required">false</option>
                  </options>
               </field>
               <field description="" name="t_query_gNumber" type="string">
                  <options>
                     <option name="required">false</option>
                  </options>
               </field>
               <field description="" name="t_query_currInd" type="string">
                  <options>
                     <option name="required">false</option>
                  </options>
               </field>
               <field description="" name="t_query_effectiveFromDtBefore" type="string">
                  <options>
                     <option name="required">false</option>
                  </options>
               </field>
               <field description="" name="t_query_joinFilters" type="string">
                  <options>
                     <option name="required">false</option>
                  </options>
               </field>
               <field description="" name="t_query_finalFilters" type="string">
                  <options>
                     <option name="required">false</option>
                  </options>
               </field>
               <field description="" name="t_query_effectiveFromDtAfter" type="string">
                  <options>
                     <option name="required">false</option>
                  </options>
               </field>
               <field description="" name="t_pageNumber" type="int">
                  <options>
                     <option name="required">false</option>
                  </options>
               </field>
               <field description="" name="t_eligible_term_code" type="string">
                  <options>
                     <option name="required">false</option>
                  </options>
               </field>
               <field description="" name="t_query_eligible_term_code" type="string">
                  <options>
                     <option name="required">false</option>
                  </options>
               </field>
               <field description="" name="t_self" type="string">
                  <options>
                     <option name="required">false</option>
                  </options>
               </field>
               <field description="" name="t_first" type="string">
                  <options>
                     <option name="required">false</option>
                  </options>
               </field>
               <field description="" name="t_previous" type="string">
                  <options>
                     <option name="required">false</option>
                  </options>
               </field>
               <field description="" name="t_next" type="string">
                  <options>
                     <option name="required">false</option>
                  </options>
               </field>
               <field description="" name="t_last" type="string">
                  <options>
                     <option name="required">false</option>
                  </options>
               </field>
               <field description="" name="t_links_gNumber" type="string">
                  <options>
                     <option name="required">false</option>
                  </options>
               </field>
               <field description="" name="t_links_currInd" type="string">
                  <options>
                     <option name="required">false</option>
                  </options>
               </field>
               <field description="" name="t_links_eligible_term_code" type="string">
                  <options>
                     <option name="required">false</option>
                  </options>
               </field>
               <field description="" name="t_links_effectiveFromDtAfter" type="string">
                  <options>
                     <option name="required">false</option>
                  </options>
               </field>
               <field description="" name="t_links_effectiveFromDtBefore" type="string">
                  <options>
                     <option name="required">false</option>
                  </options>
               </field>
               <field description="API URL for paging links "
                      name="t_api_url"
                      type="string">
                  <options>
                     <option name="required">false</option>
                  </options>
               </field>
               <field description="" name="t_sort" type="objectlist">
                  <options>
                     <option name="referenceTo">$po:$any</option>
                     <option hide="true" name="multiSelect">true</option>
                     <option name="required">false</option>
                     <option name="isCopy">true</option>
                  </options>
               </field>
               <field description="" name="t_orderby" type="string">
                  <options>
                     <option name="required">false</option>
                  </options>
               </field>
               <field description="" name="t_sortFields" type="string">
                  <options>
                     <option name="required">false</option>
                  </options>
               </field>
               <field description="" name="t_finalSortFields" type="string">
                  <options>
                     <option name="required">false</option>
                  </options>
               </field>
               <field description="" name="t_links_sort" type="string">
                  <options>
                     <option name="required">false</option>
                  </options>
               </field>
               <field description="" name="t_joinSortFields" type="string">
                  <options>
                     <option name="required">false</option>
                  </options>
               </field>
               <field description="" name="t_query_effectiveTermCode" type="string">
                  <options>
                     <option name="required">false</option>
                  </options>
               </field>
               <field description="" name="t_query_curriculumStatusCode" type="string">
                  <options>
                     <option name="required">false</option>
                  </options>
               </field>
               <field description="" name="t_query_studentLevelCode" type="string">
                  <options>
                     <option name="required">false</option>
                  </options>
               </field>
               <field description="" name="t_query_collegeCode" type="string">
                  <options>
                     <option name="required">false</option>
                  </options>
               </field>
               <field description="" name="t_links_effectiveTermCode" type="string">
                  <options>
                     <option name="required">false</option>
                  </options>
               </field>
               <field description="" name="t_links_curriculumStatusCode" type="string">
                  <options>
                     <option name="required">false</option>
                  </options>
               </field>
               <field description="" name="t_links_studentLevelCode" type="string">
                  <options>
                     <option name="required">false</option>
                  </options>
               </field>
               <field description="" name="t_links_collegeCode" type="string">
                  <options>
                     <option name="required">false</option>
                  </options>
               </field>
               <field description="" name="t_effectiveTermCode" type="string">
                  <options>
                     <option name="required">false</option>
                  </options>
               </field>
               <field description="" name="t_curriculumStatusCode" type="string">
                  <options>
                     <option name="required">false</option>
                  </options>
               </field>
               <field description="" name="t_studentLevelCode" type="string">
                  <options>
                     <option name="required">false</option>
                  </options>
               </field>
               <field description="" name="t_collegeCode" type="string">
                  <options>
                     <option name="required">false</option>
                  </options>
               </field>
            </tempFields>
            <notes>This is a process to test issues with the api-StudentOdataConn</notes>
            <deployment suspendOnFault="false" tracingLevel="verbose">
               <rest>
                  <allowedGroups>
                     <group>Admin Team</group>
                  </allowedGroups>
               </rest>
            </deployment>
            <flow id="a">
               <start id="b">
                  <link id="k9c5essi" targetId="k9c5essh"/>
               </start>
               <assignment id="k9c5essh">
                  <title>Assignment to t_top, t_skip etc.</title>
                  <operation source="formula" to="temp.t_top">
                     <expression language="XQuery">if($input.pageNumber!='' and $input.pageSize!='')
then $input.pageSize
else if((fn:empty($input.pageNumber)) and ($input.pageSize!=''))
then $input.pageSize
else
200</expression>
                  </operation>
                  <operation source="formula" to="temp.t_skip">
                     <expression language="XQuery">if($input.pageNumber!='' and $input.pageSize!='')
then
xs:long(($input.pageNumber - 1) * $input.pageSize)
else if(($input.pageNumber!='') and (fn:empty($input.pageSize)))
then xs:long(($input.pageNumber - 1) * 200)
else
0</expression>
                  </operation>
                  <operation source="formula" to="temp.t_pageNumber">
                     <expression language="XQuery">if($input.pageNumber != '')
then
$input.pageNumber
else
1</expression>
                  </operation>
                  <operation source="constant" to="temp.t_selectquery">select count(*) count_rows from edis_api_layer.STUDENT_CURRICULUM_VW</operation>
                  <operation source="formula" to="temp.t_whereClause">
                     <expression language="XQuery">if($input.gNumber!='' or $input.eligibleTermCode!='' or $input.effectiveFromDtAfter!='' or $input.effectiveFromDtBefore!='' or $input.currentInd!='' or $input.effectiveTermCode!='' or $input.curriculumStatusCode!='' or $input.studentLevelCode!='' or $input.collegeCode!='')
then
" where "
else
''</expression>
                  </operation>
                  <link id="k9c5essj" targetId="k9bvr86q"/>
               </assignment>
               <assignment id="k9bvr86q">
                  <title>Assignment to t_currInd, t_gNumber etc.</title>
                  <operation source="formula" to="temp.t_currInd">
                     <expression language="XQuery">if($input.currentInd!='')
then fn:concat("STDN_CURRENT_IND%20eq%20'",$input.currentInd,"'%20and%20")
else
''</expression>
                  </operation>
                  <operation source="formula" to="temp.t_gNumber">
                     <expression language="XQuery">if($input.gNumber!='')
then fn:concat("STDN_GNUMBER%20eq%20'",$input.gNumber,"'%20and%20")
else
''</expression>
                  </operation>
                  <operation source="formula" to="temp.t_eligible_term_code">
                     <expression language="XQuery">if($input.eligibleTermCode!='')
then fn:concat("STDN_ELIGIBLE_TERM_CODE%20eq%20'",$input.eligibleTermCode,"'%20and%20")
else
''</expression>
                  </operation>
                  <operation source="formula" to="temp.t_baseUrl">
                     <expression language="XQuery">"https://na1.ai.dm-us.informaticacloud.com/active-bpel/odata/v4/api-Student-Conn/STUDENT_CURRICULUM_VW"</expression>
                  </operation>
                  <operation source="formula" to="temp.t_filter">
                     <expression language="XQuery">if($input.gNumber!='' or $input.eligibleTermCode!='' or $input.effectiveFromDtAfter!='' or $input.effectiveFromDtBefore!='' or $input.currentInd!='')
then
"?$filter="
else
"?"</expression>
                  </operation>
                  <operation source="formula" to="temp.t_pagingFilters">
                     <expression language="XQuery">if($input.gNumber!='' or $input.eligibleTermCode!='' or $input.effectiveFromDtAfter!='' or $input.effectiveFromDtBefore!='' or $input.currentInd!='')
then
fn:concat("&amp;amp;$top=",$temp.t_top ,"&amp;amp;$skip=",$temp.t_skip)
else
fn:concat("$top=",$temp.t_top ,"&amp;amp;$skip=",$temp.t_skip)</expression>
                  </operation>
                  <operation source="constant" to="temp.t_api_url">https://na1.ai.dm-us.informaticacloud.com/active-bpel/rt/api-StudentCurr-Base-v1-Part2?</operation>
                  <operation source="formula" to="temp.t_links_gNumber">
                     <expression language="XQuery">if($input.gNumber!='')
then fn:concat("&amp;amp;gNumber=",$input.gNumber)
else
''</expression>
                  </operation>
                  <operation source="formula" to="temp.t_links_currInd">
                     <expression language="XQuery">if($input.currentInd!='')
then fn:concat("&amp;amp;currentInd=",$input.currentInd)
else
''</expression>
                  </operation>
                  <operation source="formula" to="temp.t_links_eligible_term_code">
                     <expression language="XQuery">if($input.eligibleTermCode!='')
then fn:concat("&amp;amp;eligibleTermCode=",$input.eligibleTermCode)
else
''</expression>
                  </operation>
                  <operation source="formula" to="temp.t_links_effectiveFromDtAfter">
                     <expression language="XQuery">if($input.effectiveFromDtAfter!='')
then fn:concat("&amp;amp;effectiveFromDtAfter=",$input.effectiveFromDtAfter)
else
''</expression>
                  </operation>
                  <operation source="formula" to="temp.t_links_effectiveFromDtBefore">
                     <expression language="XQuery">if($input.effectiveFromDtBefore!='')
then fn:concat("&amp;amp;effectiveFromDtBefore=",$input.effectiveFromDtBefore)
else
''</expression>
                  </operation>
                  <operation source="formula" to="temp.t_effectiveFromDtAfter">
                     <expression language="XQuery">if($input.effectiveFromDtAfter!='')
then fn:concat("STDN_EFFECTIVE_FROM_DATE%20ge%20",$input.effectiveFromDtAfter,"%20and%20")
else
''</expression>
                  </operation>
                  <operation source="formula" to="temp.t_effectiveFromDtBefore">
                     <expression language="XQuery">if($input.effectiveFromDtBefore!='')
then fn:concat("STDN_EFFECTIVE_FROM_DATE%20le%20",$input.effectiveFromDtBefore,"%20and%20")
else
''</expression>
                  </operation>
                  <operation source="formula" to="temp.t_sort">
                     <expression language="XQuery">if($input.sort!='')
then
(
    for $x in fn:tokenize($input.sort, ',')
 	return
    if($x = 'gNumber')
    then list:append($temp.t_sort,"STDN_GNUMBER,")
    else if($x = '-gNumber')
    then list:append($temp.t_sort,"STDN_GNUMBER%20desc,")
    else if($x = 'eligibleTermCode')
    then list:append($temp.t_sort,"STDN_ELIGIBLE_TERM_CODE,")
    else if($x = '-eligibleTermCode')
    then list:append($temp.t_sort,"STDN_ELIGIBLE_TERM_CODE%20desc,")
    else if($x = 'effectiveFromDate')
    then list:append($temp.t_sort,"STDN_EFFECTIVE_FROM_DATE,")
    else if($x = '-effectiveFromDate')
    then list:append($temp.t_sort,"STDN_EFFECTIVE_FROM_DATE%20desc,")
    else if($x = 'effectiveTermCode')
    then list:append($temp.t_sort,"STDN_EFFECTIVE_TERM_CODE,")
    else if($x = '-effectiveTermCode')
    then list:append($temp.t_sort,"STDN_EFFECTIVE_TERM_CODE%20desc,")
    else if($x = 'curriculumStatusCode')
    then list:append($temp.t_sort,"STDN_CURRICULUM_STATUS_CODE,")
    else if($x = '-curriculumStatusCode')
    then list:append($temp.t_sort,"STDN_CURRICULUM_STATUS_CODE%20desc,")
    else if($x = 'studentLevelCode')
    then list:append($temp.t_sort,"STDN_STUDENT_LEVEL_CODE,")
    else if($x = '-studentLevelCode')
    then list:append($temp.t_sort,"STDN_STUDENT_LEVEL_CODE%20desc,")
    else if($x = 'collegeCode')
    then list:append($temp.t_sort,"STDN_PRIMARY_COLLEGE_CODE,")
    else if($x = '-collegeCode')
    then list:append($temp.t_sort,"STDN_PRIMARY_COLLEGE_CODE%20desc,")
    else
    list:append($temp.t_sort,"")
)
else
''</expression>
                  </operation>
                  <operation source="formula" to="temp.t_orderby">
                     <expression language="XQuery">if($input.sort!='')
then
"&amp;amp;$orderby="
else
''</expression>
                  </operation>
                  <operation source="formula" to="temp.t_links_sort">
                     <expression language="XQuery">if($input.sort!='')
then fn:concat("&amp;amp;sort=",$input.sort)
else
''</expression>
                  </operation>
                  <operation source="formula" to="temp.t_effectiveTermCode">
                     <expression language="XQuery">if($input.effectiveTermCode!='')
then fn:concat("STDN_EFFECTIVE_TERM_CODE%20eq%20'",$input.effectiveTermCode,"'%20and%20")
else
''</expression>
                  </operation>
                  <operation source="formula" to="temp.t_curriculumStatusCode">
                     <expression language="XQuery">if($input.curriculumStatusCode!='')
then fn:concat("STDN_CURRICULUM_STATUS_CODE%20eq%20'",$input.curriculumStatusCode,"'%20and%20")
else
''</expression>
                  </operation>
                  <operation source="formula" to="temp.t_studentLevelCode">
                     <expression language="XQuery">if($input.studentLevelCode!='')
then fn:concat("STDN_STUDENT_LEVEL_CODE%20eq%20'",$input.studentLevelCode,"'%20and%20")
else
''</expression>
                  </operation>
                  <operation source="formula" to="temp.t_collegeCode">
                     <expression language="XQuery">if($input.collegeCode!='')
then fn:concat("STDN_PRIMARY_COLLEGE_CODE%20eq%20'",$input.collegeCode,"'%20and%20")
else
''</expression>
                  </operation>
                  <operation source="formula" to="temp.t_links_effectiveTermCode">
                     <expression language="XQuery">if($input.effectiveTermCode!='')
then fn:concat("&amp;amp;effectiveTermCode=",$input.effectiveTermCode)
else
''</expression>
                  </operation>
                  <operation source="formula" to="temp.t_links_curriculumStatusCode">
                     <expression language="XQuery">if($input.curriculumStatusCode!='')
then fn:concat("&amp;amp;curriculumStatusCode=",$input.curriculumStatusCode)
else
''</expression>
                  </operation>
                  <operation source="formula" to="temp.t_links_studentLevelCode">
                     <expression language="XQuery">if($input.studentLevelCode!='')
then fn:concat("&amp;amp;studentLevelCode=",$input.studentLevelCode)
else
''</expression>
                  </operation>
                  <operation source="formula" to="temp.t_links_collegeCode">
                     <expression language="XQuery">if($input.collegeCode!='')
then fn:concat("&amp;amp;collegeCode=",$input.collegeCode)
else
''</expression>
                  </operation>
                  <link id="k9c7ty26" targetId="k9c7ty25"/>
               </assignment>
               <assignment id="k9c7ty25">
                  <title>Assignment to t_query_gNumber, t_query_currInd etc.</title>
                  <operation source="formula" to="temp.t_query_gNumber">
                     <expression language="XQuery">if($input.gNumber!='')
then fn:concat("STDN_GNUMBER = '",$input.gNumber,"' and ")
else
''</expression>
                  </operation>
                  <operation source="formula" to="temp.t_query_currInd">
                     <expression language="XQuery">if($input.currentInd!='')
then fn:concat("STDN_CURRENT_IND = '",$input.currentInd,"' and ")
else
''</expression>
                  </operation>
                  <operation source="formula" to="temp.t_query_eligible_term_code">
                     <expression language="XQuery">if($temp.t_eligible_term_code!='')
then fn:concat("STDN_ELIGIBLE_TERM_CODE = '",$input.eligibleTermCode ,"' and ")
else
''</expression>
                  </operation>
                  <operation source="formula" to="temp.t_query_effectiveFromDtAfter">
                     <expression language="XQuery">if($input.effectiveFromDtAfter!='')
then fn:concat("to_char(STDN_EFFECTIVE_FROM_DATE,'YYYY-MM-DD HH24:MI:SS') &gt;= '",format-dateTime(xs:dateTime($input.effectiveFromDtAfter), "[Y0001]-[M01]-[D01]"),"' and ")
else
''</expression>
                  </operation>
                  <operation source="formula" to="temp.t_query_effectiveFromDtBefore">
                     <expression language="XQuery">if($input.effectiveFromDtBefore!='')
then fn:concat("to_char(STDN_EFFECTIVE_FROM_DATE,'YYYY-MM-DD HH24:MI:SS') &lt;= '",format-dateTime(xs:dateTime($input.effectiveFromDtBefore), "[Y0001]-[M01]-[D01]"),"' and ")
else
''</expression>
                  </operation>
                  <operation source="formula" to="temp.t_query_effectiveTermCode">
                     <expression language="XQuery">if($temp.t_effectiveTermCode!='')
then fn:concat("STDN_EFFECTIVE_TERM_CODE = '",$input.effectiveTermCode ,"' and ")
else
''</expression>
                  </operation>
                  <operation source="formula" to="temp.t_query_curriculumStatusCode">
                     <expression language="XQuery">if($temp.t_curriculumStatusCode!='')
then fn:concat("STDN_CURRICULUM_STATUS_CODE = '",$input.curriculumStatusCode ,"' and ")
else
''</expression>
                  </operation>
                  <operation source="formula" to="temp.t_query_studentLevelCode">
                     <expression language="XQuery">if($temp.t_eligible_term_code!='')
then fn:concat("STDN_ELIGIBLE_TERM_CODE = '",$input.eligibleTermCode ,"' and ")
else
''</expression>
                  </operation>
                  <operation source="formula" to="temp.t_query_collegeCode">
                     <expression language="XQuery">if($temp.t_eligible_term_code!='')
then fn:concat("STDN_ELIGIBLE_TERM_CODE = '",$input.eligibleTermCode ,"' and ")
else
''</expression>
                  </operation>
                  <link id="k9lo49pe" targetId="k9lo49pd"/>
               </assignment>
               <assignment id="k9lo49pd">
                  <title>Assignment to t_joinSortFields</title>
                  <operation source="formula" to="temp.t_joinSortFields">
                     <expression language="XQuery">if($input.sort!='')
then
fn:replace(fn:string-join($temp.t_sort), ', ', ',')
else
''</expression>
                  </operation>
                  <link id="k9lo49pf" targetId="k9c5esu4"/>
               </assignment>
               <assignment id="k9c5esu4">
                  <title>Assignment to t_joinFilters, t_query_joinFilters etc.</title>
                  <operation source="formula" to="temp.t_joinFilters">
                     <expression language="XQuery">fn:concat($temp.t_baseUrl,$temp.t_filter,$temp.t_currInd,$temp.t_eligible_term_code,$temp.t_effectiveFromDtAfter,$temp.t_effectiveFromDtBefore,$temp.t_effectiveTermCode,$temp.t_curriculumStatusCode,$temp.t_studentLevelCode,$temp.t_collegeCode,$temp.t_gNumber)</expression>
                  </operation>
                  <operation source="formula" to="temp.t_query_joinFilters">
                     <expression language="XQuery">fn:concat($temp.t_selectquery,$temp.t_whereClause,$temp.t_query_currInd,$temp.t_query_eligible_term_code,$temp.t_query_effectiveFromDtAfter,$temp.t_query_effectiveFromDtBefore,$temp.t_query_effectiveTermCode,$temp.t_query_curriculumStatusCode,$temp.t_query_studentLevelCode,$temp.t_query_collegeCode,$temp.t_query_gNumber)</expression>
                  </operation>
                  <operation source="formula" to="temp.t_sortFields">
                     <expression language="XQuery">if(fn:ends-with($temp.t_joinSortFields, ','))
then
fn:substring($temp.t_joinSortFields, 1, fn:string-length($temp.t_joinSortFields)-1)
else
$temp.t_joinSortFields</expression>
                  </operation>
                  <link id="k9c5esuc" targetId="k9c5esub"/>
               </assignment>
               <assignment id="k9c5esub">
                  <title>Assignment to t_finalFilters, t_query_finalFilters etc.</title>
                  <operation source="formula" to="temp.t_finalFilters">
                     <expression language="XQuery">if(fn:ends-with($temp.t_joinFilters, '%20and%20'))
then
fn:substring($temp.t_joinFilters, 1, fn:string-length($temp.t_joinFilters)-9)
else
$temp.t_joinFilters</expression>
                  </operation>
                  <operation source="formula" to="temp.t_query_finalFilters">
                     <expression language="XQuery">if(fn:ends-with($temp.t_query_joinFilters, ' and '))
then
fn:substring($temp.t_query_joinFilters, 1, fn:string-length($temp.t_query_joinFilters)-5)
else
$temp.t_query_joinFilters</expression>
                  </operation>
                  <operation source="formula" to="temp.t_finalSortFields">
                     <expression language="XQuery">fn:concat($temp.t_orderby, $temp.t_sortFields)</expression>
                  </operation>
                  <link id="k9c7ty5k" targetId="k9c7ty5b"/>
               </assignment>
               <assignment id="k9c7ty5b">
                  <title>Assignment to t_urlWithCount, t_url</title>
                  <operation source="formula" to="temp.t_urlWithCount">
                     <expression language="XQuery">fn:replace($temp.t_finalFilters , "STUDENT_CURRICULUM_VW", "STUDENT_CURRICULUM_VW/\$count")</expression>
                  </operation>
                  <operation source="formula" to="temp.t_url">
                     <expression language="XQuery">fn:concat($temp.t_finalFilters,$temp.t_pagingFilters)</expression>
                  </operation>
                  <link id="k9c7ty5w" targetId="k9c7ty6g"/>
               </assignment>
               <eventContainer id="k9c7ty6g">
                  <service id="k9c7ty5v">
                     <title>GetRecordCount</title>
                     <serviceName>api-RecordCount-Conn:GetRecordCount</serviceName>
                     <serviceGUID>aoMd7TK0wVTdKiMLiZoIUx</serviceGUID>
                     <serviceInput>
                        <parameter name="inSQL" source="field" updatable="true">temp.t_query_finalFilters</parameter>
                     </serviceInput>
                  </service>
                  <flow id="k9c7ty6i">
                     <eventContainer id="k9c7ty6s">
                        <service id="k9c7ty6w">
                           <title>GetData</title>
                           <serviceName>api-Student-OdataConn:GetData_StudentCurr</serviceName>
                           <serviceGUID>23SpjmoeR1BbXjzkxet1wd</serviceGUID>
                           <serviceInput>
                              <parameter name="in_URL" source="formula">
                                 <expression language="XQuery">fn:concat($temp.t_url,$temp.t_finalSortFields)</expression>
                              </parameter>
                           </serviceInput>
                        </service>
                        <flow id="k9c7ty6t">
                           <assignment id="k9cc578t">
                              <title>Assignment to t_self, t_first etc.</title>
                              <operation source="formula" to="temp.t_self">
                                 <expression language="XQuery">fn:concat($temp.t_api_url,"pageNumber=",$temp.t_pageNumber,"&amp;amp;pageSize=",$temp.t_top,$temp.t_links_gNumber,$temp.t_links_eligible_term_code,$temp.t_links_currInd,$temp.t_links_effectiveFromDtAfter,$temp.t_links_effectiveFromDtBefore,$temp.t_links_effectiveTermCode,$temp.t_links_curriculumStatusCode,$temp.t_links_studentLevelCode,$temp.t_links_collegeCode,$temp.t_links_sort)</expression>
                              </operation>
                              <operation source="formula" to="temp.t_first">
                                 <expression language="XQuery">fn:concat($temp.t_api_url,"pageNumber=1","&amp;amp;pageSize=",$temp.t_top,$temp.t_links_gNumber,$temp.t_links_eligible_term_code,$temp.t_links_currInd,$temp.t_links_effectiveFromDtAfter,$temp.t_links_effectiveFromDtBefore,$temp.t_links_effectiveTermCode,$temp.t_links_curriculumStatusCode,$temp.t_links_studentLevelCode,$temp.t_links_collegeCode,$temp.t_links_sort)</expression>
                              </operation>
                              <operation source="formula" to="temp.t_previous">
                                 <expression language="XQuery">fn:concat($temp.t_api_url,"pageNumber="
,if($temp.t_pageNumber=1)
then $temp.t_pageNumber
else
fn:ceiling(($temp.t_pageNumber  - 1)),"&amp;amp;pageSize=",$temp.t_top,$temp.t_links_gNumber,$temp.t_links_eligible_term_code,$temp.t_links_currInd,$temp.t_links_effectiveFromDtAfter,$temp.t_links_effectiveFromDtBefore,$temp.t_links_effectiveTermCode,$temp.t_links_curriculumStatusCode,$temp.t_links_studentLevelCode,$temp.t_links_collegeCode,$temp.t_links_sort)</expression>
                              </operation>
                              <operation source="formula" to="temp.t_next">
                                 <expression language="XQuery">fn:concat($temp.t_api_url,"pageNumber="
,if($temp.t_pageNumber &gt;=fn:ceiling(($output.recordCount  div $temp.t_top)))
then fn:ceiling(($output.recordCount  div $temp.t_top))
else
fn:ceiling(($temp.t_pageNumber  + 1)),"&amp;amp;pageSize=",$temp.t_top,$temp.t_links_gNumber,$temp.t_links_eligible_term_code,$temp.t_links_currInd,$temp.t_links_effectiveFromDtAfter,$temp.t_links_effectiveFromDtBefore,$temp.t_links_effectiveTermCode,$temp.t_links_curriculumStatusCode,$temp.t_links_studentLevelCode,$temp.t_links_collegeCode,$temp.t_links_sort )</expression>
                              </operation>
                              <operation source="formula" to="temp.t_last">
                                 <expression language="XQuery">fn:concat($temp.t_api_url,"pageNumber="
,fn:ceiling(($output.recordCount  div $temp.t_top)),"&amp;amp;pageSize=",$temp.t_top,$temp.t_links_gNumber,$temp.t_links_eligible_term_code,$temp.t_links_currInd,$temp.t_links_effectiveFromDtAfter,$temp.t_links_effectiveFromDtBefore,$temp.t_links_effectiveTermCode,$temp.t_links_curriculumStatusCode,$temp.t_links_studentLevelCode,$temp.t_links_collegeCode,$temp.t_links_sort )</expression>
                              </operation>
                              <link id="k9cc578u" targetId="k9c7ty6u"/>
                           </assignment>
                           <assignment id="k9c7ty6u">
                              <title>Assignment to apiResponse</title>
                              <operation source="formula" to="output.apiResponse">
                                 <expression language="XQuery">&lt;STDNCURRStudentCurriculumV1Response&gt;
&lt;metadata&gt;
   &lt;pageNumber&gt;{
if($input.pageNumber != '')
then
$input.pageNumber
else
1
}&lt;/pageNumber&gt;
   &lt;pageSize&gt;{
$temp.t_top 
}&lt;/pageSize&gt;
&lt;pageCount&gt;{
fn:ceiling(($output.recordCount  div $temp.t_top))
}&lt;/pageCount&gt;
&lt;totalCount&gt;{
$output.recordCount
}&lt;/totalCount&gt;
	&lt;Links&gt;
		&lt;self&gt;{$temp.t_self}&lt;/self&gt;
		&lt;first&gt;{$temp.t_first }&lt;/first&gt;
		&lt;previous&gt;{$temp.t_previous }&lt;/previous&gt;
    	&lt;next&gt;{$temp.t_next }&lt;/next&gt;
   	 	&lt;last&gt;{$temp.t_last }&lt;/last&gt;
	&lt;/Links&gt;
&lt;/metadata&gt;
{
for $x in $output.AllRecords 
return
&lt;data&gt;
   &lt;student&gt;
      &lt;pidm&gt;{$x/STDN_PIDM}&lt;/pidm&gt;
      &lt;gNumber&gt;{$x/STDN_GNUMBER}&lt;/gNumber&gt;
      &lt;effective_from_date&gt;{$x/STDN_EFFECTIVE_FROM_DATE}&lt;/effective_from_date&gt;
      &lt;effective_to_date&gt;{$x/STDN_EFFECTIVE_TO_DATE}&lt;/effective_to_date&gt;
      &lt;current_ind&gt;{$x/STDN_CURRENT_IND}&lt;/current_ind&gt;
      &lt;eligible_term_code&gt;{$x/STDN_ELIGIBLE_TERM_CODE}&lt;/eligible_term_code&gt;
      &lt;eligible_term_desc&gt;{$x/STDN_ELIGIBLE_TERM_DESC}&lt;/eligible_term_desc&gt;
      &lt;effective_term_code&gt;{$x/STDN_EFFECTIVE_TERM_CODE}&lt;/effective_term_code&gt;
      &lt;effective_term_desc&gt;{$x/STDN_EFFECTIVE_TERM_DESC}&lt;/effective_term_desc&gt;
      &lt;curriculum_status_code&gt;{$x/STDN_CURRICULUM_STATUS_CODE}&lt;/curriculum_status_code&gt;
      &lt;curriculum_status_desc&gt;{$x/STDN_CURRICULUM_STATUS_DESC}&lt;/curriculum_status_desc&gt;
      &lt;academic_standing_code&gt;{$x/STDN_ACADEMIC_STANDING_CODE}&lt;/academic_standing_code&gt;
      &lt;academic_standing_desc&gt;{$x/STDN_ACADEMIC_STANDING_DESC}&lt;/academic_standing_desc&gt;
      &lt;student_level_code&gt;{$x/STDN_STUDENT_LEVEL_CODE}&lt;/student_level_code&gt;
      &lt;student_level_desc&gt;{$x/STDN_STUDENT_LEVEL_DESC}&lt;/student_level_desc&gt;
      &lt;residency_code&gt;{$x/STDN_RESIDENCY_CODE}&lt;/residency_code&gt;
      &lt;residency_desc&gt;{$x/STDN_RESIDENCY_DESC}&lt;/residency_desc&gt;
      &lt;student_type_code&gt;{$x/STDN_STUDENT_TYPE_CODE}&lt;/student_type_code&gt;
      &lt;student_type_desc&gt;{$x/STDN_STUDENT_TYPE_DESC}&lt;/student_type_desc&gt;
      &lt;anticipated_grad_term_code&gt;{$x/STDN_ANTICIPATED_GRAD_TERM_CODE}&lt;/anticipated_grad_term_code&gt;
      &lt;anticipated_grad_term_desc&gt;{$x/STDN_ANTICIPATED_GRAD_TERM_DESC}&lt;/anticipated_grad_term_desc&gt;
      &lt;budget_degree_level&gt;{$x/STDN_BUDGET_DEGREE_LEVEL}&lt;/budget_degree_level&gt;
      &lt;expected_grad_date&gt;{$x/STDN_EXPECTED_GRAD_DATE}&lt;/expected_grad_date&gt;
      &lt;loa_from_date&gt;{$x/STDN_LOA_FROM_DATE}&lt;/loa_from_date&gt;
      &lt;loa_to_date&gt;{$x/STDN_LOA_TO_DATE}&lt;/loa_to_date&gt;
      &lt;banner_class_code&gt;{$x/STDN_BANNER_CLASS_CODE}&lt;/banner_class_code&gt;
      &lt;banner_class_desc&gt;{$x/STDN_BANNER_CLASS_DESC}&lt;/banner_class_desc&gt;
      &lt;derived_class_code&gt;{$x/STDN_DERIVED_CLASS_CODE}&lt;/derived_class_code&gt;
      &lt;derived_class_desc&gt;{$x/STDN_DERIVED_CLASS_DESC}&lt;/derived_class_desc&gt;
      &lt;time_status_code&gt;{$x/STDN_TIME_STATUS_CODE}&lt;/time_status_code&gt;
      &lt;time_status_desc&gt;{$x/STDN_TIME_STATUS_DESC}&lt;/time_status_desc&gt;
      &lt;load_status_code&gt;{$x/STDN_LOAD_STATUS_CODE}&lt;/load_status_code&gt;
      &lt;load_status_desc&gt;{$x/STDN_LOAD_STATUS_DESC}&lt;/load_status_desc&gt;
      &lt;registered_ind&gt;{$x/STDN_REGISTERED_IND}&lt;/registered_ind&gt;
      &lt;deans_list_ind&gt;{$x/STDN_DEANS_LIST_IND}&lt;/deans_list_ind&gt;
      &lt;obligation_ind&gt;{$x/STDN_OBLIGATION_IND}&lt;/obligation_ind&gt;
      &lt;new_returning_ind&gt;{$x/STDN_NEW_RETURNING_IND}&lt;/new_returning_ind&gt;
      &lt;athlete_ind&gt;{$x/STDN_ATHLETE_IND}&lt;/athlete_ind&gt;
      &lt;total_credit_hours&gt;{$x/STDN_TOTAL_CREDIT_HOURS}&lt;/total_credit_hours&gt;
   &lt;/student&gt;
{
(: comment - Build Array - when no program code, do not construct data structure :) 
let $sequence := ('PRIMARY', 'SECONDARY')
let $count := count($sequence)
return (
if(($x/STDN_PRIMARY_PROGRAM_CODE/data())!='' or ($x/STDN_SECONDARY_PROGRAM_CODE/data())!='')
then
(
for $item  at $j in $sequence
return (
          
        if($item eq 'PRIMARY' and ($x/STDN_PRIMARY_PROGRAM_CODE/data())!='')
          then (
          element programs {
          element program_type {$sequence[$j]},
		  element catalog_term_code { $x/STDN_CATALOG_TERM_CODE/data()},
		  element catalog_term_desc { $x/STDN_CATALOG_TERM_DESC/data()},
		  element admit_type_code { $x/STDN_ADMIT_TYPE_CODE/data()},
		  element admit_type_desc { $x/STDN_ADMIT_TYPE_DESC/data()},
		  element admit_term_code { $x/STDN_ADMIT_TERM_CODE/data()},
		  element admit_term_desc { $x/STDN_ADMIT_TERM_DESC/data()},
		  element campus_code { $x/STDN_PRIMARY_CAMPUS_CODE/data()},
		  element campus_desc { $x/STDN_PRIMARY_CAMPUS_DESC/data()},
		  element college_code { $x/STDN_PRIMARY_COLLEGE_CODE/data()},
		  element college_desc { $x/STDN_PRIMARY_COLLEGE_DESC/data()},		  
		  element dept_code { $x/STDN_PRIMARY_DEPT_CODE/data()},
		  element dept_desc { $x/STDN_PRIMARY_DEPT_DESC/data()},		  
          element program_code { $x/STDN_PRIMARY_PROGRAM_CODE/data()},
		  element second_major_third_concentration_desc { $x/STDN_CONC123_DESC/data()}
          }
          )
          
(: comment - SECONDARY program :)          
        else if($item eq 'SECONDARY' and (substring($x/STDN_SECONDARY_PROGRAM_CODE/data(),1,1))!='-')
          then (
          element programs {
          element program_type {$sequence[$j]},
          element catalog_term_code {''},
		  element catalog_term_desc {''},
		  element admit_type_code {''},
		  element admit_type_desc {''},
		  element admit_term_code {''},
		  element admit_term_desc {''},
		  element campus_code { $x/STDN_SECONDARY_CAMPUS_CODE/data()},
		  element campus_desc { $x/STDN_SECONDARY_CAMPUS_DESC/data()},
		  element college_code { $x/STDN_SECONDARY_COLLEGE_CODE/data()},
		  element college_desc { $x/STDN_SECONDARY_COLLEGE_DESC/data()},		  
		  element dept_code { $x/STDN_SECONDARY_DEPT_CODE/data()},
		  element dept_desc { $x/STDN_SECONDARY_DEPT_DESC/data()},		  
          element program_code { $x/STDN_SECONDARY_PROGRAM_CODE/data()},
		  element second_major_third_concentration_desc { $x/STDN_CONC223_DESC/data()}
           }
           )
               else ''
    
)
)
else
(
element programs {""}
)
)
} 

&lt;/data&gt;
}
&lt;/STDNCURRStudentCurriculumV1Response&gt;</expression>
                              </operation>
                           </assignment>
                           <link id="k9c7ty6z" targetId="k9c7ty6s" type="containerLink"/>
                        </flow>
                        <flow id="k9c7ty6v">
                           <link id="k9c7ty70" targetId="k9c7ty6s" type="containerLink"/>
                        </flow>
                        <link id="k9c7ty6x" targetId="k9c7ty6t" type="containerLink"/>
                        <events>
                           <catch faultField="faultInfo" id="k9c5esws" interrupting="true">
                              <link id="k9c7ty6y" targetId="k9c7ty6v" type="containerLink"/>
                           </catch>
                        </events>
                     </eventContainer>
                     <link id="k9c7ty6j" targetId="k9c7ty6g" type="containerLink"/>
                  </flow>
                  <flow id="k9c7ty6l">
                     <link id="k9c7ty6m" targetId="k9c7ty6g" type="containerLink"/>
                  </flow>
                  <link id="k9c7ty6h" targetId="k9c7ty6i" type="containerLink"/>
                  <link id="k9c7ty6r" targetId="c"/>
                  <events>
                     <catch faultField="faultInfo" id="k9c7ty61" interrupting="true">
                        <link id="k9c7ty6k" targetId="k9c7ty6l" type="containerLink"/>
                     </catch>
                  </events>
               </eventContainer>
               <end id="c"/>
            </flow>
         </process>
         <ns1:sample-data-sets xmlns:ns1="http://schemas.active-endpoints.com/appmodules/repository/2010/10/sampleData.xsd">
            <ns1:SampleData>
               <ns1:Id>be14695b-5aa6-4b5b-a28d-b5dbfc469fcd</ns1:Id>
               <ns1:Name>input</ns1:Name>
               <ns1:CreatedBy>sramsett@gmu.edu</ns1:CreatedBy>
               <ns1:CreationDate>2020-05-07T04:11:41Z</ns1:CreationDate>
               <ns1:ModifiedBy>sramsett@gmu.edu</ns1:ModifiedBy>
               <ns1:ModifiedDate>2020-05-07T04:13:05Z</ns1:ModifiedDate>
               <ns1:Data format="xml">&lt;root&gt;
&lt;currentInd&gt;C&lt;/currentInd&gt;
&lt;pageNumber&gt;1&lt;/pageNumber&gt;
&lt;pageSize&gt;100&lt;/pageSize&gt;
&lt;effectiveTermCode&gt;202010&lt;/effectiveTermCode&gt;
&lt;/root&gt;</ns1:Data>
            </ns1:SampleData>
            <ns1:SampleData>
               <ns1:Id>98fefd23-3c9f-416f-af54-7ebcb7ff63a5</ns1:Id>
               <ns1:Name>MyTestCase</ns1:Name>
               <ns1:CreatedBy>sramsett@gmu.edu</ns1:CreatedBy>
               <ns1:CreationDate>2020-04-29T22:34:04Z</ns1:CreationDate>
               <ns1:ModifiedBy>sramsett@gmu.edu</ns1:ModifiedBy>
               <ns1:ModifiedDate>2020-04-29T22:34:04Z</ns1:ModifiedDate>
               <ns1:Data format="xml">&lt;root&gt;
&lt;currentInd&gt;C&lt;/currentInd&gt;
&lt;pageNumber&gt;1&lt;/pageNumber&gt;
&lt;pageSize&gt;100&lt;/pageSize&gt;
&lt;/root&gt;</ns1:Data>
            </ns1:SampleData>
            <ns1:SampleData>
               <ns1:Id>6da2476e-bd18-4595-87c0-26bf07797961</ns1:Id>
               <ns1:Name>sort_1</ns1:Name>
               <ns1:CreatedBy>sramsett@gmu.edu</ns1:CreatedBy>
               <ns1:CreationDate>2020-04-29T22:34:04Z</ns1:CreationDate>
               <ns1:ModifiedBy>sramsett@gmu.edu</ns1:ModifiedBy>
               <ns1:ModifiedDate>2020-04-29T22:34:04Z</ns1:ModifiedDate>
               <ns1:Data format="xml">&lt;root&gt;
&lt;currentInd&gt;C&lt;/currentInd&gt;
&lt;gNumber&gt;G00000060&lt;/gNumber&gt;
&lt;pageNumber&gt;1&lt;/pageNumber&gt;
&lt;pageSize&gt;100&lt;/pageSize&gt;
&lt;sort&gt;eligibleTermCode&lt;/sort&gt;
&lt;/root&gt;</ns1:Data>
            </ns1:SampleData>
            <ns1:SampleData>
               <ns1:Id>78594a52-0b1f-4a5c-acc0-efca152de76b</ns1:Id>
               <ns1:Name>sort_2</ns1:Name>
               <ns1:CreatedBy>sramsett@gmu.edu</ns1:CreatedBy>
               <ns1:CreationDate>2020-04-29T22:34:04Z</ns1:CreationDate>
               <ns1:ModifiedBy>sramsett@gmu.edu</ns1:ModifiedBy>
               <ns1:ModifiedDate>2020-04-29T22:34:04Z</ns1:ModifiedDate>
               <ns1:Data format="json">{
	 "currentInd": "",
	 "gNumber": "",
	 "pageNumber": "",
	 "pageSize": "",
	 "effectiveFromDtAfter": "",
	 "effectiveFromDtBefore": "",
	 "eligibleTermCode": "",
	 "sort": ""
}</ns1:Data>
            </ns1:SampleData>
            <ns1:SampleData>
               <ns1:Id>b2bca11c-30ac-4490-b47a-17844c064fc6</ns1:Id>
               <ns1:Name>test_case_1</ns1:Name>
               <ns1:CreatedBy>sramsett@gmu.edu</ns1:CreatedBy>
               <ns1:CreationDate>2020-04-29T22:34:04Z</ns1:CreationDate>
               <ns1:ModifiedBy>sramsett@gmu.edu</ns1:ModifiedBy>
               <ns1:ModifiedDate>2020-04-29T22:34:04Z</ns1:ModifiedDate>
               <ns1:Data format="json">{
	 "currentInd": "C"
}</ns1:Data>
            </ns1:SampleData>
            <ns1:SampleData>
               <ns1:Id>ed85b5f9-b74c-4866-a67f-298850348dbf</ns1:Id>
               <ns1:Name>test_case_2</ns1:Name>
               <ns1:CreatedBy>sramsett@gmu.edu</ns1:CreatedBy>
               <ns1:CreationDate>2020-04-29T22:34:04Z</ns1:CreationDate>
               <ns1:ModifiedBy>sramsett@gmu.edu</ns1:ModifiedBy>
               <ns1:ModifiedDate>2020-05-06T20:06:30Z</ns1:ModifiedDate>
               <ns1:Data format="json">{
	 "currentInd": "C",
	 "pageNumber": "1",
	 "pageSize": "100",
         "gNumber":"G00000060"
}</ns1:Data>
            </ns1:SampleData>
            <ns1:SampleData>
               <ns1:Id>68af2e42-bf02-4f43-be24-b2ca9959031a</ns1:Id>
               <ns1:Name>test_case_4</ns1:Name>
               <ns1:CreatedBy>sramsett@gmu.edu</ns1:CreatedBy>
               <ns1:CreationDate>2020-04-29T22:34:04Z</ns1:CreationDate>
               <ns1:ModifiedBy>sramsett@gmu.edu</ns1:ModifiedBy>
               <ns1:ModifiedDate>2020-04-29T22:34:04Z</ns1:ModifiedDate>
               <ns1:Data format="json">{
	 "currentInd": "C",
	 "eligibleTermCode": "201940"
}</ns1:Data>
            </ns1:SampleData>
            <ns1:SampleData>
               <ns1:Id>72b912cd-4e0a-4bac-b6c2-a08030671064</ns1:Id>
               <ns1:Name>wrong date format</ns1:Name>
               <ns1:CreatedBy>sramsett@gmu.edu</ns1:CreatedBy>
               <ns1:CreationDate>2020-05-06T20:28:45Z</ns1:CreationDate>
               <ns1:ModifiedBy>sramsett@gmu.edu</ns1:ModifiedBy>
               <ns1:ModifiedDate>2020-05-06T20:31:10Z</ns1:ModifiedDate>
               <ns1:Data format="xml">&lt;root&gt;
&lt;currentInd&gt;C&lt;/currentInd&gt;
&lt;pageNumber&gt;1&lt;/pageNumber&gt;
&lt;pageSize&gt;100&lt;/pageSize&gt;
&lt;/root&gt;</ns1:Data>
            </ns1:SampleData>
         </ns1:sample-data-sets>
      </types1:Entry>
      <types1:GUID>5Ygm5zW4GVddSyDXZUAA6j</types1:GUID>
      <types1:DisplayName>api-StudentCurr-Base-v1-Part3</types1:DisplayName>
   </types1:Item>
   <types1:CurrentServerDateTime>2020-06-23T19:59:48.649Z</types1:CurrentServerDateTime>
</aetgt:getResponse>
