<aetgt:getResponse xmlns:aetgt="http://schemas.active-endpoints.com/appmodules/repository/2010/10/avrepository.xsd"
                   xmlns:types1="http://schemas.active-endpoints.com/appmodules/repository/2010/10/avrepository.xsd">
   <types1:Item>
      <types1:EntryId>8ZAZf5kck8jKBme-gt-2176808-2020-04-10T16:54:41.963Z::pd.xml</types1:EntryId>
      <types1:Name>api-Student-BaseProcess-Part1</types1:Name>
      <types1:MimeType>application/xml+process</types1:MimeType>
      <types1:Description>Sowjanya - Test</types1:Description>
      <types1:AppliesTo/>
      <types1:Tags/>
      <types1:VersionLabel>1.0</types1:VersionLabel>
      <types1:State>CURRENT</types1:State>
      <types1:ProcessGroup/>
      <types1:CreatedBy>sramsett@gmu.edu</types1:CreatedBy>
      <types1:CreationDate>2020-04-10T16:54:42Z</types1:CreationDate>
      <types1:ModifiedBy>sramsett@gmu.edu</types1:ModifiedBy>
      <types1:ModificationDate>2020-04-22T20:49:03Z</types1:ModificationDate>
      <types1:PublicationStatus>unpublished</types1:PublicationStatus>
      <types1:AutosaveExists>false</types1:AutosaveExists>
      <types1:Entry>
         <process xmlns="http://schemas.active-endpoints.com/appmodules/screenflow/2010/10/avosScreenflow.xsd"
                  xmlns:list="urn:activevos:spi:list:functions"
                  displayName="api-Student-BaseProcess-Part1"
                  name="api-Student-BaseProcess-Part1"
                  overrideAPIName="true">
            <appliesTo/>
            <description>Sowjanya - Test</description>
            <tags/>
            <generator>Informatica Process Designer 11</generator>
            <input>
               <parameter description="" name="gNum" type="string">
                  <options>
                     <option name="required">false</option>
                  </options>
               </parameter>
               <parameter description="" name="currInd" required="true" type="string">
                  <options>
                     <option name="required">false</option>
                  </options>
               </parameter>
               <parameter description="" name="pageNumber" type="int">
                  <options>
                     <option name="required">false</option>
                  </options>
               </parameter>
               <parameter description="" name="pageSize" type="int">
                  <options>
                     <option name="required">false</option>
                  </options>
               </parameter>
               <parameter description="" name="effectiveFromDt" type="datetime">
                  <options>
                     <option name="thirtyMinutesIncrement">true</option>
                     <option name="required">false</option>
                  </options>
               </parameter>
               <parameter description="" name="effectiveToDt" type="datetime">
                  <options>
                     <option name="thirtyMinutesIncrement">true</option>
                     <option name="required">false</option>
                  </options>
               </parameter>
            </input>
            <output>
               <field description="" name="apiResponse" type="reference">
                  <options>
                     <option name="referenceTo">$po:StudentCurriculumV1Response-1</option>
                     <option name="required">false</option>
                     <option name="isCopy">true</option>
                     <option name="guid">0GRMgKPxrwUjlorJ5cpjge</option>
                  </options>
               </field>
            </output>
            <tempFields>
               <field description="" name="t_top" type="int">
                  <options>
                     <option name="required">false</option>
                  </options>
               </field>
               <field description="" name="t_skip" type="int">
                  <options>
                     <option name="required">false</option>
                  </options>
               </field>
               <field description="" name="t_gNum" type="string">
                  <options>
                     <option name="required">false</option>
                  </options>
               </field>
               <field description="" name="t_currInd" type="string">
                  <options>
                     <option name="required">false</option>
                  </options>
               </field>
               <field description="" name="t_baseUrl" type="string">
                  <options>
                     <option name="required">false</option>
                  </options>
               </field>
               <field description="" name="t_url" type="string">
                  <options>
                     <option name="required">false</option>
                  </options>
               </field>
               <field description="" name="t_filter" type="string">
                  <options>
                     <option name="required">false</option>
                  </options>
               </field>
               <field description="" name="t_joinFilters" type="string">
                  <options>
                     <option name="required">false</option>
                  </options>
               </field>
               <field description="" name="t_finalFilters" type="string">
                  <options>
                     <option name="required">false</option>
                  </options>
               </field>
               <field description="" name="t_pagingFilters" type="string">
                  <options>
                     <option name="required">false</option>
                  </options>
               </field>
               <field description="" name="t_effectiveFromDt" type="string">
                  <options>
                     <option name="required">false</option>
                  </options>
               </field>
               <field description="" name="t_effectiveToDt" type="string">
                  <options>
                     <option name="required">false</option>
                  </options>
               </field>
               <field description="" name="t_urlWithCount" type="string">
                  <options>
                     <option name="required">false</option>
                  </options>
               </field>
            </tempFields>
            <notes/>
            <deployment suspendOnFault="false" tracingLevel="none">
               <rest>
                  <allowedUsers>
                     <user>edis@gmu.edu.sandbox</user>
                     <user>sramsett@gmu.edu</user>
                  </allowedUsers>
               </rest>
            </deployment>
            <flow id="a">
               <start id="b">
                  <link id="k8uokyyn" targetId="k8uokyym"/>
               </start>
               <assignment id="k8uokyym">
                  <title>t_top, t_skip</title>
                  <operation source="formula" to="temp.t_top">
                     <expression language="XQuery">if($input.pageNumber!='')
then 100
else
200</expression>
                  </operation>
                  <operation source="formula" to="temp.t_skip">
                     <expression language="XQuery">if($input.pageNumber!='')
then
($input.pageNumber - 1) * 100
else
0</expression>
                  </operation>
                  <link id="k8uokyz1" targetId="k8uokyz0"/>
               </assignment>
               <assignment id="k8uokyz0">
                  <title>t_gNum, t_currInd</title>
                  <operation source="formula" to="temp.t_gNum">
                     <expression language="XQuery">if($input.gNum!='')
then fn:concat("STUD_GNUM%20eq%20'",$input.gNum,"'%20and%20")
else
''</expression>
                  </operation>
                  <operation source="formula" to="temp.t_currInd">
                     <expression language="XQuery">if($input.currInd!='')
then fn:concat("STUD_CURR_IND%20eq%20'",$input.currInd,"'%20and%20")
else
''</expression>
                  </operation>
                  <operation source="formula" to="temp.t_baseUrl">
                     <expression language="XQuery">"https://na1.ai.dm-us.informaticacloud.com/active-bpel/odata/v4/api-Student-Conn/STUDENT_CURRICULUM_VW"</expression>
                  </operation>
                  <operation source="formula" to="temp.t_filter">
                     <expression language="XQuery">if($input.gNum!='' or $input.effectiveFromDt!='' or $input.effectiveToDt!='' or $input.currInd!='')
then
"?$filter="
else
"?"</expression>
                  </operation>
                  <operation source="formula" to="temp.t_pagingFilters">
                     <expression language="XQuery">if($input.gNum!='' or $input.effectiveFromDt!='' or $input.effectiveToDt!='' or $input.currInd!='')
then
fn:concat("&amp;amp;$top=",$temp.t_top ,"&amp;amp;$skip=",$temp.t_skip)
else
fn:concat("$top=",$temp.t_top ,"&amp;amp;$skip=",$temp.t_skip)</expression>
                  </operation>
                  <operation source="formula" to="temp.t_effectiveFromDt">
                     <expression language="XQuery">if($input.effectiveFromDt!='')
then fn:concat("STUD_EFFECTIVE_FROM_DATE%20ge%20",$input.effectiveFromDt,"%20and%20")
else
''</expression>
                  </operation>
                  <operation source="formula" to="temp.t_effectiveToDt">
                     <expression language="XQuery">if($input.effectiveToDt!='')
then fn:concat("STUD_EFFECTIVE_TO_DATE%20le%20",$input.effectiveToDt,"%20and%20")
else
''</expression>
                  </operation>
                  <link id="k8ze5msh" targetId="k8ze5msg"/>
               </assignment>
               <assignment id="k8ze5msg">
                  <title>t_joinFilters</title>
                  <operation source="formula" to="temp.t_joinFilters">
                     <expression language="XQuery">fn:concat($temp.t_baseUrl,$temp.t_filter,$temp.t_currInd,$temp.t_effectiveFromDt,$temp.t_effectiveToDt,$temp.t_gNum)</expression>
                  </operation>
                  <link id="k8ze5mso" targetId="k8ze5msn"/>
               </assignment>
               <assignment id="k8ze5msn">
                  <title>t_finalFilters</title>
                  <operation source="formula" to="temp.t_finalFilters">
                     <expression language="XQuery">if(fn:ends-with($temp.t_joinFilters, '%20and%20'))
then
fn:substring($temp.t_joinFilters, 1, fn:string-length($temp.t_joinFilters)-9)
else
$temp.t_joinFilters</expression>
                  </operation>
                  <link id="k98uzn19" targetId="k98uzn18"/>
               </assignment>
               <assignment id="k98uzn18">
                  <title>t_urlWithCount</title>
                  <operation source="formula" to="temp.t_urlWithCount">
                     <expression language="XQuery">fn:replace($temp.t_urlWithCount , "STUDENT_CURRICULUMN_VW", "STUDENT_CURRICULUMN_VW/\$count")</expression>
                  </operation>
                  <link id="k9abxlbr" targetId="k9abxle3"/>
               </assignment>
               <eventContainer id="k9abxle3">
                  <service id="k98uzn1x">
                     <title>GetData</title>
                     <serviceName>api-Student-OdataConn:GetData_StudentCurr</serviceName>
                     <serviceGUID>23SpjmoeR1BbXjzkxet1wd</serviceGUID>
                     <serviceInput>
                        <parameter name="in_URL" source="formula">
                           <expression language="XQuery">fn:concat($temp.t_finalFilters,$temp.t_pagingFilters)</expression>
                        </parameter>
                     </serviceInput>
                  </service>
                  <flow id="k9abxle5">
                     <eventContainer id="k9abxlef">
                        <service id="k9abxlej">
                           <title>GetRecordCount</title>
                           <serviceName>api-Student-OdataConn:GetRecordCount_StudentCurr</serviceName>
                           <serviceGUID>23SpjmoeR1BbXjzkxet1wd</serviceGUID>
                           <serviceInput>
                              <parameter name="input_URL" source="formula">
                                 <expression language="XQuery">$temp.t_urlWithCount</expression>
                              </parameter>
                           </serviceInput>
                        </service>
                        <flow id="k9abxleg">
                           <assignment id="k9abxleh">
                              <title>Assignment to apiResponse</title>
                              <operation source="formula" to="output.apiResponse">
                                 <expression language="XQuery">&lt;StudentCurriculumV1Response&gt;
&lt;metadata&gt;
&lt;pageNumber&gt;{
if($input.pageNumber != '')
then
$input.pageNumber
else
1
}&lt;/pageNumber&gt;
&lt;pageSize&gt;{
$temp.t_top 
}&lt;/pageSize&gt;
&lt;pageCount&gt;{
fn:ceiling(($output.recordCount  div $temp.t_top))
}&lt;/pageCount&gt;
&lt;totalCount&gt;{
$output.recordCount
}&lt;/totalCount&gt;
&lt;/metadata&gt;
{
for $x in $output.AllRecords
return
&lt;data&gt;
&lt;student&gt;
   &lt;pidm&gt;{$x/STDN_PIDM/data()}&lt;/pidm&gt;
   &lt;g_number&gt;{$x/STDN_GNUMBER/data()}&lt;/g_number&gt;
   &lt;effective_from_date&gt;{$x/STDN_EFFECTIVE_FROM_DATE/data()}&lt;/effective_from_date&gt;
   &lt;effective_to_date&gt;{$x/STDN_EFFECTIVE_TO_DATE/data()}&lt;/effective_to_date&gt;
   &lt;current_ind&gt;{$x/STDN_CURRENT_IND/data()}&lt;/current_ind&gt;
   &lt;eligible_term_code&gt;{$x/STDN_ELIGIBLE_TERM_CODE/data()}&lt;/eligible_term_code&gt;
   &lt;eligible_term_desc&gt;{$x/STDN_ELIGIBLE_TERM_DESC	/data()}&lt;/eligible_term_desc&gt;
   &lt;effective_term_code&gt;{$x/STDN_EFFECTIVE_TERM_CODE/data()}&lt;/effective_term_code&gt;
   &lt;effective_term_desc&gt;{$x/STDN_EFFECTIVE_TERM_DESC/data()}&lt;/effective_term_desc&gt;
   &lt;curriculum_status_code&gt;{$x/STDN_CURRICULUM_STATUS_CODE/data()}&lt;/curriculum_status_code&gt;
   &lt;curriculum_status_desc&gt;{$x/STDN_CURRICULUM_STATUS_DESC/data()}&lt;/curriculum_status_desc&gt;
   &lt;academic_standing_code&gt;{$x/STDN_ACADEMIC_STANDING_CODE/data()}&lt;/academic_standing_code&gt;
   &lt;academic_standing_desc&gt;{$x/STDN_ACADEMIC_STANDING_DESC/data()}&lt;/academic_standing_desc&gt;
   &lt;student_level_code&gt;{$x/STDN_STUDENT_LEVEL_CODE/data()}&lt;/student_level_code&gt;
   &lt;student_level_desc&gt;{$x/STDN_STUDENT_LEVEL_DESC/data()}&lt;/student_level_desc&gt;
   &lt;residency_code&gt;{$x/STDN_RESIDENCY_CODE	/data()}&lt;/residency_code&gt;
   &lt;residency_desc&gt;{$x/STDN_RESIDENCY_DESC	/data()}&lt;/residency_desc&gt;
   &lt;student_type_code&gt;{$x/STDN_STUDENT_TYPE_CODE/data()}&lt;/student_type_code&gt;
   &lt;student_type_desc&gt;{$x/STDN_STUDENT_TYPE_DESC/data()}&lt;/student_type_desc&gt;
   &lt;anticipated_grad_term_code&gt;{$x/STDN_ANTCPATED_GRAD_TERM_CODE/data()}&lt;/anticipated_grad_term_code&gt;
   &lt;anticipated_grad_term_desc&gt;{$x/STDN_ANTCPATED_GRAD_TERM_DESC/data()}&lt;/anticipated_grad_term_desc&gt;
   &lt;budget_degree_level&gt;{$x/STDN_BUDGET_DEGREE_LEVEL/data()}&lt;/budget_degree_level&gt;
   &lt;expected_grad_date&gt;{$x/STDN_EXPECTED_GRAD_DATE/data()}&lt;/expected_grad_date&gt;
   &lt;loa_from_date&gt;{$x/STDN_LOA_FROM_DATE/data()}&lt;/loa_from_date&gt;
   &lt;loa_to_date&gt;{$x/STDN_LOA_TO_DATE/data()}&lt;/loa_to_date&gt;
   &lt;banner_class_code&gt;{$x/STDN_BANNER_CLASS_CODE/data()}&lt;/banner_class_code&gt;
   &lt;banner_class_desc&gt;{$x/STDN_BANNER_CLASS_DESC/data()}&lt;/banner_class_desc&gt;
   &lt;derived_class_code&gt;{$x/STDN_DERIVED_CLASS_CODE/data()}&lt;/derived_class_code&gt;
   &lt;derived_class_desc&gt;{$x/STDN_DERIVED_CLASS_DESC/data()}&lt;/derived_class_desc&gt;
   &lt;time_status_code&gt;{$x/STDN_TIME_STATUS_CODE/data()}&lt;/time_status_code&gt;
   &lt;time_status_desc&gt;{$x/STDN_TIME_STATUS_DESC/data()}&lt;/time_status_desc&gt;
   &lt;load_status_code&gt;{$x/STDN_LOAD_STATUS_CODE/data()}&lt;/load_status_code&gt;
   &lt;load_status_desc&gt;{$x/STDN_LOAD_STATUS_DESC/data()}&lt;/load_status_desc&gt;
   &lt;registered_ind&gt;{$x/STDN_REGISTERED_IND/data()}&lt;/registered_ind&gt;
   &lt;deans_list_ind&gt;{$x/STDN_DEANS_LIST_IND/data()}&lt;/deans_list_ind&gt;
   &lt;obligation_ind&gt;{$x/STDN_OBLIGATION_IND/data()}&lt;/obligation_ind&gt;
   &lt;new_returning_ind&gt;{$x/STDN_NEW_RETURNING_IND/data()}&lt;/new_returning_ind&gt;
   &lt;athlete_ind&gt;{$x/STDN_ATHLETE_IND/data()}&lt;/athlete_ind&gt;
   &lt;total_credit_hours&gt;{$x/STDN_TOTAL_CREDIT_HOURS/data()}&lt;/total_credit_hours&gt;
&lt;/student&gt; 
&lt;programs&gt;

&lt;/programs&gt;
&lt;/data&gt;
}
&lt;/StudentCurriculumV1Response&gt;</expression>
                              </operation>
                           </assignment>
                           <link id="k9abxlem" targetId="k9abxlef" type="containerLink"/>
                        </flow>
                        <flow id="k9abxlei">
                           <link id="k9abxlen" targetId="k9abxlef" type="containerLink"/>
                        </flow>
                        <link id="k9abxlek" targetId="k9abxleg" type="containerLink"/>
                        <events>
                           <catch faultField="faultInfo" id="k9abxldk" interrupting="true">
                              <link id="k9abxlel" targetId="k9abxlei" type="containerLink"/>
                           </catch>
                        </events>
                     </eventContainer>
                     <link id="k9abxle6" targetId="k9abxle3" type="containerLink"/>
                  </flow>
                  <flow id="k9abxle8">
                     <link id="k9abxle9" targetId="k9abxle3" type="containerLink"/>
                  </flow>
                  <link id="k9abxle4" targetId="k9abxle5" type="containerLink"/>
                  <link id="k9abxlee" targetId="c"/>
                  <events>
                     <catch faultField="faultInfo" id="k9abxle2" interrupting="true">
                        <link id="k9abxle7" targetId="k9abxle8" type="containerLink"/>
                     </catch>
                  </events>
               </eventContainer>
               <end id="c"/>
            </flow>
         </process>
         <ns1:sample-data-sets xmlns:ns1="http://schemas.active-endpoints.com/appmodules/repository/2010/10/sampleData.xsd">
            <ns1:SampleData>
               <ns1:Id>bf081c32-fd20-484d-b254-55c2f777977e</ns1:Id>
               <ns1:Name>test_1</ns1:Name>
               <ns1:CreatedBy>sramsett@gmu.edu</ns1:CreatedBy>
               <ns1:CreationDate>2020-04-14T05:31:05Z</ns1:CreationDate>
               <ns1:ModifiedBy>sramsett@gmu.edu</ns1:ModifiedBy>
               <ns1:ModifiedDate>2020-04-14T05:31:05Z</ns1:ModifiedDate>
               <ns1:Data format="xml">&lt;root&gt;
&lt;currInd&gt;C&lt;/currInd&gt;
&lt;/root&gt;</ns1:Data>
            </ns1:SampleData>
         </ns1:sample-data-sets>
      </types1:Entry>
      <types1:GUID>2nAA6KI2raxc4g7gT3xzwe</types1:GUID>
      <types1:DisplayName>api-Student-BaseProcess-Part1</types1:DisplayName>
   </types1:Item>
   <types1:CurrentServerDateTime>2020-06-23T19:59:48.582Z</types1:CurrentServerDateTime>
</aetgt:getResponse>
