<aetgt:getResponse xmlns:aetgt="http://schemas.active-endpoints.com/appmodules/repository/2010/10/avrepository.xsd"
                   xmlns:types1="http://schemas.active-endpoints.com/appmodules/repository/2010/10/avrepository.xsd">
   <types1:Item>
      <types1:EntryId>ImXycotFgpKi9zh-gt-24404886-2020-05-11T17:55:32.549Z::pd.xml</types1:EntryId>
      <types1:Name>api-StudentCurr-Base-v1</types1:Name>
      <types1:ParentFlowIds>8RVf4VQT53nQciS-gt-15555443-2020-05-06T18:28:09.696Z::pd.xml</types1:ParentFlowIds>
      <types1:MimeType>application/xml+process</types1:MimeType>
      <types1:Description>SR - Student_Curriculum
05/11 - Copy of working process
05/19 - Working version</types1:Description>
      <types1:AppliesTo/>
      <types1:Tags>.agent:Linux_IcsaGroup01_Integrations</types1:Tags>
      <types1:VersionLabel>1.0</types1:VersionLabel>
      <types1:State>CURRENT</types1:State>
      <types1:ProcessGroup/>
      <types1:CreatedBy>sramsett@gmu.edu</types1:CreatedBy>
      <types1:CreationDate>2020-05-11T17:55:33Z</types1:CreationDate>
      <types1:ModifiedBy>api-edis@gmu.edu.dev</types1:ModifiedBy>
      <types1:ModificationDate>2020-05-27T19:42:58Z</types1:ModificationDate>
      <types1:PublicationStatus>published</types1:PublicationStatus>
      <types1:PublishedBy>edis@gmu.edu.dev</types1:PublishedBy>
      <types1:PublicationDate>2020-05-31T18:32:30Z</types1:PublicationDate>
      <types1:PublishedContributionId>project:/spi.api-StudentCurr-Base-v1/api-StudentCurr-Base-v1.pd.xml</types1:PublishedContributionId>
      <types1:AutosaveExists>false</types1:AutosaveExists>
      <types1:Entry>
         <process xmlns="http://schemas.active-endpoints.com/appmodules/screenflow/2010/10/avosScreenflow.xsd"
                  xmlns:list="urn:activevos:spi:list:functions"
                  displayName="api-StudentCurr-Base-v1"
                  name="api-StudentCurr-Base-v1"
                  overrideAPIName="false">
            <appliesTo/>
            <description>SR - Student_Curriculum
05/11 - Copy of working process
05/19 - Working version</description>
            <tags>.agent:Linux_IcsaGroup01_Integrations</tags>
            <generator>Informatica Process Designer 11</generator>
            <input>
               <parameter description="Current Indicator is 'C'urrent or 'H'istory"
                          name="currentInd"
                          required="true"
                          type="string">
                  <options>
                     <option name="required">false</option>
                  </options>
               </parameter>
               <parameter description="Student GNumber" name="gNumber" type="string">
                  <options>
                     <option name="required">false</option>
                  </options>
               </parameter>
               <parameter description="pageNumber - usage $top" name="pageNumber" type="int">
                  <options>
                     <option name="required">false</option>
                  </options>
               </parameter>
               <parameter description="pageSize - usage $skip" name="pageSize" type="int">
                  <options>
                     <option name="required">false</option>
                  </options>
               </parameter>
               <parameter description="effective From date - date range processing"
                          name="effectiveFromDtAfter"
                          type="datetime">
                  <options>
                     <option name="thirtyMinutesIncrement">true</option>
                     <option name="required">false</option>
                  </options>
               </parameter>
               <parameter description="effective from date - date range processing"
                          name="effectiveFromDtBefore"
                          type="datetime">
                  <options>
                     <option name="thirtyMinutesIncrement">true</option>
                     <option name="required">false</option>
                  </options>
               </parameter>
               <parameter description="eligible term code e.g. &#34;202010&#34;"
                          name="eligibleTermCode"
                          type="string">
                  <options>
                     <option name="required">false</option>
                  </options>
               </parameter>
               <parameter description="" name="sort" type="string">
                  <options>
                     <option name="required">false</option>
                  </options>
               </parameter>
               <parameter description="" name="effectiveTermCode" type="string">
                  <options>
                     <option name="required">false</option>
                  </options>
               </parameter>
               <parameter description="" name="curriculumStatusCode" type="string">
                  <options>
                     <option name="required">false</option>
                  </options>
               </parameter>
               <parameter description="" name="studentLevelCode" type="string">
                  <options>
                     <option name="required">false</option>
                  </options>
               </parameter>
               <parameter description="" name="collegeCode" type="string">
                  <options>
                     <option name="required">false</option>
                  </options>
               </parameter>
               <parameter description="" name="eligibleTermCodeAfter" type="string">
                  <options>
                     <option name="required">false</option>
                  </options>
               </parameter>
               <parameter description="" name="eligibleTermCodeBefore" type="string">
                  <options>
                     <option name="required">false</option>
                  </options>
               </parameter>
            </input>
            <output>
               <field description="" name="apiResponse" type="reference">
                  <options>
                     <option name="referenceTo">$po:STDNCURRStudentCurriculumV1Response</option>
                     <option name="required">false</option>
                     <option name="isCopy">true</option>
                     <option name="guid">fGi5gViBEGYdlh0NDGmmUT</option>
                  </options>
               </field>
               <field description="" name="error" type="reference">
                  <options>
                     <option name="referenceTo">$po:ErrorModel-1</option>
                     <option name="required">false</option>
                     <option name="isCopy">true</option>
                     <option name="guid">45Cm0QkdYHgdgzFBT65SSW</option>
                  </options>
               </field>
            </output>
            <tempFields>
               <field description="" name="t_url" type="string">
                  <options>
                     <option name="required">false</option>
                  </options>
               </field>
               <field description="Student Context AppConnection URL"
                      name="t_baseUrl"
                      type="string">
                  <options>
                     <option name="required">false</option>
                  </options>
               </field>
               <field description="use for pagingation - pageNumber"
                      name="t_top"
                      type="int">
                  <options>
                     <option name="required">false</option>
                  </options>
               </field>
               <field description="use for pagination - pageSize"
                      name="t_skip"
                      type="int">
                  <options>
                     <option name="required">false</option>
                  </options>
               </field>
               <field description="" name="t_currInd" type="string">
                  <options>
                     <option name="required">false</option>
                  </options>
               </field>
               <field description="" name="t_filter" type="string">
                  <options>
                     <option name="required">false</option>
                  </options>
               </field>
               <field description="" name="t_effectiveFromDtAfter" type="string">
                  <options>
                     <option name="required">false</option>
                  </options>
               </field>
               <field description="" name="t_effectiveFromDtBefore" type="string">
                  <options>
                     <option name="required">false</option>
                  </options>
               </field>
               <field description="" name="t_gNumber" type="string">
                  <options>
                     <option name="required">false</option>
                  </options>
               </field>
               <field description="" name="t_joinFilters" type="string">
                  <options>
                     <option name="required">false</option>
                  </options>
               </field>
               <field description="" name="t_finalFilters" type="string">
                  <options>
                     <option name="required">false</option>
                  </options>
               </field>
               <field description="" name="t_pagingFilters" type="string">
                  <options>
                     <option name="required">false</option>
                  </options>
               </field>
               <field description="" name="t_urlWithCount" type="string">
                  <options>
                     <option name="required">false</option>
                  </options>
               </field>
               <field description="" name="t_selectquery" type="string">
                  <options>
                     <option name="required">false</option>
                  </options>
               </field>
               <field description="" name="t_whereClause" type="string">
                  <options>
                     <option name="required">false</option>
                  </options>
               </field>
               <field description="" name="t_query_gNumber" type="string">
                  <options>
                     <option name="required">false</option>
                  </options>
               </field>
               <field description="" name="t_query_currInd" type="string">
                  <options>
                     <option name="required">false</option>
                  </options>
               </field>
               <field description="" name="t_query_effectiveFromDtBefore" type="string">
                  <options>
                     <option name="required">false</option>
                  </options>
               </field>
               <field description="" name="t_query_joinFilters" type="string">
                  <options>
                     <option name="required">false</option>
                  </options>
               </field>
               <field description="" name="t_query_finalFilters" type="string">
                  <options>
                     <option name="required">false</option>
                  </options>
               </field>
               <field description="" name="t_query_effectiveFromDtAfter" type="string">
                  <options>
                     <option name="required">false</option>
                  </options>
               </field>
               <field description="" name="t_pageNumber" type="int">
                  <options>
                     <option name="required">false</option>
                  </options>
               </field>
               <field description="" name="t_eligible_term_code" type="string">
                  <options>
                     <option name="required">false</option>
                  </options>
               </field>
               <field description="" name="t_query_eligible_term_code" type="string">
                  <options>
                     <option name="required">false</option>
                  </options>
               </field>
               <field description="" name="t_self" type="string">
                  <options>
                     <option name="required">false</option>
                  </options>
               </field>
               <field description="" name="t_first" type="string">
                  <options>
                     <option name="required">false</option>
                  </options>
               </field>
               <field description="" name="t_previous" type="string">
                  <options>
                     <option name="required">false</option>
                  </options>
               </field>
               <field description="" name="t_next" type="string">
                  <options>
                     <option name="required">false</option>
                  </options>
               </field>
               <field description="" name="t_last" type="string">
                  <options>
                     <option name="required">false</option>
                  </options>
               </field>
               <field description="" name="t_links_gNumber" type="string">
                  <options>
                     <option name="required">false</option>
                  </options>
               </field>
               <field description="" name="t_links_currInd" type="string">
                  <options>
                     <option name="required">false</option>
                  </options>
               </field>
               <field description="" name="t_links_eligible_term_code" type="string">
                  <options>
                     <option name="required">false</option>
                  </options>
               </field>
               <field description="" name="t_links_effectiveFromDtAfter" type="string">
                  <options>
                     <option name="required">false</option>
                  </options>
               </field>
               <field description="" name="t_links_effectiveFromDtBefore" type="string">
                  <options>
                     <option name="required">false</option>
                  </options>
               </field>
               <field description="API URL for paging links "
                      name="t_api_url"
                      type="string">
                  <options>
                     <option name="required">false</option>
                  </options>
               </field>
               <field description="" name="t_sort" type="objectlist">
                  <options>
                     <option name="referenceTo">$po:$any</option>
                     <option hide="true" name="multiSelect">true</option>
                     <option name="required">false</option>
                     <option name="isCopy">true</option>
                  </options>
               </field>
               <field description="" name="t_orderby" type="string">
                  <options>
                     <option name="required">false</option>
                  </options>
               </field>
               <field description="" name="t_sortFields" type="string">
                  <options>
                     <option name="required">false</option>
                  </options>
               </field>
               <field description="" name="t_finalSortFields" type="string">
                  <options>
                     <option name="required">false</option>
                  </options>
               </field>
               <field description="" name="t_links_sort" type="string">
                  <options>
                     <option name="required">false</option>
                  </options>
               </field>
               <field description="" name="t_joinSortFields" type="string">
                  <options>
                     <option name="required">false</option>
                  </options>
               </field>
               <field description="" name="t_query_effectiveTermCode" type="string">
                  <options>
                     <option name="required">false</option>
                  </options>
               </field>
               <field description="" name="t_query_curriculumStatusCode" type="string">
                  <options>
                     <option name="required">false</option>
                  </options>
               </field>
               <field description="" name="t_query_studentLevelCode" type="string">
                  <options>
                     <option name="required">false</option>
                  </options>
               </field>
               <field description="" name="t_query_collegeCode" type="string">
                  <options>
                     <option name="required">false</option>
                  </options>
               </field>
               <field description="" name="t_links_effectiveTermCode" type="string">
                  <options>
                     <option name="required">false</option>
                  </options>
               </field>
               <field description="" name="t_links_curriculumStatusCode" type="string">
                  <options>
                     <option name="required">false</option>
                  </options>
               </field>
               <field description="" name="t_links_studentLevelCode" type="string">
                  <options>
                     <option name="required">false</option>
                  </options>
               </field>
               <field description="" name="t_links_collegeCode" type="string">
                  <options>
                     <option name="required">false</option>
                  </options>
               </field>
               <field description="" name="t_effectiveTermCode" type="string">
                  <options>
                     <option name="required">false</option>
                  </options>
               </field>
               <field description="" name="t_curriculumStatusCode" type="string">
                  <options>
                     <option name="required">false</option>
                  </options>
               </field>
               <field description="" name="t_studentLevelCode" type="string">
                  <options>
                     <option name="required">false</option>
                  </options>
               </field>
               <field description="" name="t_collegeCode" type="string">
                  <options>
                     <option name="required">false</option>
                  </options>
               </field>
               <field description="" name="t_eligibleTermCodeAfter" type="string">
                  <options>
                     <option name="required">false</option>
                  </options>
               </field>
               <field description="" name="t_eligibleTermCodeBefore" type="string">
                  <options>
                     <option name="required">false</option>
                  </options>
               </field>
               <field description="" name="t_links_eligibleTermCodeAfter" type="string">
                  <options>
                     <option name="required">false</option>
                  </options>
               </field>
               <field description="" name="t_links_eligibleTermCodeBefore" type="string">
                  <options>
                     <option name="required">false</option>
                  </options>
               </field>
               <field description="" name="t_query_eligibleTermCodeAfter" type="string">
                  <options>
                     <option name="required">false</option>
                  </options>
               </field>
               <field description="" name="t_query_eligibleTermCodeBefore" type="string">
                  <options>
                     <option name="required">false</option>
                  </options>
               </field>
            </tempFields>
            <notes>This is a process to test issues with the api-StudentOdataConn</notes>
            <deployment suspendOnFault="false" tracingLevel="verbose">
               <targetLocation>Linux_IcsaGroup01_Integrations</targetLocation>
               <rest>
                  <allowedGroups>
                     <group>Admin Team</group>
                  </allowedGroups>
                  <allowedUsers>
                     <user>edis@gmu.edu.dev</user>
                     <user>sramsett@gmu.edu</user>
                  </allowedUsers>
               </rest>
            </deployment>
            <flow id="a">
               <start id="b">
                  <link id="k9c5essi" targetId="k9c5essh"/>
               </start>
               <assignment id="k9c5essh">
                  <title>Assignment to t_top, t_skip etc.</title>
                  <operation source="formula" to="temp.t_top">
                     <expression language="XQuery">if($input.pageNumber!='' and $input.pageSize!='')
then $input.pageSize
else if((fn:empty($input.pageNumber)) and ($input.pageSize!=''))
then $input.pageSize
else
200</expression>
                  </operation>
                  <operation source="formula" to="temp.t_skip">
                     <expression language="XQuery">if($input.pageNumber!='' and $input.pageSize!='')
then
xs:long(($input.pageNumber - 1) * $input.pageSize)
else if(($input.pageNumber!='') and (fn:empty($input.pageSize)))
then xs:long(($input.pageNumber - 1) * 200)
else
0</expression>
                  </operation>
                  <operation source="formula" to="temp.t_pageNumber">
                     <expression language="XQuery">if($input.pageNumber != '')
then
$input.pageNumber
else
1</expression>
                  </operation>
                  <operation source="constant" to="temp.t_selectquery">select count(*) count_rows from edis_api_layer.STUDENT_CURRICULUM_VW</operation>
                  <operation source="formula" to="temp.t_whereClause">
                     <expression language="XQuery">if($input.gNumber!='' or $input.eligibleTermCode!='' or $input.effectiveFromDtAfter!='' or $input.effectiveFromDtBefore!='' or $input.currentInd!='' or $input.effectiveTermCode!='' or $input.curriculumStatusCode!='' or $input.studentLevelCode!='' or $input.collegeCode!='')
then
" where "
else
''</expression>
                  </operation>
                  <link id="k9c5essj" targetId="k9bvr86q"/>
               </assignment>
               <assignment id="k9bvr86q">
                  <title>Assignment to t_currInd, t_gNumber etc.</title>
                  <operation source="formula" to="temp.t_currInd">
                     <expression language="XQuery">if($input.currentInd!='')
then
(	
	if($input.currentInd='C')
	then
	fn:concat("STDN_CURRENT_IND%20eq%20'",$input.currentInd,"'%20and%20")
	else
	''
)
else
''</expression>
                  </operation>
                  <operation source="formula" to="temp.t_gNumber">
                     <expression language="XQuery">if($input.gNumber!='')
then fn:concat("STDN_GNUMBER%20eq%20'",$input.gNumber,"'%20and%20")
else
''</expression>
                  </operation>
                  <operation source="formula" to="temp.t_eligible_term_code">
                     <expression language="XQuery">if($input.eligibleTermCode!='')
then fn:concat("STDN_ELIGIBLE_TERM_CODE%20eq%20'",$input.eligibleTermCode,"'%20and%20")
else
''</expression>
                  </operation>
                  <operation source="formula" to="temp.t_baseUrl">
                     <expression language="XQuery">"https://localhost:7443/process-engine/odata/v4/api-Student-Conn/STUDENT_CURRICULUM_VW"</expression>
                  </operation>
                  <operation source="formula" to="temp.t_filter">
                     <expression language="XQuery">if($input.gNumber!='' or $input.eligibleTermCode!='' or $input.effectiveFromDtAfter!='' or $input.effectiveFromDtBefore!='' or $input.currentInd!='')
then
"?$filter="
else
"?"</expression>
                  </operation>
                  <operation source="formula" to="temp.t_pagingFilters">
                     <expression language="XQuery">if($input.gNumber!='' or $input.eligibleTermCode!='' or $input.effectiveFromDtAfter!='' or $input.effectiveFromDtBefore!='' or $input.currentInd!='')
then
fn:concat("&amp;amp;$top=",$temp.t_top ,"&amp;amp;$skip=",$temp.t_skip)
else
fn:concat("$top=",$temp.t_top ,"&amp;amp;$skip=",$temp.t_skip)</expression>
                  </operation>
                  <operation source="formula" to="temp.t_api_url">
                     <expression language="XQuery">fn:concat(util:resolveURN("edisManagedAPIHostName"), "/api/StudentCurriculum/v1?")</expression>
                  </operation>
                  <operation source="formula" to="temp.t_links_gNumber">
                     <expression language="XQuery">if($input.gNumber!='')
then fn:concat("&amp;amp;gNumber=",$input.gNumber)
else
''</expression>
                  </operation>
                  <operation source="formula" to="temp.t_links_currInd">
                     <expression language="XQuery">if($input.currentInd!='')
then fn:concat("&amp;amp;currentInd=",$input.currentInd)
else
''</expression>
                  </operation>
                  <operation source="formula" to="temp.t_links_eligible_term_code">
                     <expression language="XQuery">if($input.eligibleTermCode!='')
then fn:concat("&amp;amp;eligibleTermCode=",$input.eligibleTermCode)
else
''</expression>
                  </operation>
                  <operation source="formula" to="temp.t_links_effectiveFromDtAfter">
                     <expression language="XQuery">if($input.effectiveFromDtAfter!='')
then fn:concat("&amp;amp;effectiveFromDtAfter=",$input.effectiveFromDtAfter)
else
''</expression>
                  </operation>
                  <operation source="formula" to="temp.t_links_effectiveFromDtBefore">
                     <expression language="XQuery">if($input.effectiveFromDtBefore!='')
then fn:concat("&amp;amp;effectiveFromDtBefore=",$input.effectiveFromDtBefore)
else
''</expression>
                  </operation>
                  <operation source="formula" to="temp.t_effectiveFromDtAfter">
                     <expression language="XQuery">if($input.effectiveFromDtAfter!='')
then fn:concat("STDN_EFFECTIVE_FROM_DATE%20ge%20",$input.effectiveFromDtAfter,"%20and%20")
else
''</expression>
                  </operation>
                  <operation source="formula" to="temp.t_effectiveFromDtBefore">
                     <expression language="XQuery">if($input.effectiveFromDtBefore!='')
then fn:concat("STDN_EFFECTIVE_FROM_DATE%20le%20",$input.effectiveFromDtBefore,"%20and%20")
else
''</expression>
                  </operation>
                  <operation source="formula" to="temp.t_sort">
                     <expression language="XQuery">if($input.sort!='')
then
(
    for $x in fn:tokenize($input.sort, ',')
 	return
    if($x = 'gNumber')
    then list:append($temp.t_sort,"STDN_GNUMBER,")
    else if($x = '-gNumber')
    then list:append($temp.t_sort,"STDN_GNUMBER%20desc,")
    else if($x = 'eligibleTermCode')
    then list:append($temp.t_sort,"STDN_ELIGIBLE_TERM_CODE,")
    else if($x = '-eligibleTermCode')
    then list:append($temp.t_sort,"STDN_ELIGIBLE_TERM_CODE%20desc,")
    else if($x = 'effectiveFromDate')
    then list:append($temp.t_sort,"STDN_EFFECTIVE_FROM_DATE,")
    else if($x = '-effectiveFromDate')
    then list:append($temp.t_sort,"STDN_EFFECTIVE_FROM_DATE%20desc,")
    else if($x = 'effectiveTermCode')
    then list:append($temp.t_sort,"STDN_EFFECTIVE_TERM_CODE,")
    else if($x = '-effectiveTermCode')
    then list:append($temp.t_sort,"STDN_EFFECTIVE_TERM_CODE%20desc,")
    else if($x = 'curriculumStatusCode')
    then list:append($temp.t_sort,"STDN_CURRICULUM_STATUS_CODE,")
    else if($x = '-curriculumStatusCode')
    then list:append($temp.t_sort,"STDN_CURRICULUM_STATUS_CODE%20desc,")
    else if($x = 'studentLevelCode')
    then list:append($temp.t_sort,"STDN_STUDENT_LEVEL_CODE,")
    else if($x = '-studentLevelCode')
    then list:append($temp.t_sort,"STDN_STUDENT_LEVEL_CODE%20desc,")
    else if($x = 'collegeCode')
    then list:append($temp.t_sort,"STDN_PRIMARY_COLLEGE_CODE,")
    else if($x = '-collegeCode')
    then list:append($temp.t_sort,"STDN_PRIMARY_COLLEGE_CODE%20desc,")
    else
    list:append($temp.t_sort,"")
)
else
''</expression>
                  </operation>
                  <operation source="formula" to="temp.t_orderby">
                     <expression language="XQuery">if($input.sort!='')
then
"&amp;amp;$orderby="
else
''</expression>
                  </operation>
                  <operation source="formula" to="temp.t_links_sort">
                     <expression language="XQuery">if($input.sort!='')
then fn:concat("&amp;amp;sort=",$input.sort)
else
''</expression>
                  </operation>
                  <operation source="formula" to="temp.t_effectiveTermCode">
                     <expression language="XQuery">if($input.effectiveTermCode!='')
then fn:concat("STDN_EFFECTIVE_TERM_CODE%20eq%20'",$input.effectiveTermCode,"'%20and%20")
else
''</expression>
                  </operation>
                  <operation source="formula" to="temp.t_curriculumStatusCode">
                     <expression language="XQuery">if($input.curriculumStatusCode!='')
then fn:concat("STDN_CURRICULUM_STATUS_CODE%20eq%20'",$input.curriculumStatusCode,"'%20and%20")
else
''</expression>
                  </operation>
                  <operation source="formula" to="temp.t_studentLevelCode">
                     <expression language="XQuery">if($input.studentLevelCode!='')
then fn:concat("STDN_STUDENT_LEVEL_CODE%20eq%20'",$input.studentLevelCode,"'%20and%20")
else
''</expression>
                  </operation>
                  <operation source="formula" to="temp.t_collegeCode">
                     <expression language="XQuery">if($input.collegeCode!='')
then fn:concat("STDN_PRIMARY_COLLEGE_CODE%20eq%20'",$input.collegeCode,"'%20and%20")
else
''</expression>
                  </operation>
                  <operation source="formula" to="temp.t_links_effectiveTermCode">
                     <expression language="XQuery">if($input.effectiveTermCode!='')
then fn:concat("&amp;amp;effectiveTermCode=",$input.effectiveTermCode)
else
''</expression>
                  </operation>
                  <operation source="formula" to="temp.t_links_curriculumStatusCode">
                     <expression language="XQuery">if($input.curriculumStatusCode!='')
then fn:concat("&amp;amp;curriculumStatusCode=",$input.curriculumStatusCode)
else
''</expression>
                  </operation>
                  <operation source="formula" to="temp.t_links_studentLevelCode">
                     <expression language="XQuery">if($input.studentLevelCode!='')
then fn:concat("&amp;amp;studentLevelCode=",$input.studentLevelCode)
else
''</expression>
                  </operation>
                  <operation source="formula" to="temp.t_links_collegeCode">
                     <expression language="XQuery">if($input.collegeCode!='')
then fn:concat("&amp;amp;collegeCode=",$input.collegeCode)
else
''</expression>
                  </operation>
                  <operation source="formula" to="temp.t_eligibleTermCodeAfter">
                     <expression language="XQuery">if($input.eligibleTermCodeAfter!='')
then fn:concat("STDN_ELIGIBLE_TERM_CODE%20ge%20'",$input.eligibleTermCodeAfter,"'%20and%20")
else
''</expression>
                  </operation>
                  <operation source="formula" to="temp.t_eligibleTermCodeBefore">
                     <expression language="XQuery">if($input.eligibleTermCodeBefore!='')
then fn:concat("STDN_ELIGIBLE_TERM_CODE%20le%20'",$input.eligibleTermCodeBefore,"'%20and%20")
else
''</expression>
                  </operation>
                  <operation source="formula" to="temp.t_links_eligibleTermCodeAfter">
                     <expression language="XQuery">if($input.eligibleTermCodeAfter!='')
then fn:concat("&amp;amp;eligibleTermCodeAfter=",$input.eligibleTermCodeAfter)
else
''</expression>
                  </operation>
                  <operation source="formula" to="temp.t_links_eligibleTermCodeBefore">
                     <expression language="XQuery">if($input.eligibleTermCodeBefore!='')
then fn:concat("&amp;amp;eligibleTermCodeBefore=",$input.eligibleTermCodeBefore)
else
''</expression>
                  </operation>
                  <link id="k9c7ty26" targetId="k9c7ty25"/>
               </assignment>
               <assignment id="k9c7ty25">
                  <title>Assignment to t_query_gNumber, t_query_currInd etc.</title>
                  <operation source="formula" to="temp.t_query_gNumber">
                     <expression language="XQuery">if($input.gNumber!='')
then fn:concat("STDN_GNUMBER = '",$input.gNumber,"' and ")
else
''</expression>
                  </operation>
                  <operation source="formula" to="temp.t_query_currInd">
                     <expression language="XQuery">if($input.currentInd!='')
then
(
	if($input.currentInd='H')
	then 
	fn:concat("STDN_CURRENT_IND IN ('",$input.currentInd,"','C') and ")
	else    
    fn:concat("STDN_CURRENT_IND = '",$input.currentInd,"' and ")
)
else
''</expression>
                  </operation>
                  <operation source="formula" to="temp.t_query_eligible_term_code">
                     <expression language="XQuery">if($temp.t_eligible_term_code!='')
then fn:concat("STDN_ELIGIBLE_TERM_CODE = '",$input.eligibleTermCode ,"' and ")
else
''</expression>
                  </operation>
                  <operation source="formula" to="temp.t_query_effectiveFromDtAfter">
                     <expression language="XQuery">if($input.effectiveFromDtAfter!='')
then fn:concat("to_char(STDN_EFFECTIVE_FROM_DATE,'YYYY-MM-DD') &gt;= '",format-dateTime(xs:dateTime($input.effectiveFromDtAfter), "[Y0001]-[M01]-[D01]"),"' and ")
else
''</expression>
                  </operation>
                  <operation source="formula" to="temp.t_query_effectiveFromDtBefore">
                     <expression language="XQuery">if($input.effectiveFromDtBefore!='')
then fn:concat("to_char(STDN_EFFECTIVE_FROM_DATE,'YYYY-MM-DD') &lt;= '",format-dateTime(xs:dateTime($input.effectiveFromDtBefore), "[Y0001]-[M01]-[D01]"),"' and ")
else
''</expression>
                  </operation>
                  <operation source="formula" to="temp.t_query_effectiveTermCode">
                     <expression language="XQuery">if($temp.t_effectiveTermCode!='')
then fn:concat("STDN_EFFECTIVE_TERM_CODE = '",$input.effectiveTermCode ,"' and ")
else
''</expression>
                  </operation>
                  <operation source="formula" to="temp.t_query_curriculumStatusCode">
                     <expression language="XQuery">if($temp.t_curriculumStatusCode!='')
then fn:concat("STDN_CURRICULUM_STATUS_CODE = '",$input.curriculumStatusCode ,"' and ")
else
''</expression>
                  </operation>
                  <operation source="formula" to="temp.t_query_studentLevelCode">
                     <expression language="XQuery">if($temp.t_eligible_term_code!='')
then fn:concat("STDN_ELIGIBLE_TERM_CODE = '",$input.eligibleTermCode ,"' and ")
else
''</expression>
                  </operation>
                  <operation source="formula" to="temp.t_query_collegeCode">
                     <expression language="XQuery">if($temp.t_eligible_term_code!='')
then fn:concat("STDN_ELIGIBLE_TERM_CODE = '",$input.eligibleTermCode ,"' and ")
else
''</expression>
                  </operation>
                  <operation source="formula" to="temp.t_query_eligibleTermCodeAfter">
                     <expression language="XQuery">if($input.eligibleTermCodeAfter!='')
then fn:concat("STDN_ELIGIBLE_TERM_CODE &gt;= '",$input.eligibleTermCodeAfter,"' and ")
else
''</expression>
                  </operation>
                  <operation source="formula" to="temp.t_query_eligibleTermCodeBefore">
                     <expression language="XQuery">if($input.eligibleTermCodeBefore!='')
then fn:concat("STDN_ELIGIBLE_TERM_CODE &lt;= '",$input.eligibleTermCodeBefore,"' and ")
else
''</expression>
                  </operation>
                  <link id="k9lo49pe" targetId="k9lo49pd"/>
               </assignment>
               <assignment id="k9lo49pd">
                  <title>Assignment to t_joinSortFields</title>
                  <operation source="formula" to="temp.t_joinSortFields">
                     <expression language="XQuery">if($input.sort!='')
then
fn:replace(fn:string-join($temp.t_sort), ', ', ',')
else
''</expression>
                  </operation>
                  <link id="k9lo49pf" targetId="k9c5esu4"/>
               </assignment>
               <assignment id="k9c5esu4">
                  <title>Assignment to t_joinFilters, t_query_joinFilters etc.</title>
                  <operation source="formula" to="temp.t_joinFilters">
                     <expression language="XQuery">fn:concat($temp.t_baseUrl,$temp.t_filter,$temp.t_currInd,$temp.t_eligible_term_code,$temp.t_effectiveFromDtAfter,$temp.t_effectiveFromDtBefore,$temp.t_eligibleTermCodeAfter,$temp.t_eligibleTermCodeBefore,$temp.t_effectiveTermCode,$temp.t_curriculumStatusCode,$temp.t_studentLevelCode,$temp.t_collegeCode,$temp.t_gNumber)</expression>
                  </operation>
                  <operation source="formula" to="temp.t_query_joinFilters">
                     <expression language="XQuery">fn:concat($temp.t_selectquery,$temp.t_whereClause,$temp.t_query_currInd,$temp.t_query_eligible_term_code,$temp.t_query_effectiveFromDtAfter,$temp.t_query_effectiveFromDtBefore,$temp.t_query_eligibleTermCodeAfter,$temp.t_query_eligibleTermCodeBefore,$temp.t_query_effectiveTermCode,$temp.t_query_curriculumStatusCode,$temp.t_query_studentLevelCode,$temp.t_query_collegeCode,$temp.t_query_gNumber)</expression>
                  </operation>
                  <operation source="formula" to="temp.t_sortFields">
                     <expression language="XQuery">if(fn:ends-with($temp.t_joinSortFields, ','))
then
fn:substring($temp.t_joinSortFields, 1, fn:string-length($temp.t_joinSortFields)-1)
else
$temp.t_joinSortFields</expression>
                  </operation>
                  <link id="k9c5esuc" targetId="k9c5esub"/>
               </assignment>
               <assignment id="k9c5esub">
                  <title>Assignment to t_finalFilters, t_query_finalFilters etc.</title>
                  <operation source="formula" to="temp.t_finalFilters">
                     <expression language="XQuery">if(fn:ends-with($temp.t_joinFilters, '%20and%20'))
then
fn:substring($temp.t_joinFilters, 1, fn:string-length($temp.t_joinFilters)-9)
else
$temp.t_joinFilters</expression>
                  </operation>
                  <operation source="formula" to="temp.t_query_finalFilters">
                     <expression language="XQuery">if(fn:ends-with($temp.t_query_joinFilters, ' and '))
then
fn:substring($temp.t_query_joinFilters, 1, fn:string-length($temp.t_query_joinFilters)-5)
else
$temp.t_query_joinFilters</expression>
                  </operation>
                  <operation source="formula" to="temp.t_finalSortFields">
                     <expression language="XQuery">fn:concat($temp.t_orderby, $temp.t_sortFields)</expression>
                  </operation>
                  <link id="k9c7ty5k" targetId="k9c7ty5b"/>
               </assignment>
               <assignment id="k9c7ty5b">
                  <title>Assignment to t_urlWithCount, t_url</title>
                  <operation source="formula" to="temp.t_urlWithCount">
                     <expression language="XQuery">fn:replace($temp.t_finalFilters , "STUDENT_CURRICULUM_VW", "STUDENT_CURRICULUM_VW/\$count")</expression>
                  </operation>
                  <operation source="formula" to="temp.t_url">
                     <expression language="XQuery">fn:concat($temp.t_finalFilters,$temp.t_pagingFilters)</expression>
                  </operation>
                  <link id="kacxqvxu" targetId="kacxqvxc"/>
               </assignment>
               <service id="kacxqvxc">
                  <title>GetRecordCount 1</title>
                  <serviceName>api-RecordCount-Conn:GetRecordCount</serviceName>
                  <serviceGUID>aoMd7TK0wVTdKiMLiZoIUx</serviceGUID>
                  <serviceInput>
                     <parameter name="inSQL" source="field" updatable="true">temp.t_query_finalFilters</parameter>
                  </serviceInput>
                  <link id="kacxqw1b" targetId="kacxqw1a"/>
               </service>
               <container id="kacxqw1a" type="exclusive">
                  <title>t_pageNumber</title>
                  <flow id="kade9mwj">
                     <assignment id="kadf1kdr">
                        <title>Assignment to error</title>
                        <operation source="formula" to="output.error">
                           <expression language="XQuery">&lt;error&gt;
	&lt;code&gt;404&lt;/code&gt;
    &lt;detail&gt;Page requested does not exist. Invalid pageNumber&lt;/detail&gt;
    &lt;reason&gt;Page requested does not exist&lt;/reason&gt;
&lt;/error&gt;</expression>
                        </operation>
                     </assignment>
                     <link id="kade9mwk" targetId="kacxqw1a" type="containerLink"/>
                  </flow>
                  <flow id="kade9mwl">
                     <assignment id="kadf1ke4">
                        <title>Assignment to t_self, t_first etc.</title>
                        <operation source="formula" to="temp.t_self">
                           <expression language="XQuery">fn:concat($temp.t_api_url,"pageNumber=",$temp.t_pageNumber,"&amp;amp;pageSize=",$temp.t_top,$temp.t_links_gNumber,$temp.t_links_eligible_term_code,$temp.t_links_currInd,$temp.t_links_effectiveFromDtAfter,$temp.t_links_effectiveFromDtBefore,$temp.t_links_effectiveTermCode,$temp.t_links_curriculumStatusCode,$temp.t_links_studentLevelCode,$temp.t_links_collegeCode,$temp.t_links_sort)</expression>
                        </operation>
                        <operation source="formula" to="temp.t_first">
                           <expression language="XQuery">fn:concat($temp.t_api_url,"pageNumber=1","&amp;amp;pageSize=",$temp.t_top,$temp.t_links_gNumber,$temp.t_links_eligible_term_code,$temp.t_links_currInd,$temp.t_links_effectiveFromDtAfter,$temp.t_links_effectiveFromDtBefore,$temp.t_links_effectiveTermCode,$temp.t_links_curriculumStatusCode,$temp.t_links_studentLevelCode,$temp.t_links_collegeCode,$temp.t_links_sort)</expression>
                        </operation>
                        <operation source="formula" to="temp.t_previous">
                           <expression language="XQuery">fn:concat($temp.t_api_url,"pageNumber="
,if($temp.t_pageNumber=1)
then $temp.t_pageNumber
else if($temp.t_pageNumber &gt;(if($output.recordCount=0) then 1 else fn:ceiling($output.recordCount  div $temp.t_top)))
then (if($output.recordCount=0) then 1 else fn:ceiling($output.recordCount  div $temp.t_top))
else
fn:ceiling(($temp.t_pageNumber  - 1)),"&amp;amp;pageSize=",$temp.t_top,$temp.t_links_gNumber,$temp.t_links_eligible_term_code,$temp.t_links_currInd,$temp.t_links_effectiveFromDtAfter,$temp.t_links_effectiveFromDtBefore,$temp.t_links_effectiveTermCode,$temp.t_links_curriculumStatusCode,$temp.t_links_studentLevelCode,$temp.t_links_collegeCode,$temp.t_links_sort)</expression>
                        </operation>
                        <operation source="formula" to="temp.t_next">
                           <expression language="XQuery">fn:concat($temp.t_api_url,"pageNumber="
,if($temp.t_pageNumber &gt;=(if($output.recordCount=0) then 1 else fn:ceiling($output.recordCount  div $temp.t_top)))
then (if($output.recordCount=0) then 1 else fn:ceiling($output.recordCount  div $temp.t_top))
else
fn:ceiling(($temp.t_pageNumber  + 1)),"&amp;amp;pageSize=",$temp.t_top,$temp.t_links_gNumber,$temp.t_links_eligible_term_code,$temp.t_links_currInd,$temp.t_links_effectiveFromDtAfter,$temp.t_links_effectiveFromDtBefore,$temp.t_links_effectiveTermCode,$temp.t_links_curriculumStatusCode,$temp.t_links_studentLevelCode,$temp.t_links_collegeCode,$temp.t_links_sort )</expression>
                        </operation>
                        <operation source="formula" to="temp.t_last">
                           <expression language="XQuery">fn:concat($temp.t_api_url,"pageNumber="
,if($output.recordCount=0) then 1 else fn:ceiling(($output.recordCount  div $temp.t_top)),"&amp;amp;pageSize=",$temp.t_top,$temp.t_links_gNumber,$temp.t_links_eligible_term_code,$temp.t_links_currInd,$temp.t_links_effectiveFromDtAfter,$temp.t_links_effectiveFromDtBefore,$temp.t_links_effectiveTermCode,$temp.t_links_curriculumStatusCode,$temp.t_links_studentLevelCode,$temp.t_links_collegeCode,$temp.t_links_sort )</expression>
                        </operation>
                        <link id="kadf1kfp" targetId="kadf1kf9"/>
                     </assignment>
                     <container id="kadf1kf9" type="exclusive">
                        <title>recordCount</title>
                        <flow id="kadf1kfa">
                           <service id="kadf1kff">
                              <title>GetData</title>
                              <serviceName>api-Student-OdataConn:GetData_StudentCurr</serviceName>
                              <serviceGUID>23SpjmoeR1BbXjzkxet1wd</serviceGUID>
                              <serviceInput>
                                 <parameter name="in_URL" source="formula">
                                    <expression language="XQuery">fn:concat($temp.t_url,$temp.t_finalSortFields)</expression>
                                 </parameter>
                              </serviceInput>
                              <link id="kadf1khn" targetId="kadf1khm"/>
                           </service>
                           <assignment id="kadf1khm">
                              <title>Assignment to apiResponse</title>
                              <operation source="formula" to="output.apiResponse">
                                 <expression language="XQuery">&lt;STDNCURRStudentCurriculumV1Response&gt;
&lt;metadata&gt;
   &lt;pageNumber&gt;{
if($input.pageNumber != '')
then
$input.pageNumber
else
1
}&lt;/pageNumber&gt;
   &lt;pageSize&gt;{
$temp.t_top 
}&lt;/pageSize&gt;
&lt;pageCount&gt;{
fn:ceiling(($output.recordCount  div $temp.t_top))
}&lt;/pageCount&gt;
&lt;totalCount&gt;{
$output.recordCount
}&lt;/totalCount&gt;
	&lt;Links&gt;
		&lt;self&gt;{$temp.t_self}&lt;/self&gt;
		&lt;first&gt;{$temp.t_first }&lt;/first&gt;
		&lt;previous&gt;{$temp.t_previous }&lt;/previous&gt;
    	&lt;next&gt;{$temp.t_next }&lt;/next&gt;
   	 	&lt;last&gt;{$temp.t_last }&lt;/last&gt;
	&lt;/Links&gt;
&lt;/metadata&gt;
{
for $x in $output.AllRecords 
return
&lt;data&gt;
   &lt;student&gt;
      &lt;pidm&gt;{$x/STDN_PIDM}&lt;/pidm&gt;
      &lt;gNumber&gt;{$x/STDN_GNUMBER}&lt;/gNumber&gt;
      &lt;effective_from_date&gt;{$x/STDN_EFFECTIVE_FROM_DATE}&lt;/effective_from_date&gt;
      &lt;effective_to_date&gt;{$x/STDN_EFFECTIVE_TO_DATE}&lt;/effective_to_date&gt;
      &lt;current_ind&gt;{$x/STDN_CURRENT_IND}&lt;/current_ind&gt;
      &lt;eligible_term_code&gt;{$x/STDN_ELIGIBLE_TERM_CODE}&lt;/eligible_term_code&gt;
      &lt;eligible_term_desc&gt;{$x/STDN_ELIGIBLE_TERM_DESC}&lt;/eligible_term_desc&gt;
      &lt;effective_term_code&gt;{$x/STDN_EFFECTIVE_TERM_CODE}&lt;/effective_term_code&gt;
      &lt;effective_term_desc&gt;{$x/STDN_EFFECTIVE_TERM_DESC}&lt;/effective_term_desc&gt;
      &lt;curriculum_status_code&gt;{$x/STDN_CURRICULUM_STATUS_CODE}&lt;/curriculum_status_code&gt;
      &lt;curriculum_status_desc&gt;{$x/STDN_CURRICULUM_STATUS_DESC}&lt;/curriculum_status_desc&gt;
      &lt;academic_standing_code&gt;{$x/STDN_ACADEMIC_STANDING_CODE}&lt;/academic_standing_code&gt;
      &lt;academic_standing_desc&gt;{$x/STDN_ACADEMIC_STANDING_DESC}&lt;/academic_standing_desc&gt;
      &lt;student_level_code&gt;{$x/STDN_STUDENT_LEVEL_CODE}&lt;/student_level_code&gt;
      &lt;student_level_desc&gt;{$x/STDN_STUDENT_LEVEL_DESC}&lt;/student_level_desc&gt;
      &lt;residency_code&gt;{$x/STDN_RESIDENCY_CODE}&lt;/residency_code&gt;
      &lt;residency_desc&gt;{$x/STDN_RESIDENCY_DESC}&lt;/residency_desc&gt;
      &lt;student_type_code&gt;{$x/STDN_STUDENT_TYPE_CODE}&lt;/student_type_code&gt;
      &lt;student_type_desc&gt;{$x/STDN_STUDENT_TYPE_DESC}&lt;/student_type_desc&gt;
      &lt;anticipated_grad_term_code&gt;{$x/STDN_ANTICIPATED_GRAD_TERM_CODE}&lt;/anticipated_grad_term_code&gt;
      &lt;anticipated_grad_term_desc&gt;{$x/STDN_ANTICIPATED_GRAD_TERM_DESC}&lt;/anticipated_grad_term_desc&gt;
      &lt;budget_degree_level&gt;{$x/STDN_BUDGET_DEGREE_LEVEL}&lt;/budget_degree_level&gt;
      &lt;expected_grad_date&gt;{$x/STDN_EXPECTED_GRAD_DATE}&lt;/expected_grad_date&gt;
      &lt;loa_from_date&gt;{$x/STDN_LOA_FROM_DATE}&lt;/loa_from_date&gt;
      &lt;loa_to_date&gt;{$x/STDN_LOA_TO_DATE}&lt;/loa_to_date&gt;
      &lt;banner_class_code&gt;{$x/STDN_BANNER_CLASS_CODE}&lt;/banner_class_code&gt;
      &lt;banner_class_desc&gt;{$x/STDN_BANNER_CLASS_DESC}&lt;/banner_class_desc&gt;
      &lt;derived_class_code&gt;{$x/STDN_DERIVED_CLASS_CODE}&lt;/derived_class_code&gt;
      &lt;derived_class_desc&gt;{$x/STDN_DERIVED_CLASS_DESC}&lt;/derived_class_desc&gt;
      &lt;time_status_code&gt;{$x/STDN_TIME_STATUS_CODE}&lt;/time_status_code&gt;
      &lt;time_status_desc&gt;{$x/STDN_TIME_STATUS_DESC}&lt;/time_status_desc&gt;
      &lt;load_status_code&gt;{$x/STDN_LOAD_STATUS_CODE}&lt;/load_status_code&gt;
      &lt;load_status_desc&gt;{$x/STDN_LOAD_STATUS_DESC}&lt;/load_status_desc&gt;
      &lt;registered_ind&gt;{$x/STDN_REGISTERED_IND}&lt;/registered_ind&gt;
      &lt;deans_list_ind&gt;{$x/STDN_DEANS_LIST_IND}&lt;/deans_list_ind&gt;
      &lt;obligation_ind&gt;{$x/STDN_OBLIGATION_IND}&lt;/obligation_ind&gt;
      &lt;new_returning_ind&gt;{$x/STDN_NEW_RETURNING_IND}&lt;/new_returning_ind&gt;
      &lt;athlete_ind&gt;{$x/STDN_ATHLETE_IND}&lt;/athlete_ind&gt;
      &lt;total_credit_hours&gt;{$x/STDN_TOTAL_CREDIT_HOURS}&lt;/total_credit_hours&gt;
   &lt;/student&gt;
{
(: comment - Build Array - when no program code, do not construct data structure :) 
let $sequence := ('PRIMARY', 'SECONDARY')
let $count := count($sequence)
return (
if(($x/STDN_PRIMARY_PROGRAM_CODE/data())!='' or ($x/STDN_SECONDARY_PROGRAM_CODE/data())!='')
then
(
for $item  at $j in $sequence
return (
          
        if($item eq 'PRIMARY' and ($x/STDN_PRIMARY_PROGRAM_CODE/data())!='')
          then (
          element programs {
          element program_type {$sequence[$j]},
		  element catalog_term_code { $x/STDN_CATALOG_TERM_CODE/data()},
		  element catalog_term_desc { $x/STDN_CATALOG_TERM_DESC/data()},
		  element admit_type_code { $x/STDN_ADMIT_TYPE_CODE/data()},
		  element admit_type_desc { $x/STDN_ADMIT_TYPE_DESC/data()},
		  element admit_term_code { $x/STDN_ADMIT_TERM_CODE/data()},
		  element admit_term_desc { $x/STDN_ADMIT_TERM_DESC/data()},
		  element campus_code { $x/STDN_PRIMARY_CAMPUS_CODE/data()},
		  element campus_desc { $x/STDN_PRIMARY_CAMPUS_DESC/data()},
		  element college_code { $x/STDN_PRIMARY_COLLEGE_CODE/data()},
		  element college_desc { $x/STDN_PRIMARY_COLLEGE_DESC/data()},		  
		  element dept_code { $x/STDN_PRIMARY_DEPT_CODE/data()},
		  element dept_desc { $x/STDN_PRIMARY_DEPT_DESC/data()},		  
          element program_code { $x/STDN_PRIMARY_PROGRAM_CODE/data()},
          element program_desc  { $x/STDN_PRIMARY_PROGRAM_DESC/data()},
		  element degree_code  { $x/STDN_PRIMARY_DEGREE_CODE/data()},
		  element degree_desc  { $x/STDN_PRIMARY_DEGREE_DESC/data()},
	      element major_code  { $x/STDN_PRIMARY_MAJOR_CODE/data()},
		  element major_desc  { $x/STDN_PRIMARY_MAJOR_DESC/data()},
		  element minor_code  { $x/STDN_PRI_MINOR_CODE/data()},
		  element minor_desc  { $x/STDN_PRI_MINOR_DESC/data()},
		  element second_minor_code  { $x/STDN_MINOR_1_2_CODE/data()},
		  element second_minor_desc  { $x/STDN_MINOR_1_2_DESC/data()},
		  element concentration_code  { $x/STDN_PRI_CONC_CODE/data()},
		  element concentration_desc  { $x/STDN_PRI_CONC_DESC/data()},
		  element second_concentration_code  { $x/STDN_CONC_1_2_CODE/data()},
		  element second_concentration_desc  {$x/STDN_CONC_1_2_DESC/data()},
		  element third_concentration_code  { $x/STDN_CONC_1_3_CODE/data()},
		  element third_concentration_desc  {$x/STDN_CONC_1_3_DESC/data()},
		  element second_major_college_code  { $x/STDN_COLL_12_CODE/data()},
		  element second_major_college_desc  { $x/STDN_COLL_12_DESC/data()},
		  element second_major_dept_code  { $x/STDN_DEPARTMENT_12_CODE/data()},
		  element second_major_dept_desc  { $x/STDN_DEPARTMENT_12_DESC/data()},
		  element second_major_major_code  { $x/STDN_MAJOR_1_2_CODE/data()},
		  element second_major_major_desc  { $x/STDN_MAJOR_1_2_DESC/data()},
		  element second_major_concentration_code  { $x/STDN_CONC121_CODE/data()},
		  element second_major_concentration_desc  { $x/STDN_CONC121_DESC/data()},
		  element second_major_second_concentration_code  { $x/STDN_CONC122_CODE/data()},
		  element second_major_second_concentration_desc  { $x/STDN_CONC122_DESC/data()},
		  element second_major_third_concentration_code  { $x/STDN_CONC123_CODE/data()},
		  element second_major_third_concentration_desc { $x/STDN_CONC123_DESC/data()}
          }
          )
          
(: comment - SECONDARY program :)          
        else if($item eq 'SECONDARY' and (substring($x/STDN_SECONDARY_PROGRAM_CODE/data(),1,1))!='-')
          then (
          element programs {
          element program_type {$sequence[$j]},
          element catalog_term_code {''},
		  element catalog_term_desc {''},
		  element admit_type_code {''},
		  element admit_type_desc {''},
		  element admit_term_code {''},
		  element admit_term_desc {''},
		  element campus_code { $x/STDN_SECONDARY_CAMPUS_CODE/data()},
		  element campus_desc { $x/STDN_SECONDARY_CAMPUS_DESC/data()},
		  element college_code { $x/STDN_SECONDARY_COLLEGE_CODE/data()},
		  element college_desc { $x/STDN_SECONDARY_COLLEGE_DESC/data()},		  
		  element dept_code { $x/STDN_SECONDARY_DEPT_CODE/data()},
		  element dept_desc { $x/STDN_SECONDARY_DEPT_DESC/data()},		  
          element program_code { $x/STDN_SECONDARY_PROGRAM_CODE/data()},
          element program_desc	{ $x/STDN_SECONDARY_PROGRAM_DESC/data()},
		element degree_code	{ $x/STDN_SECONDARY_DEGREE_CODE/data()},
		element degree_desc	{ $x/STDN_SECONDARY_DEGREE_DESC/data()},
		element major_code	{ $x/STDN_SECONDARY_MAJOR_CODE/data()},
		element major_desc	{ $x/STDN_SECONDARY_MAJOR_DESC/data()},
		element minor_code	{ $x/STDN_SEC_MINOR_CODE/data()},
		element minor_desc	{ $x/STDN_SEC_MINOR_DESC/data()},
		element second_minor_code	{ $x/STDN_MINOR_2_2_CODE/data()},
		element second_minor_desc	{ $x/STDN_MINOR_2_2_DESC/data()},
		element concentration_code	{ $x/STDN_SEC_CONC_CODE/data()},
		element concentration_desc	{ $x/STDN_SEC_CONC_DESC/data()},
		element second_concentration_code	{ $x/STDN_CONC_2_2_CODE/data()},
		element second_concentration_desc	{ $x/STDN_CONC_2_2_DESC/data()},
		element third_concentration_code	{ $x/STDN_CONC_2_3_CODE/data()},
		element third_concentration_desc	{ $x/STDN_CONC_2_3_DESC/data()},
		element second_major_college_code	{ $x/STDN_COLL_22_CODE/data()},
		element second_major_college_desc	{ $x/STDN_COLL_22_DESC/data()},
		element second_major_dept_code	{ $x/STDN_DEPARTMENT_22_CODE/data()},
		element second_major_dept_desc	{ $x/STDN_DEPARTMENT_22_DESC/data()},
		element second_major_major_code	{ $x/STDN_MAJOR_2_2_CODE/data()},
		element second_major_major_desc	{ $x/STDN_MAJOR_2_2_DESC/data()},
		element second_major_concentration_code	{ $x/STDN_CONC_221_CODE/data()},
		element second_major_concentration_desc	{ $x/STDN_CONC_221_DESC/data()},
		element second_major_second_concentration_code	{ $x/STDN_CONC_222_CODE/data()},
		element second_major_second_concentration_desc	{ $x/STDN_CONC_222_DESC/data()},
		element second_major_third_concentration_code	{ $x/STDN_CONC_223_CODE/data()},
		  element second_major_third_concentration_desc { $x/STDN_CONC223_DESC/data()}
           }
           )
               else ''
    
)
)
else
(
element programs {""}
)
)
} 

&lt;/data&gt;
}
&lt;/STDNCURRStudentCurriculumV1Response&gt;</expression>
                              </operation>
                           </assignment>
                           <link id="kadf1kfj" targetId="kadf1kf9" type="containerLink"/>
                        </flow>
                        <flow id="kadf1kfg">
                           <assignment id="kadf1kh0">
                              <title>Assignment to apiResponse</title>
                              <operation source="formula" to="output.apiResponse">
                                 <expression language="XQuery">&lt;STDNCURRStudentCurriculumV1Response&gt;
&lt;metadata&gt;
&lt;pageNumber&gt;{
if($input.pageNumber != '')
then
$input.pageNumber
else
1
}&lt;/pageNumber&gt;
&lt;pageSize&gt;{
$temp.t_top 
}&lt;/pageSize&gt;
&lt;pageCount&gt;{
if($output.recordCount=0) then 1 else fn:ceiling($output.recordCount  div $temp.t_top)
}&lt;/pageCount&gt;
&lt;totalCount&gt;{
$output.recordCount
}&lt;/totalCount&gt;
&lt;Links&gt;
	&lt;self&gt;{$temp.t_self}&lt;/self&gt;
	&lt;first&gt;{$temp.t_first }&lt;/first&gt;
	&lt;previous&gt;{$temp.t_previous }&lt;/previous&gt;
    &lt;next&gt;{$temp.t_next }&lt;/next&gt;
    &lt;last&gt;{$temp.t_last }&lt;/last&gt;
&lt;/Links&gt;
&lt;/metadata&gt;
&lt;data&gt;&lt;/data&gt;
&lt;/STDNCURRStudentCurriculumV1Response&gt;</expression>
                              </operation>
                           </assignment>
                           <link id="kadf1kfo" targetId="kadf1kf9" type="containerLink"/>
                        </flow>
                        <link id="kadf1kfh" targetId="kadf1kfa" type="containerLink">
                           <condition source="formula">
                              <function name="not-equals">
                                 <arg name="left">{$output.recordCount}</arg>
                                 <arg name="right">{0}</arg>
                              </function>
                           </condition>
                        </link>
                        <link id="kadf1kfi" targetId="kadf1kfg" type="containerLink"/>
                     </container>
                     <link id="kade9mwm" targetId="kacxqw1a" type="containerLink"/>
                  </flow>
                  <link id="kade9mwh" targetId="kade9mwj" type="containerLink">
                     <condition source="formula">
                        <function name="greater-than">
                           <arg name="left">{$temp.t_pageNumber}</arg>
                           <arg name="right">{if($output.recordCount=0) then 1 else fn:ceiling($output.recordCount  div $temp.t_top)}</arg>
                        </function>
                     </condition>
                  </link>
                  <link id="kade9mwi" targetId="kade9mwl" type="containerLink"/>
                  <link id="kadf1khz" targetId="kadf1khy"/>
               </container>
               <end id="kadf1khy">
                  <title>End 1</title>
               </end>
            </flow>
         </process>
         <ns1:sample-data-sets xmlns:ns1="http://schemas.active-endpoints.com/appmodules/repository/2010/10/sampleData.xsd">
            <ns1:SampleData>
               <ns1:Id>cc3cceb5-0680-4d1d-a48b-a537d7da53f1</ns1:Id>
               <ns1:Name>input</ns1:Name>
               <ns1:CreatedBy>sramsett@gmu.edu</ns1:CreatedBy>
               <ns1:CreationDate>2020-05-11T17:55:33Z</ns1:CreationDate>
               <ns1:ModifiedBy>sramsett@gmu.edu</ns1:ModifiedBy>
               <ns1:ModifiedDate>2020-05-11T17:55:33Z</ns1:ModifiedDate>
               <ns1:Data format="xml">&lt;root&gt;
&lt;currentInd&gt;C&lt;/currentInd&gt;
&lt;pageNumber&gt;1&lt;/pageNumber&gt;
&lt;pageSize&gt;100&lt;/pageSize&gt;
&lt;effectiveTermCode&gt;202010&lt;/effectiveTermCode&gt;
&lt;/root&gt;</ns1:Data>
            </ns1:SampleData>
            <ns1:SampleData>
               <ns1:Id>a983ad99-2f37-4962-94aa-42ef3fa0e920</ns1:Id>
               <ns1:Name>MyTestCase</ns1:Name>
               <ns1:CreatedBy>sramsett@gmu.edu</ns1:CreatedBy>
               <ns1:CreationDate>2020-05-11T17:55:33Z</ns1:CreationDate>
               <ns1:ModifiedBy>sramsett@gmu.edu</ns1:ModifiedBy>
               <ns1:ModifiedDate>2020-05-11T17:55:33Z</ns1:ModifiedDate>
               <ns1:Data format="xml">&lt;root&gt;
&lt;currentInd&gt;C&lt;/currentInd&gt;
&lt;pageNumber&gt;1&lt;/pageNumber&gt;
&lt;pageSize&gt;100&lt;/pageSize&gt;
&lt;/root&gt;</ns1:Data>
            </ns1:SampleData>
            <ns1:SampleData>
               <ns1:Id>3967373d-17ea-40eb-84d0-9d6f61704fba</ns1:Id>
               <ns1:Name>sort_1</ns1:Name>
               <ns1:CreatedBy>sramsett@gmu.edu</ns1:CreatedBy>
               <ns1:CreationDate>2020-05-11T17:55:33Z</ns1:CreationDate>
               <ns1:ModifiedBy>sramsett@gmu.edu</ns1:ModifiedBy>
               <ns1:ModifiedDate>2020-05-11T17:55:33Z</ns1:ModifiedDate>
               <ns1:Data format="xml">&lt;root&gt;
&lt;currentInd&gt;C&lt;/currentInd&gt;
&lt;gNumber&gt;G00000060&lt;/gNumber&gt;
&lt;pageNumber&gt;1&lt;/pageNumber&gt;
&lt;pageSize&gt;100&lt;/pageSize&gt;
&lt;sort&gt;eligibleTermCode&lt;/sort&gt;
&lt;/root&gt;</ns1:Data>
            </ns1:SampleData>
            <ns1:SampleData>
               <ns1:Id>48515276-d431-4af0-9441-26718b998106</ns1:Id>
               <ns1:Name>sort_2</ns1:Name>
               <ns1:CreatedBy>sramsett@gmu.edu</ns1:CreatedBy>
               <ns1:CreationDate>2020-05-11T17:55:33Z</ns1:CreationDate>
               <ns1:ModifiedBy>sramsett@gmu.edu</ns1:ModifiedBy>
               <ns1:ModifiedDate>2020-05-11T17:55:33Z</ns1:ModifiedDate>
               <ns1:Data format="json">{
	 "currentInd": "",
	 "gNumber": "",
	 "pageNumber": "",
	 "pageSize": "",
	 "effectiveFromDtAfter": "",
	 "effectiveFromDtBefore": "",
	 "eligibleTermCode": "",
	 "sort": ""
}</ns1:Data>
            </ns1:SampleData>
            <ns1:SampleData>
               <ns1:Id>7df132b6-47db-4a8e-8c13-8b4d6095ea2a</ns1:Id>
               <ns1:Name>test_10</ns1:Name>
               <ns1:CreatedBy>sramsett@gmu.edu</ns1:CreatedBy>
               <ns1:CreationDate>2020-05-20T17:02:00Z</ns1:CreationDate>
               <ns1:ModifiedBy>sramsett@gmu.edu</ns1:ModifiedBy>
               <ns1:ModifiedDate>2020-05-20T17:02:00Z</ns1:ModifiedDate>
               <ns1:Data format="xml">&lt;root&gt;
&lt;currentInd&gt;C&lt;/currentInd&gt;
&lt;eligibleTermCodeAfter&gt;202010&lt;/eligibleTermCodeAfter&gt;
&lt;/root&gt;</ns1:Data>
            </ns1:SampleData>
            <ns1:SampleData>
               <ns1:Id>2e8a7936-3889-45f3-9f50-c2689f040ded</ns1:Id>
               <ns1:Name>test_case_1</ns1:Name>
               <ns1:CreatedBy>sramsett@gmu.edu</ns1:CreatedBy>
               <ns1:CreationDate>2020-05-11T17:55:33Z</ns1:CreationDate>
               <ns1:ModifiedBy>sramsett@gmu.edu</ns1:ModifiedBy>
               <ns1:ModifiedDate>2020-05-11T17:55:33Z</ns1:ModifiedDate>
               <ns1:Data format="json">{
	 "currentInd": "C"
}</ns1:Data>
            </ns1:SampleData>
            <ns1:SampleData>
               <ns1:Id>ae544256-257d-4ed7-87ce-b33074b8143b</ns1:Id>
               <ns1:Name>test_case_2</ns1:Name>
               <ns1:CreatedBy>sramsett@gmu.edu</ns1:CreatedBy>
               <ns1:CreationDate>2020-05-11T17:55:33Z</ns1:CreationDate>
               <ns1:ModifiedBy>sramsett@gmu.edu</ns1:ModifiedBy>
               <ns1:ModifiedDate>2020-05-12T04:42:38Z</ns1:ModifiedDate>
               <ns1:Data format="xml">&lt;root&gt;
&lt;currentInd&gt;C&lt;/currentInd&gt;
&lt;eligibleTermCode&gt;202010&lt;/eligibleTermCode&gt;
&lt;pageNumber&gt;1&lt;/pageNumber&gt;
&lt;pageSize&gt;100&lt;/pageSize&gt;
&lt;gNumber&gt;G00000060&lt;/gNumber&gt;
&lt;/root&gt;</ns1:Data>
            </ns1:SampleData>
            <ns1:SampleData>
               <ns1:Id>263fc3cf-1cc7-490f-8a8e-a47d347016b0</ns1:Id>
               <ns1:Name>test_case_4</ns1:Name>
               <ns1:CreatedBy>sramsett@gmu.edu</ns1:CreatedBy>
               <ns1:CreationDate>2020-05-11T17:55:33Z</ns1:CreationDate>
               <ns1:ModifiedBy>sramsett@gmu.edu</ns1:ModifiedBy>
               <ns1:ModifiedDate>2020-05-11T17:55:33Z</ns1:ModifiedDate>
               <ns1:Data format="json">{
	 "currentInd": "C",
	 "eligibleTermCode": "201940"
}</ns1:Data>
            </ns1:SampleData>
            <ns1:SampleData>
               <ns1:Id>9efdf547-9e9b-4121-8983-93c6e40c1b49</ns1:Id>
               <ns1:Name>wrong date format</ns1:Name>
               <ns1:CreatedBy>sramsett@gmu.edu</ns1:CreatedBy>
               <ns1:CreationDate>2020-05-11T17:55:33Z</ns1:CreationDate>
               <ns1:ModifiedBy>sramsett@gmu.edu</ns1:ModifiedBy>
               <ns1:ModifiedDate>2020-05-11T17:55:33Z</ns1:ModifiedDate>
               <ns1:Data format="xml">&lt;root&gt;
&lt;currentInd&gt;C&lt;/currentInd&gt;
&lt;pageNumber&gt;1&lt;/pageNumber&gt;
&lt;pageSize&gt;100&lt;/pageSize&gt;
&lt;/root&gt;</ns1:Data>
            </ns1:SampleData>
         </ns1:sample-data-sets>
      </types1:Entry>
      <types1:GUID>et5VcXg6ZOKiFIaa2OhHGM</types1:GUID>
      <types1:DisplayName>api-StudentCurr-Base-v1</types1:DisplayName>
   </types1:Item>
   <types1:CurrentServerDateTime>2020-06-23T19:59:49.039Z</types1:CurrentServerDateTime>
</aetgt:getResponse>
