<aetgt:getResponse xmlns:aetgt="http://schemas.active-endpoints.com/appmodules/repository/2010/10/avrepository.xsd"
                   xmlns:types1="http://schemas.active-endpoints.com/appmodules/repository/2010/10/avrepository.xsd">
   <types1:Item>
      <types1:EntryId>ROKx6I1dq2ME9pa-gt-5186512-2020-04-23T22:07:19.704Z::pd.xml</types1:EntryId>
      <types1:Name>api-StudentGPA-Base-v1</types1:Name>
      <types1:ParentFlowIds>chIGMhINciZBpDU-gt-4502396-2020-05-01T12:35:12.035Z::pd.xml,pzDLdw8jIw8jIw8-gt-9221032-2020-05-04T15:11:26.253Z::pd.xml</types1:ParentFlowIds>
      <types1:MimeType>application/xml+process</types1:MimeType>
      <types1:Description>Purpose: Base Layer to get Odata from GPA_STUDENT_VW
================
Revision History:
================
04/13/2020- Khoi N. - Initial development</types1:Description>
      <types1:AppliesTo/>
      <types1:Tags>.agent:Linux_IcsaGroup01_Integrations</types1:Tags>
      <types1:VersionLabel>1.0</types1:VersionLabel>
      <types1:State>CURRENT</types1:State>
      <types1:ProcessGroup/>
      <types1:CreatedBy>knguyen4@gmu.edu.sandbox</types1:CreatedBy>
      <types1:CreationDate>2020-04-23T22:07:20Z</types1:CreationDate>
      <types1:ModifiedBy>api-edis@gmu.edu.dev</types1:ModifiedBy>
      <types1:ModificationDate>2020-05-27T19:46:35Z</types1:ModificationDate>
      <types1:PublicationStatus>published</types1:PublicationStatus>
      <types1:PublishedBy>edis@gmu.edu.dev</types1:PublishedBy>
      <types1:PublicationDate>2020-05-31T18:35:47Z</types1:PublicationDate>
      <types1:PublishedContributionId>project:/spi.api-StudentGPA-Base-v1/api-StudentGPA-Base-v1.pd.xml</types1:PublishedContributionId>
      <types1:AutosaveExists>false</types1:AutosaveExists>
      <types1:Entry>
         <process xmlns="http://schemas.active-endpoints.com/appmodules/screenflow/2010/10/avosScreenflow.xsd"
                  xmlns:list="urn:activevos:spi:list:functions"
                  displayName="api-StudentGPA-Base-v1"
                  name="api-StudentGPA-Base-v1"
                  overrideAPIName="false">
            <appliesTo/>
            <description>Purpose: Base Layer to get Odata from GPA_STUDENT_VW
================
Revision History:
================
04/13/2020- Khoi N. - Initial development</description>
            <tags>.agent:Linux_IcsaGroup01_Integrations</tags>
            <generator>Informatica Process Designer 11</generator>
            <input>
               <parameter description="" name="gNumber" type="string">
                  <options>
                     <option name="required">false</option>
                  </options>
               </parameter>
               <parameter description="" name="currentInd" required="true" type="string">
                  <options>
                     <option name="required">false</option>
                  </options>
               </parameter>
               <parameter description="" name="curriculumStatusCode" type="string">
                  <options>
                     <option name="required">false</option>
                  </options>
               </parameter>
               <parameter description="" name="pageNumber" type="int">
                  <options>
                     <option name="required">false</option>
                  </options>
               </parameter>
               <parameter description="" name="pageSize" type="int">
                  <options>
                     <option name="required">false</option>
                  </options>
               </parameter>
               <parameter description="" name="effectiveFromDtAfter" type="datetime">
                  <options>
                     <option name="thirtyMinutesIncrement">true</option>
                     <option name="required">false</option>
                  </options>
               </parameter>
               <parameter description="" name="effectiveFromDtBefore" type="datetime">
                  <options>
                     <option name="thirtyMinutesIncrement">true</option>
                     <option name="required">false</option>
                  </options>
               </parameter>
               <parameter description="" name="sort" type="string">
                  <options>
                     <option name="required">false</option>
                  </options>
               </parameter>
               <parameter description="" name="eligibleTermCode" type="string">
                  <options>
                     <option name="required">false</option>
                  </options>
               </parameter>
               <parameter description="" name="effectiveTermCode" type="string">
                  <options>
                     <option name="required">false</option>
                  </options>
               </parameter>
               <parameter description="" name="studentLevelCode" type="string">
                  <options>
                     <option name="required">false</option>
                  </options>
               </parameter>
               <parameter description="" name="residencyCode" type="string">
                  <options>
                     <option name="required">false</option>
                  </options>
               </parameter>
               <parameter description="" name="studentTypeCode" type="string">
                  <options>
                     <option name="required">false</option>
                  </options>
               </parameter>
               <parameter description="" name="eligibleTermCodeAfter" type="string">
                  <options>
                     <option name="required">false</option>
                  </options>
               </parameter>
               <parameter description="" name="eligibleTermCodeBefore" type="string">
                  <options>
                     <option name="required">false</option>
                  </options>
               </parameter>
            </input>
            <output>
               <field description="" name="apiResponse" type="reference">
                  <options>
                     <option name="referenceTo">$po:STDNGPAStudentGPAV1Response</option>
                     <option name="required">false</option>
                     <option name="isCopy">true</option>
                     <option name="guid">9P7Z2F8SCDEbi9lUE0Vgw5</option>
                  </options>
               </field>
               <field description="" name="error" type="reference">
                  <options>
                     <option name="referenceTo">$po:ErrorModel-1</option>
                     <option name="required">false</option>
                     <option name="isCopy">true</option>
                     <option name="guid">45Cm0QkdYHgdgzFBT65SSW</option>
                  </options>
               </field>
            </output>
            <tempFields>
               <field description="" name="t_top" type="int">
                  <options>
                     <option name="required">false</option>
                  </options>
               </field>
               <field description="" name="t_skip" type="int">
                  <options>
                     <option name="required">false</option>
                  </options>
               </field>
               <field description="" name="t_gNumber" type="string">
                  <options>
                     <option name="required">false</option>
                  </options>
               </field>
               <field description="" name="t_currInd" type="string">
                  <options>
                     <option name="required">false</option>
                  </options>
               </field>
               <field description="" name="t_curriculumStatusCode" type="string">
                  <options>
                     <option name="required">false</option>
                  </options>
               </field>
               <field description="" name="t_baseUrl" type="string">
                  <options>
                     <option name="required">false</option>
                  </options>
               </field>
               <field description="" name="t_filter" type="string">
                  <options>
                     <option name="required">false</option>
                  </options>
               </field>
               <field description="" name="t_urlWithCount" type="string">
                  <options>
                     <option name="required">false</option>
                  </options>
               </field>
               <field description="" name="t_joinFilters" type="string">
                  <options>
                     <option name="required">false</option>
                  </options>
               </field>
               <field description="" name="t_finalFilters" type="string">
                  <options>
                     <option name="required">false</option>
                  </options>
               </field>
               <field description="" name="t_pagingFilters" type="string">
                  <options>
                     <option name="required">false</option>
                  </options>
               </field>
               <field description="" name="t_effectiveFromDtAfter" type="string">
                  <options>
                     <option name="required">false</option>
                  </options>
               </field>
               <field description="" name="t_effectiveFromDtBefore" type="string">
                  <options>
                     <option name="required">false</option>
                  </options>
               </field>
               <field description="" name="t_api_url" type="string">
                  <options>
                     <option name="required">false</option>
                  </options>
               </field>
               <field description="" name="t_self" type="string">
                  <options>
                     <option name="required">false</option>
                  </options>
               </field>
               <field description="" name="t_first" type="string">
                  <options>
                     <option name="required">false</option>
                  </options>
               </field>
               <field description="" name="t_previous" type="string">
                  <options>
                     <option name="required">false</option>
                  </options>
               </field>
               <field description="" name="t_next" type="string">
                  <options>
                     <option name="required">false</option>
                  </options>
               </field>
               <field description="" name="t_last" type="string">
                  <options>
                     <option name="required">false</option>
                  </options>
               </field>
               <field description="" name="t_links_gNumber" type="string">
                  <options>
                     <option name="required">false</option>
                  </options>
               </field>
               <field description="" name="t_links_currInd" type="string">
                  <options>
                     <option name="required">false</option>
                  </options>
               </field>
               <field description="" name="t_links_curriculumStatusCode" type="string">
                  <options>
                     <option name="required">false</option>
                  </options>
               </field>
               <field description="" name="t_links_effectiveFromDtAfter" type="string">
                  <options>
                     <option name="required">false</option>
                  </options>
               </field>
               <field description="" name="t_links_effectiveFromDtBefore" type="string">
                  <options>
                     <option name="required">false</option>
                  </options>
               </field>
               <field description="" name="t_pageNumber" type="int">
                  <options>
                     <option name="required">false</option>
                  </options>
               </field>
               <field description="" name="t_sort" type="objectlist">
                  <options>
                     <option name="referenceTo">$po:$any</option>
                     <option hide="true" name="multiSelect">true</option>
                     <option name="required">false</option>
                     <option name="isCopy">true</option>
                  </options>
               </field>
               <field description="" name="t_orderby" type="string">
                  <options>
                     <option name="required">false</option>
                  </options>
               </field>
               <field description="" name="t_sortFields" type="string">
                  <options>
                     <option name="required">false</option>
                  </options>
               </field>
               <field description="" name="t_finalSortFields" type="string">
                  <options>
                     <option name="required">false</option>
                  </options>
               </field>
               <field description="" name="t_url" type="string">
                  <options>
                     <option name="required">false</option>
                  </options>
               </field>
               <field description="" name="t_joinSortFields" type="string">
                  <options>
                     <option name="required">false</option>
                  </options>
               </field>
               <field description="" name="test_1" type="string">
                  <options>
                     <option name="required">false</option>
                  </options>
               </field>
               <field description="" name="t_links_sort" type="string">
                  <options>
                     <option name="required">false</option>
                  </options>
               </field>
               <field description="" name="t_selectquery" type="string">
                  <options>
                     <option name="required">false</option>
                  </options>
               </field>
               <field description="" name="t_whereClause" type="string">
                  <options>
                     <option name="required">false</option>
                  </options>
               </field>
               <field description="" name="t_query_gNumber" type="string">
                  <options>
                     <option name="required">false</option>
                  </options>
               </field>
               <field description="" name="t_query_currInd" type="string">
                  <options>
                     <option name="required">false</option>
                  </options>
               </field>
               <field description="" name="t_query_curriculumStatusCode" type="string">
                  <options>
                     <option name="required">false</option>
                  </options>
               </field>
               <field description="" name="t_query_effectiveFromDtAfter" type="string">
                  <options>
                     <option name="required">false</option>
                  </options>
               </field>
               <field description="" name="t_query_effectiveFromDtBefore" type="string">
                  <options>
                     <option name="required">false</option>
                  </options>
               </field>
               <field description="" name="t_query_joinFilters" type="string">
                  <options>
                     <option name="required">false</option>
                  </options>
               </field>
               <field description="" name="t_query_finalFilters" type="string">
                  <options>
                     <option name="required">false</option>
                  </options>
               </field>
               <field description="" name="t_eligibleTermCode" type="string">
                  <options>
                     <option name="required">false</option>
                  </options>
               </field>
               <field description="" name="t_effectiveTermCode" type="string">
                  <options>
                     <option name="required">false</option>
                  </options>
               </field>
               <field description="" name="t_studentLevelCode" type="string">
                  <options>
                     <option name="required">false</option>
                  </options>
               </field>
               <field description="" name="t_residencyCode" type="string">
                  <options>
                     <option name="required">false</option>
                  </options>
               </field>
               <field description="" name="t_studentTypeCode" type="string">
                  <options>
                     <option name="required">false</option>
                  </options>
               </field>
               <field description="" name="t_links_eligibleTermCode" type="string">
                  <options>
                     <option name="required">false</option>
                  </options>
               </field>
               <field description="" name="t_links_effectiveTermCode" type="string">
                  <options>
                     <option name="required">false</option>
                  </options>
               </field>
               <field description="" name="t_links_studentLevelCode" type="string">
                  <options>
                     <option name="required">false</option>
                  </options>
               </field>
               <field description="" name="t_links_residencyCode" type="string">
                  <options>
                     <option name="required">false</option>
                  </options>
               </field>
               <field description="" name="t_links_studentTypeCode" type="string">
                  <options>
                     <option name="required">false</option>
                  </options>
               </field>
               <field description="" name="t_query_eligibleTermCode" type="string">
                  <options>
                     <option name="required">false</option>
                  </options>
               </field>
               <field description="" name="t_query_effectiveTermCode" type="string">
                  <options>
                     <option name="required">false</option>
                  </options>
               </field>
               <field description="" name="t_query_studentLevelCode" type="string">
                  <options>
                     <option name="required">false</option>
                  </options>
               </field>
               <field description="" name="t_query_residencyCode" type="string">
                  <options>
                     <option name="required">false</option>
                  </options>
               </field>
               <field description="" name="t_query_studentTypeCode" type="string">
                  <options>
                     <option name="required">false</option>
                  </options>
               </field>
               <field description="" name="t_eligibleTermCodeAfter" type="string">
                  <options>
                     <option name="required">false</option>
                  </options>
               </field>
               <field description="" name="t_eligibleTermCodeBefore" type="string">
                  <options>
                     <option name="required">false</option>
                  </options>
               </field>
               <field description="" name="t_links_eligibleTermCodeBefore" type="string">
                  <options>
                     <option name="required">false</option>
                  </options>
               </field>
               <field description="" name="t_links_eligibleTermCodeAfter" type="string">
                  <options>
                     <option name="required">false</option>
                  </options>
               </field>
               <field description="" name="t_query_eligibleTermCodeAfter" type="string">
                  <options>
                     <option name="required">false</option>
                  </options>
               </field>
               <field description="" name="t_query_eligibleTermCodeBefore" type="string">
                  <options>
                     <option name="required">false</option>
                  </options>
               </field>
            </tempFields>
            <notes/>
            <deployment suspendOnFault="false" tracingLevel="verbose">
               <targetLocation>Linux_IcsaGroup01_Integrations</targetLocation>
               <rest>
                  <allowedGroups>
                     <group>Admin Team</group>
                  </allowedGroups>
                  <allowedUsers>
                     <user>api-edis@gmu.edu.dev</user>
                     <user>edis@gmu.edu.dev</user>
                  </allowedUsers>
               </rest>
            </deployment>
            <flow id="a">
               <start id="b">
                  <link id="k8agjn5n" targetId="k8agjn5m"/>
               </start>
               <assignment id="k8agjn5m">
                  <title>Assignment to t_top, t_skip etc.</title>
                  <operation source="formula" to="temp.t_top">
                     <expression language="XQuery">if($input.pageNumber!='' and $input.pageSize!='')
then $input.pageSize
else if((fn:empty($input.pageNumber)) and ($input.pageSize!=''))
then $input.pageSize
else
200</expression>
                  </operation>
                  <operation source="formula" to="temp.t_skip">
                     <expression language="XQuery">if($input.pageNumber!='' and $input.pageSize!='')
then
xs:long(($input.pageNumber - 1) * $input.pageSize)
else if(($input.pageNumber!='') and (fn:empty($input.pageSize)))
then xs:long(($input.pageNumber - 1) * 200)
else
0</expression>
                  </operation>
                  <operation source="formula" to="temp.t_pageNumber">
                     <expression language="XQuery">if($input.pageNumber != '')
then
$input.pageNumber
else
1</expression>
                  </operation>
                  <operation source="constant" to="temp.t_selectquery">select count(*) count_rows from edis_api_layer.STUDENT_GPA_VW </operation>
                  <operation source="formula" to="temp.t_whereClause">
                     <expression language="XQuery">if($input.gNumber!='' or $input.curriculumStatusCode!='' or $input.effectiveFromDtAfter!='' or $input.effectiveFromDtBefore!='' or $input.currentInd!=''or $input.curriculumStatusCode!='' or $input.eligibleTermCode!=''or $input.effectiveTermCode!=''or $input.studentLevelCode!='' or $input.residencyCode!=''or $input.studentTypeCode!='')
then
" where "
else
''</expression>
                  </operation>
                  <link id="k8agjn6k" targetId="k8agjn6j"/>
               </assignment>
               <assignment id="k8agjn6j">
                  <title>Assignment to t_gNumber, t_currInd etc.</title>
                  <operation source="formula" to="temp.t_gNumber">
                     <expression language="XQuery">if($input.gNumber!='')
then fn:concat("GPA_GNUMBER%20eq%20'",$input.gNumber,"'%20and%20")
else
''</expression>
                  </operation>
                  <operation source="formula" to="temp.t_currInd">
                     <expression language="XQuery">if($input.currentInd!='')
then
(
	if($input.currentInd='C')
    then    fn:concat("GPA_CURRENT_IND%20eq%20'",$input.currentInd,"'%20and%20")
    else
    ''
)
else
''</expression>
                  </operation>
                  <operation source="formula" to="temp.t_curriculumStatusCode">
                     <expression language="XQuery">if($input.curriculumStatusCode!='')
then fn:concat("GPA_CURRICULUM_STATUS_CODE%20eq%20'",$input.curriculumStatusCode,"'%20and%20")
else
''
</expression>
                  </operation>
                  <operation source="formula" to="temp.t_eligibleTermCode">
                     <expression language="XQuery">if($input.eligibleTermCode!='')
then fn:concat("GPA_ELIGIBLE_TERM_CODE%20eq%20'",$input.eligibleTermCode ,"'%20and%20")
else
''
</expression>
                  </operation>
                  <operation source="formula" to="temp.t_effectiveTermCode">
                     <expression language="XQuery">if($input.effectiveTermCode!='')
then fn:concat("GPA_EFFECTIVE_TERM_CODE%20eq%20'",$input.effectiveTermCode ,"'%20and%20")
else
''</expression>
                  </operation>
                  <operation source="formula" to="temp.t_studentLevelCode">
                     <expression language="XQuery">if($input.studentLevelCode!='')
then fn:concat("GPA_LEVEL_CODE%20eq%20'",$input.studentLevelCode  ,"'%20and%20")
else
''</expression>
                  </operation>
                  <operation source="formula" to="temp.t_residencyCode">
                     <expression language="XQuery">if($input.residencyCode!='')
then fn:concat("GPA_RESIDENCY_CODE%20eq%20'",$input.residencyCode  ,"'%20and%20")
else
''</expression>
                  </operation>
                  <operation source="formula" to="temp.t_studentTypeCode">
                     <expression language="XQuery">if($input.studentTypeCode!='')
then fn:concat("GPA_STUDENT_TYPE_CODE%20eq%20'",$input.studentTypeCode  ,"'%20and%20")
else
''</expression>
                  </operation>
                  <operation source="formula" to="temp.t_baseUrl">
                     <expression language="XQuery">"https://localhost:7443/process-engine/odata/v4/api-Student-Conn/STUDENT_GPA_VW"</expression>
                  </operation>
                  <operation source="formula" to="temp.t_filter">
                     <expression language="XQuery">if($input.gNumber!='' or $input.curriculumStatusCode!='' or $input.effectiveFromDtAfter!='' or $input.effectiveFromDtBefore!='' or $input.currentInd!=''or $input.curriculumStatusCode!='' or $input.eligibleTermCode!=''or $input.effectiveTermCode!=''or $input.studentLevelCode!='' or $input.residencyCode!=''or $input.studentTypeCode!='')
then
"?$filter="
else
"?"

</expression>
                  </operation>
                  <operation source="formula" to="temp.t_pagingFilters">
                     <expression language="XQuery">if($input.gNumber!='' or $input.curriculumStatusCode!='' or $input.effectiveFromDtAfter!='' or $input.effectiveFromDtBefore!='' or $input.currentInd!=''or $input.curriculumStatusCode!='' or $input.eligibleTermCode!=''or $input.effectiveTermCode!=''or $input.studentLevelCode!='' or $input.residencyCode!=''or $input.studentTypeCode!='')
then
fn:concat("&amp;amp;$top=",$temp.t_top ,"&amp;amp;$skip=",$temp.t_skip)
else
fn:concat("$top=",$temp.t_top ,"&amp;amp;$skip=",$temp.t_skip)

</expression>
                  </operation>
                  <operation source="formula" to="temp.t_effectiveFromDtAfter">
                     <expression language="XQuery">if($input.effectiveFromDtAfter!='')
then fn:concat("GPA_EFFECTIVE_FROM_DATE%20ge%20",$input.effectiveFromDtAfter,"%20and%20")
else
''</expression>
                  </operation>
                  <operation source="formula" to="temp.t_effectiveFromDtBefore">
                     <expression language="XQuery">if($input.effectiveFromDtBefore!='')
then fn:concat("GPA_EFFECTIVE_FROM_DATE%20le%20",$input.effectiveFromDtBefore,"%20and%20")
else
''</expression>
                  </operation>
                  <operation source="formula" to="temp.t_eligibleTermCodeAfter">
                     <expression language="XQuery">if($input.eligibleTermCodeAfter!='')
then fn:concat("GPA_ELIGIBLE_TERM_CODE%20ge%20'",$input.eligibleTermCodeAfter,"'%20and%20")
else
''</expression>
                  </operation>
                  <operation source="formula" to="temp.t_eligibleTermCodeBefore">
                     <expression language="XQuery">if($input.eligibleTermCodeBefore!='')
then fn:concat("GPA_ELIGIBLE_TERM_CODE%20le%20'",$input.eligibleTermCodeBefore,"'%20and%20")
else
''</expression>
                  </operation>
                  <operation source="formula" to="temp.t_api_url">
                     <expression language="XQuery">fn:concat(util:resolveURN("edisManagedAPIHostName"), "/api/StudentGPA/v1?")</expression>
                  </operation>
                  <operation source="formula" to="temp.t_links_gNumber">
                     <expression language="XQuery">if($input.gNumber!='')
then fn:concat("&amp;amp;gNumber=",$input.gNumber)
else
''

</expression>
                  </operation>
                  <operation source="formula" to="temp.t_links_curriculumStatusCode">
                     <expression language="XQuery">if($input.curriculumStatusCode!='')
then fn:concat("&amp;amp;curriculumStatusCode=",$input.curriculumStatusCode)
else
''</expression>
                  </operation>
                  <operation source="formula" to="temp.t_links_currInd">
                     <expression language="XQuery">if($input.currentInd!='')
then fn:concat("&amp;amp;currentInd=",$input.currentInd)
else
''</expression>
                  </operation>
                  <operation source="formula" to="temp.t_links_effectiveFromDtAfter">
                     <expression language="XQuery">if($input.effectiveFromDtAfter!='')
then fn:concat("&amp;amp;effectiveFromDtAfter=",$input.effectiveFromDtAfter)
else
''</expression>
                  </operation>
                  <operation source="formula" to="temp.t_links_effectiveFromDtBefore">
                     <expression language="XQuery">if($input.effectiveFromDtBefore!='')
then fn:concat("&amp;amp;effectiveFromDtBefore=",$input.effectiveFromDtBefore)
else
''</expression>
                  </operation>
                  <operation source="formula" to="temp.t_links_eligibleTermCodeAfter">
                     <expression language="XQuery">if($input.eligibleTermCodeAfter!='')
then fn:concat("&amp;amp;eligibleTermCodeAfter=",$input.eligibleTermCodeAfter)
else
''</expression>
                  </operation>
                  <operation source="formula" to="temp.t_links_eligibleTermCodeBefore">
                     <expression language="XQuery">if($input.eligibleTermCodeBefore!='')
then fn:concat("&amp;amp;eligibleTermCodeBefore=",$input.eligibleTermCodeBefore)
else
''</expression>
                  </operation>
                  <operation source="formula" to="temp.t_links_eligibleTermCode">
                     <expression language="XQuery">if($input.eligibleTermCode!='')
then fn:concat("&amp;amp;eligibleTermCode=",$input.eligibleTermCode)
else
''</expression>
                  </operation>
                  <operation source="formula" to="temp.t_links_effectiveTermCode">
                     <expression language="XQuery">if($input.effectiveTermCode)
then fn:concat("&amp;amp;effectiveTermCode=",$input.effectiveTermCode)
else
''</expression>
                  </operation>
                  <operation source="formula" to="temp.t_links_studentLevelCode">
                     <expression language="XQuery">if($input.studentLevelCode)
then fn:concat("&amp;amp;studentLevelCode=",$input.studentLevelCode)
else
''</expression>
                  </operation>
                  <operation source="formula" to="temp.t_links_residencyCode">
                     <expression language="XQuery">if($input.residencyCode)
then fn:concat("&amp;amp;residencyCode=",$input.residencyCode)
else
''</expression>
                  </operation>
                  <operation source="formula" to="temp.t_links_studentTypeCode">
                     <expression language="XQuery">if($input.studentTypeCode)
then fn:concat("&amp;amp;studentTypeCode=",$input.studentTypeCode)
else
''</expression>
                  </operation>
                  <operation source="formula" to="temp.t_sort">
                     <expression language="XQuery">if($input.sort!='')
then
(
    for $x in fn:tokenize($input.sort, ',')
 	return
    if($x = 'gNumber')
    then list:append($temp.t_sort,"GPA_GNUMBER,")
    else if($x = '-gNumber')
    then list:append($temp.t_sort,"GPA_GNUMBER%20desc,")
    else if($x = 'curriculumStatusCode')
    then list:append($temp.t_sort,"GPA_CURRICULUM_STATUS_CODE,")
    else if($x = '-curriculumStatusCode')
    then list:append($temp.t_sort,"GPA_CURRICULUM_STATUS_CODE%20desc,")
    else if($x = 'eligibleTermCode')
    then list:append($temp.t_sort,"GPA_ELIGIBLE_TERM_CODE,")
    else if($x = '-eligibleTermCode')
    then list:append($temp.t_sort,"GPA_ELIGIBLE_TERM_CODE%20desc,")
    else if($x = 'effectiveTermCode')
    then list:append($temp.t_sort,"GPA_EFFECTIVE_TERM_CODE,")
    else if($x = '-effectiveTermCode')
    then list:append($temp.t_sort,"GPA_EFFECTIVE_TERM_CODE%20desc,")
    else if($x = 'studentLevelCode')
    then list:append($temp.t_sort,"GPA_LEVEL_CODE,")
    else if($x = '-studentLevelCode')
    then list:append($temp.t_sort,"GPA_LEVEL_CODE%20desc,")
    else if($x = 'effectiveFromDate')
    then list:append($temp.t_sort,"GPA_EFFECTIVE_FROM_DATE,")
    else if($x = '-effectiveFromDate')
    then list:append($temp.t_sort,"GPA_EFFECTIVE_FROM_DATE%20desc,")
    else
    list:append($temp.t_sort,"")
)
else
''</expression>
                  </operation>
                  <operation source="formula" to="temp.t_orderby">
                     <expression language="XQuery">if($input.sort!='')
then
"&amp;amp;$orderby="
else
''</expression>
                  </operation>
                  <operation source="formula" to="temp.t_links_sort">
                     <expression language="XQuery">if($input.sort!='')
then fn:concat("&amp;amp;sort=",$input.sort)
else
''</expression>
                  </operation>
                  <link id="k9bin7r7" targetId="k9bin7r6"/>
               </assignment>
               <assignment id="k9bin7r6">
                  <title>Assignment to t_query_gNumber, t_query_curriculumStatusCode etc.</title>
                  <operation source="formula" to="temp.t_query_gNumber">
                     <expression language="XQuery">if($input.gNumber!='')
then fn:concat("GPA_GNUMBER = '",$input.gNumber,"' and ")
else
''</expression>
                  </operation>
                  <operation source="formula" to="temp.t_query_curriculumStatusCode">
                     <expression language="XQuery">if($input.curriculumStatusCode!='')
then fn:concat("GPA_CURRICULUM_STATUS_CODE = '",$input.curriculumStatusCode,"' and ")
else
''</expression>
                  </operation>
                  <operation source="formula" to="temp.t_query_currInd">
                     <expression language="XQuery">if($input.currentInd!='')
then
(
	if($input.currentInd='H')
    then
	fn:concat("GPA_CURRENT_IND IN ('",$input.currentInd,"','C') and ")
	else    
    fn:concat("GPA_CURRENT_IND = '",$input.currentInd,"' and ")
)
else
''</expression>
                  </operation>
                  <operation source="formula" to="temp.t_query_effectiveFromDtAfter">
                     <expression language="XQuery">if($input.effectiveFromDtAfter!='')
then fn:concat("to_char(GPA_EFFECTIVE_FROM_DATE,'YYYY-MM-DD') &gt;= '",format-dateTime(xs:dateTime($input.effectiveFromDtAfter), "[Y0001]-[M01]-[D01]"),"' and ")
else
''</expression>
                  </operation>
                  <operation source="formula" to="temp.t_query_effectiveFromDtBefore">
                     <expression language="XQuery">if($input.effectiveFromDtBefore!='')
then fn:concat("to_char(GPA_EFFECTIVE_FROM_DATE,'YYYY-MM-DD') &lt;= '",format-dateTime(xs:dateTime($input.effectiveFromDtBefore), "[Y0001]-[M01]-[D01]"),"' and ")
else
''</expression>
                  </operation>
                  <operation source="formula" to="temp.t_query_eligibleTermCodeAfter">
                     <expression language="XQuery">if($input.eligibleTermCodeAfter!='')
then fn:concat("GPA_ELIGIBLE_TERM_CODE &gt;= '",$input.eligibleTermCodeAfter,"' and ")
else
''</expression>
                  </operation>
                  <operation source="formula" to="temp.t_query_eligibleTermCodeBefore">
                     <expression language="XQuery">if($input.eligibleTermCodeBefore!='')
then fn:concat("GPA_ELIGIBLE_TERM_CODE &lt;= '",$input.eligibleTermCodeBefore,"' and ")
else
''</expression>
                  </operation>
                  <operation source="formula" to="temp.t_query_eligibleTermCode">
                     <expression language="XQuery">if($input.eligibleTermCode!='')
then fn:concat("GPA_ELIGIBLE_TERM_CODE = '",$input.eligibleTermCode,"' and ")
else
''</expression>
                  </operation>
                  <operation source="formula" to="temp.t_query_effectiveTermCode">
                     <expression language="XQuery">if($input.effectiveTermCode!='')
then fn:concat("GPA_EFFECTIVE_TERM_CODE = '",$input.effectiveTermCode,"' and ")
else
''</expression>
                  </operation>
                  <operation source="formula" to="temp.t_query_studentLevelCode">
                     <expression language="XQuery">if($input.studentLevelCode!='')
then fn:concat("GPA_LEVEL_CODE = '",$input.studentLevelCode,"' and ")
else
''</expression>
                  </operation>
                  <operation source="formula" to="temp.t_query_residencyCode">
                     <expression language="XQuery">if($input.residencyCode!='')
then fn:concat("GPA_RESIDENCY_CODE = '",$input.residencyCode,"' and ")
else
''</expression>
                  </operation>
                  <operation source="formula" to="temp.t_query_studentTypeCode">
                     <expression language="XQuery">if($input.studentTypeCode!='')
then fn:concat("GPA_TYPE_CODE = '",$input.studentTypeCode,"' and ")
else
''</expression>
                  </operation>
                  <link id="k9bin7r8" targetId="k98qwswk"/>
               </assignment>
               <assignment id="k98qwswk">
                  <title>Assignment to t_joinSortFields</title>
                  <operation source="formula" to="temp.t_joinSortFields">
                     <expression language="XQuery">if($input.sort!='')
then
fn:replace(fn:string-join($temp.t_sort), ', ', ',')
else
''</expression>
                  </operation>
                  <link id="k98qwswm" targetId="k8ann1bx"/>
               </assignment>
               <assignment id="k8ann1bx">
                  <title>Assignment to t_joinFilters, t_sortFields etc.</title>
                  <operation source="formula" to="temp.t_joinFilters">
                     <expression language="XQuery">fn:concat($temp.t_baseUrl,$temp.t_filter,$temp.t_currInd,$temp.t_effectiveFromDtAfter,$temp.t_effectiveFromDtBefore,$temp.t_eligibleTermCodeAfter,$temp.t_eligibleTermCodeBefore,  $temp.t_curriculumStatusCode,$temp.t_eligibleTermCode,$temp.t_effectiveTermCode,$temp.t_studentLevelCode,$temp.t_residencyCode,$temp.t_studentTypeCode,$temp.t_gNumber)</expression>
                  </operation>
                  <operation source="formula" to="temp.t_sortFields">
                     <expression language="XQuery">if(fn:ends-with($temp.t_joinSortFields, ','))
then
fn:substring($temp.t_joinSortFields, 1, fn:string-length($temp.t_joinSortFields)-1)
else
$temp.t_joinSortFields</expression>
                  </operation>
                  <operation source="formula" to="temp.t_query_joinFilters">
                     <expression language="XQuery">fn:concat($temp.t_selectquery,$temp.t_whereClause,$temp.t_query_currInd,$temp.t_query_effectiveFromDtAfter,$temp.t_query_effectiveFromDtBefore,$temp.t_query_eligibleTermCodeAfter,$temp.t_query_eligibleTermCodeBefore,$temp.t_query_curriculumStatusCode,$temp.t_query_eligibleTermCode,$temp.t_query_effectiveTermCode,$temp.t_query_studentLevelCode,$temp.t_query_residencyCode,$temp.t_query_studentTypeCode,$temp.t_query_gNumber)</expression>
                  </operation>
                  <link id="k8ann1ck" targetId="k8ann1cj"/>
               </assignment>
               <assignment id="k8ann1cj">
                  <title>Assignment to t_finalFilters, t_finalSortFields etc.</title>
                  <operation source="formula" to="temp.t_finalFilters">
                     <expression language="XQuery">if(fn:ends-with($temp.t_joinFilters, '%20and%20'))
then
fn:substring($temp.t_joinFilters, 1, fn:string-length($temp.t_joinFilters)-9)
else
$temp.t_joinFilters</expression>
                  </operation>
                  <operation source="formula" to="temp.t_finalSortFields">
                     <expression language="XQuery">fn:concat($temp.t_orderby, $temp.t_sortFields)</expression>
                  </operation>
                  <operation source="formula" to="temp.t_query_finalFilters">
                     <expression language="XQuery">if(fn:ends-with($temp.t_query_joinFilters, ' and '))
then
fn:substring($temp.t_query_joinFilters, 1, fn:string-length($temp.t_query_joinFilters)-5)
else
$temp.t_query_joinFilters</expression>
                  </operation>
                  <link id="k8rpxc7u" targetId="k8rpxc7t"/>
               </assignment>
               <assignment id="k8rpxc7t">
                  <title>Assignment to t_urlWithCount, t_url</title>
                  <operation source="formula" to="temp.t_urlWithCount">
                     <expression language="XQuery">fn:replace($temp.t_finalFilters , "STUDENT_GPA_VW", "STUDENT_GPA_VW/\$count")</expression>
                  </operation>
                  <operation source="formula" to="temp.t_url">
                     <expression language="XQuery">fn:concat($temp.t_finalFilters,$temp.t_pagingFilters)</expression>
                  </operation>
                  <link id="ka427efy" targetId="ka427ee0"/>
               </assignment>
               <service id="ka427ee0">
                  <title>GetRecordCount</title>
                  <serviceName>api-RecordCount-Conn:GetRecordCount</serviceName>
                  <serviceGUID>aoMd7TK0wVTdKiMLiZoIUx</serviceGUID>
                  <serviceInput>
                     <parameter name="inSQL" source="field" updatable="true">temp.t_query_finalFilters</parameter>
                  </serviceInput>
                  <link id="ka427ejj" targetId="ka427eij"/>
               </service>
               <container id="ka427eij" type="exclusive">
                  <title>t_pageNumber</title>
                  <flow id="ka427eik">
                     <assignment id="ka427eil">
                        <title>Assignment to error</title>
                        <operation source="formula" to="output.error">
                           <expression language="XQuery">&lt;error&gt;
  &lt;code&gt;404&lt;/code&gt;
  &lt;detail&gt;Page requested does not existed. Max page count is  {fn:ceiling($output.recordCount div $temp.t_top)} Invalid pageNumber&lt;/detail&gt;
  &lt;reason&gt;Page requested does not existed&lt;/reason&gt;
&lt;/error&gt;  </expression>
                        </operation>
                     </assignment>
                     <link id="ka427ej4" targetId="ka427eij" type="containerLink"/>
                  </flow>
                  <flow id="ka427eim">
                     <assignment id="ka427ein">
                        <title>Assignment to t_self, t_first etc.</title>
                        <operation source="formula" to="temp.t_self">
                           <expression language="XQuery">fn:concat($temp.t_api_url,"pageNumber=",$temp.t_pageNumber,"&amp;amp;pageSize=",$temp.t_top,$temp.t_links_gNumber,$temp.t_links_curriculumStatusCode,$temp.t_links_currInd,$temp.t_links_effectiveFromDtAfter,$temp.t_links_effectiveFromDtBefore,$temp.t_links_eligibleTermCodeAfter,$temp.t_links_eligibleTermCodeBefore,$temp.t_links_curriculumStatusCode,$temp.t_links_eligibleTermCode,$temp.t_links_effectiveTermCode,$temp.t_links_studentLevelCode,$temp.t_links_residencyCode,$temp.t_links_studentTypeCode,$temp.t_links_sort )</expression>
                        </operation>
                        <operation source="formula" to="temp.t_first">
                           <expression language="XQuery">fn:concat($temp.t_api_url,"pageNumber=1","&amp;amp;pageSize=",$temp.t_top,$temp.t_links_gNumber,$temp.t_links_curriculumStatusCode,$temp.t_links_currInd,$temp.t_links_effectiveFromDtAfter,$temp.t_links_effectiveFromDtBefore,$temp.t_links_eligibleTermCodeAfter,$temp.t_links_eligibleTermCodeBefore,$temp.t_links_curriculumStatusCode,$temp.t_links_eligibleTermCode,$temp.t_links_effectiveTermCode,$temp.t_links_studentLevelCode,$temp.t_links_residencyCode,$temp.t_links_studentTypeCode,$temp.t_links_sort )</expression>
                        </operation>
                        <operation source="formula" to="temp.t_previous">
                           <expression language="XQuery">fn:concat($temp.t_api_url,"pageNumber="
,if($temp.t_pageNumber=1)
then $temp.t_pageNumber
else if($temp.t_pageNumber &gt;(if($output.recordCount=0) then 1 else fn:ceiling($output.recordCount  div $temp.t_top)))
then (if($output.recordCount=0) then 1 else fn:ceiling($output.recordCount  div $temp.t_top))
else
fn:ceiling(($temp.t_pageNumber  - 1)),"&amp;amp;pageSize=",$temp.t_top,$temp.t_links_gNumber,$temp.t_links_curriculumStatusCode,$temp.t_links_currInd,$temp.t_links_effectiveFromDtAfter,$temp.t_links_effectiveFromDtBefore,$temp.t_links_eligibleTermCodeAfter,$temp.t_links_eligibleTermCodeBefore,$temp.t_links_curriculumStatusCode,$temp.t_links_eligibleTermCode,$temp.t_links_effectiveTermCode,$temp.t_links_studentLevelCode,$temp.t_links_residencyCode,$temp.t_links_studentTypeCode,$temp.t_links_sort )


</expression>
                        </operation>
                        <operation source="formula" to="temp.t_next">
                           <expression language="XQuery">fn:concat($temp.t_api_url,"pageNumber="
,if($temp.t_pageNumber &gt;=(if($output.recordCount=0) then 1 else fn:ceiling($output.recordCount  div $temp.t_top)))
then (if($output.recordCount=0) then 1 else fn:ceiling($output.recordCount  div $temp.t_top))
else
fn:ceiling(($temp.t_pageNumber  + 1)),"&amp;amp;pageSize=",$temp.t_top,$temp.t_links_gNumber,$temp.t_links_curriculumStatusCode,$temp.t_links_currInd,$temp.t_links_effectiveFromDtAfter,$temp.t_links_effectiveFromDtBefore,$temp.t_links_eligibleTermCodeAfter,$temp.t_links_eligibleTermCodeBefore,$temp.t_links_curriculumStatusCode,$temp.t_links_eligibleTermCode,$temp.t_links_effectiveTermCode,$temp.t_links_studentLevelCode,$temp.t_links_residencyCode,$temp.t_links_studentTypeCode,$temp.t_links_sort )</expression>
                        </operation>
                        <operation source="formula" to="temp.t_last">
                           <expression language="XQuery">fn:concat($temp.t_api_url,"pageNumber="
,if($output.recordCount=0) then 1 else fn:ceiling($output.recordCount  div $temp.t_top),"&amp;amp;pageSize=",$temp.t_top,$temp.t_links_gNumber,$temp.t_links_curriculumStatusCode,$temp.t_links_currInd,$temp.t_links_effectiveFromDtAfter,$temp.t_links_effectiveFromDtBefore,$temp.t_links_eligibleTermCodeAfter,$temp.t_links_eligibleTermCodeBefore,$temp.t_links_curriculumStatusCode,$temp.t_links_eligibleTermCode,$temp.t_links_effectiveTermCode,$temp.t_links_studentLevelCode,$temp.t_links_residencyCode,$temp.t_links_studentTypeCode,$temp.t_links_sort )

</expression>
                        </operation>
                        <link id="ka427ej6" targetId="ka427eio"/>
                     </assignment>
                     <container id="ka427eio" type="exclusive">
                        <title>recordCount</title>
                        <flow id="ka427eip">
                           <service id="ka427emm">
                              <title>GetData</title>
                              <serviceName>api-Student-OdataConn:GetData_StudentGPA</serviceName>
                              <serviceGUID>23SpjmoeR1BbXjzkxet1wd</serviceGUID>
                              <serviceInput>
                                 <parameter name="in_URL" source="formula">
                                    <expression language="XQuery">fn:concat($temp.t_url, $temp.t_finalSortFields)</expression>
                                 </parameter>
                              </serviceInput>
                              <link id="ka427eng" targetId="ka427enf"/>
                           </service>
                           <assignment id="ka427enf">
                              <title>Assignment to apiResponse</title>
                              <operation source="formula" to="output.apiResponse">
                                 <expression language="XQuery">&lt;StudentGPAV1Response&gt;
&lt;metadata&gt;
&lt;pageNumber&gt;{
if($input.pageNumber != '')
then
$input.pageNumber
else
1
}&lt;/pageNumber&gt;
&lt;pageSize&gt;{
$temp.t_top 
}&lt;/pageSize&gt;
&lt;pageCount&gt;{
fn:ceiling(($output.recordCount  div $temp.t_top))
}&lt;/pageCount&gt;
&lt;totalCount&gt;{
$output.recordCount
}&lt;/totalCount&gt;
&lt;Links&gt;
	&lt;self&gt;{$temp.t_self}&lt;/self&gt;
	&lt;first&gt;{$temp.t_first }&lt;/first&gt;
	&lt;previous&gt;{$temp.t_previous }&lt;/previous&gt;
    &lt;next&gt;{$temp.t_next }&lt;/next&gt;
    &lt;last&gt;{$temp.t_last }&lt;/last&gt;
&lt;/Links&gt;
&lt;/metadata&gt;
{
for $x in $output.AllRecords
return
&lt;data&gt;


      {
element student {

element pidm                         {$x/GPA_PIDM/data()}, 
element gNumber                      {$x/GPA_GNUMBER/data()},  
element effective_from_date          {$x/GPA_EFFECTIVE_FROM_DATE/data()},  
element effective_to_date            {$x/GPA_EFFECTIVE_TO_DATE/data()},   
element current_ind                  {$x/GPA_CURRENT_IND/data()},
element load_status_code             {$x/GPA_LOAD_STATUS_CODE/data()},  
element load_status_desc             {$x/GPA_LOAD_STATUS_DESC/data()},
element curriculum_status_code       {$x/GPA_CURRICULUM_STATUS_CODE/data()}, 
element curriculum_status_desc       {$x/GPA_CURRICULUM_STATUS_DESC/data()},
element eligible_term_code           {$x/GPA_ELIGIBLE_TERM_CODE/data()},
element eligible_term_desc           {$x/GPA_ELIGIBLE_TERM_DESC/data()},   
element effective_term_code          {$x/GPA_EFFECTIVE_TERM_CODE/data()}, 
element effective_term_desc          {$x/GPA_EFFECTIVE_TERM_DESC/data()},  
element academic_standing_code       {$x/GPA_ACADEMIC_STANDING_CODE/data()},
element academic_standing_desc       {$x/GPA_ACADEMIC_STANDING_DESC/data()},
element student_level_code           {$x/GPA_LEVEL_CODE/data()},   
element student_level_desc           {$x/GPA_LEVEL_DESC/data()},  
element enrl_level_code              {$x/GPA_ENRL_LEVEL_CODE/data()},   
element enrl_level_desc              {$x/GPA_ENRL_LEVEL_DESC/data()}, 
element residency_code               {$x/GPA_RESIDENCY_CODE/data()}, 
element residency_desc               {$x/GPA_RESIDENCY_DESC/data()}, 
element student_type_code            {$x/GPA_STUDENT_TYPE_CODE/data()}, 
element student_type_desc            {$x/GPA_STUDENT_TYPE_DESC/data()},   
element anticipated_grad_term_code   {$x/GPA_ANTCPATED_GRAD_TERM_CODE/data()},   
element anticipated_grad_term_desc   {$x/GPA_ANTCPATED_GRAD_TERM_DESC/data()},  
element budget_degree_level          {$x/GPA_BUDGET_DEGREE_LEVEL/data()},
element expected_grad_date           {$x/GPA_EXPECTED_GRAD_DATE/data()},
element loa_from_date                {$x/GPA_LOA_FROM_DATE/data()},
element loa_to_date                  {$x/GPA_LOA_TO_DATE/data()},
element banner_class_code            {$x/GPA_BANNER_CLASS_CODE/data()},  
element banner_class_desc            {$x/GPA_BANNER_CLASS_DESC/data()},   
element derived_class_code           {$x/GPA_DERIVED_CLASS_CODE/data()},  
element derived_class_desc           {$x/GPA_DERIVED_CLASS_DESC/data()},   
element time_status_code             {$x/GPA_TIME_STATUS_CODE/data()}, 
element time_status_desc             {$x/GPA_TIME_STATUS_DESC/data()},   
element registered_ind               {$x/GPA_REGISTERED_IND/data()},
element deans_list_ind               {$x/GPA_DEANS_LIST_IND/data()}, 
element obligation_ind               {$x/GPA_OBLIGATION_IND/data()},
element new_returning_ind            {$x/GPA_NEW_RETURNING_IND/data()},
element athlete_ind                  {$x/GPA_ATHLETE_IND/data()}
          }
        }



   {
element gpa_details {

   element gpa                      {$x/GPA/data()},
   element attempted_hrs            {$x/GPA_ATTEMPTED_HRS/data()},
   element earned_hrs               {$x/GPA_EARNED_HRS/data()},
   element inst_earned_hrs          {$x/GPA_INST_EARNED_HRS/data()},
   element transfer_earned_hrs      {$x/GPA_TRANSFER_EARNED_HRS/data()},
   element gpa_hrs                  {$x/GPA_GPA_HRS/data()},
   element quality_points           {$x/GPA_QUALITY_POINTS/data()},
   element cuml_gpa                 {$x/GPA_CUML_GPA/data()},
   element cuml_attempted_hrs       {$x/GPA_CUML_ATTEMPTED_HRS/data()},
   element cuml_transfer_attmpt_hrs {$x/GPA_CUML_TRANSFER_ATTMPT_HRS/data()},
   element cuml_inst_attempted_hrs  {$x/GPA_CUML_INST_ATTEMPTED_HRS/data()},
   element cuml_earned_hrs          {$x/GPA_CUML_EARNED_HRS/data()},
   element cuml_inst_earned_hrs     {$x/GPA_CUML_INST_EARNED_HRS/data()},
   element cuml_transfer_earned_hrs {$x/GPA_CUML_TRANSFER_EARNED_HRS/data()},
   element cuml_gpa_hrs             {$x/GPA_CUML_GPA_HRS/data()},
   element cuml_quality_points      {$x/GPA_CUML_QUALITY_POINTS/data()},
   element transfer_attempted_hrs   {$x/GPA_TRANSFER_ATTEMPTED_HRS/data()}
    }
   }

 
   {
(: comment - Build Array - when no program code, do not construct data structure :) 
let $sequence := ('PRIMARY', 'SECONDARY')
let $count := count($sequence)
return (
if(($x/GPA_PRIMARY_PROGRAM_CODE/data())!='' or ($x/GPA_SECONDARY_PROGRAM_CODE/data())!='')
then
(
for $item  at $j in $sequence
return (
          
		if($item eq 'PRIMARY' and ($x/GPA_PRIMARY_PROGRAM_CODE/data())!='')
          then (
 element programs {
 
element program_type                        {$sequence[$j]},
element catalog_term_code                   { $x/GPA_CATALOG_TERM_CODE/data()},
element catalog_term_desc                   { $x/GPA_CATALOG_TERM_DESC/data()},
element admit_type_code                     { $x/GPA_ADMIT_TYPE_CODE/data()},
element admit_type_desc                     { $x/GPA_ADMIT_TYPE_DESC/data()},
element admit_term_code                     { $x/GPA_ADMIT_TERM_CODE/data()},
element admit_term_desc                     { $x/GPA_ADMIT_TERM_DESC/data()},
element campus_code                         { $x/GPA_PRIMARY_CAMPUS_CODE/data()},
element campus_desc                         { $x/GPA_PRIMARY_CAMPUS_DESC/data()},
element college_code                        { $x/GPA_PRIMARY_COLLEGE_CODE/data()},
element college_desc                        { $x/GPA_PRIMARY_COLLEGE_DESC/data()},
element department_code                     { $x/GPA_PRIMARY_DEPT_CODE/data()},
element department_desc                     { $x/GPA_PRIMARY_DEPT_DESC/data()},
element program_code                        { $x/GPA_PRIMARY_PROGRAM_CODE/data()},
element program_desc                        { $x/GPA_PRIMARY_PROGRAM_DESC/data()},
element degree_code                         { $x/GPA_PRIMARY_DEGREE_CODE/data()},
element degree_desc                         { $x/GPA_PRIMARY_DEGREE_DESC/data()},
element major_code                          { $x/GPA_PRIMARY_MAJOR_CODE/data()},
element major_desc                          { $x/GPA_PRIMARY_MAJOR_DESC/data()},
element minor_code                          { $x/GPA_PRI_MINOR_CODE/data()},
element minor_desc                          { $x/GPA_PRI_MINOR_DESC/data()},
element second_minor_code                   { $x/GPA_MINOR_1_2_CODE/data()},
element second_minor_desc                   { $x/GPA_MINOR_1_2_DESC/data()},
element concentration_code                  { $x/GPA_PRI_CONC_CODE/data()},
element concentration_desc                  { $x/GPA_PRI_CONC_DESC/data()},
element second_concentration_code           { $x/GPA_CONC_1_2_CODE/data()},
element second_concentration_desc           { $x/GPA_CONC_1_2_DESC/data()},
element third_concentration_code            { $x/GPA_CONC_1_3_CODE/data()},
element third_concentration_desc            { $x/GPA_CONC_1_3_DESC/data()},
element second_major_college_code           { $x/GPA_COLL_12_CODE/data()},
element second_major_college_desc           { $x/GPA_COLL_12_DESC/data()},
element second_major_department_code        { $x/GPA_DEPARTMENT_12_CODE/data()},
element second_major_department_desc        { $x/GPA_DEPARTMENT_12_DESC/data()},
element second_major_code                   { $x/GPA_MAJOR_1_2_CODE/data()},
element second_major_desc                   { $x/GPA_MAJOR_1_2_DESC/data()},
element second_major_1st_concentration_code { $x/GPA_CONC121_CODE/data()},
element second_major_1st_concentration_desc { $x/GPA_CONC121_DESC/data()},
element second_major_2nd_concentration_code { $x/GPA_CONC122_CODE/data()},
element second_major_2nd_concentration_desc { $x/GPA_CONC122_DESC/data()},
element second_major_3rd_concentration_code { $x/GPA_CONC123_CODE/data()},
element second_major_3rd_concentration_desc { $x/GPA_CONC123_DESC/data()}	  
          }
          )
          
(: comment - SECONDARY program :)          
        else if($item eq 'SECONDARY' and (substring($x/GPA_SECONDARY_PROGRAM_CODE/data(),1,1))!='-')
          then (
element programs {

element program_type                        {$sequence[$j]},
element catalog_term_code                   {''},
element catalog_term_desc                   {''},
element admit_type_code                     {''},
element admit_type_desc                     {''},
element admit_term_code                     {''},
element admit_term_desc                     {''},
element campus_code                         { $x/GPA_SECONDARY_CAMPUS_CODE/data()},		  
element campus_desc                         { $x/GPA_SECONDARY_CAMPUS_DESC/data()},
element college_code                        { $x/GPA_SECONDARY_COLLEGE_CODE/data()},
element college_desc                        { $x/GPA_SECONDARY_COLLEGE_DESC/data()},
element department_code                     { $x/GPA_SECONDARY_DEPT_CODE/data()},
element department_desc                     { $x/GPA_SECONDARY_DEPT_DESC/data()},
element program_code                        { $x/GPA_SECONDARY_PROGRAM_CODE/data()},
element program_desc                        { $x/GPA_SECONDARY_PROGRAM_DESC/data()},
element degree_code                         { $x/GPA_SECONDARY_DEGREE_CODE/data()},
element degree_desc                         { $x/GPA_SECONDARY_DEGREE_DESC/data()},
element major_code                          { $x/GPA_SECONDARY_MAJOR_CODE/data()},
element major_desc                          { $x/GPA_SECONDARY_MAJOR_DESC/data()},
element minor_code                          { $x/GPA_SEC_MINOR_CODE/data()},
element minor_desc                          { $x/GPA_SEC_MINOR_DESC/data()},
element second_minor_code                   { $x/GPA_MINOR_2_2_CODE/data()},
element second_minor_desc                   { $x/GPA_MINOR_2_2_DESC/data()},
element concentration_code                  { $x/GPA_SEC_CONC_CODE/data()},
element concentration_desc                  { $x/GPA_SEC_CONC_DESC/data()},
element second_concentration_code           { $x/GPA_CONC_2_2_CODE/data()},
element second_concentration_desc           { $x/GPA_CONC_2_2_DESC/data()},
element third_concentration_code            { $x/GPA_CONC_2_3_CODE/data()},
element third_concentration_desc            { $x/GPA_CONC_2_3_DESC/data()},
element second_major_college_code           { $x/GPA_COLL_22_CODE/data()},
element second_major_college_desc           { $x/GPA_COLL_22_DESC/data()},
element second_major_department_code        { $x/GPA_DEPARTMENT_22_CODE/data()},
element second_major_department_desc        { $x/GPA_DEPARTMENT_22_DESC/data()},
element second_major_code                   { $x/GPA_MAJOR_2_2_CODE/data()},
element second_major_desc                   { $x/GPA_MAJOR_2_2_DESC/data()},
element second_major_1st_concentration_code { $x/GPA_CONC_221_CODE/data()},
element second_major_1st_concentration_desc { $x/GPA_CONC_221_DESC/data()},
element second_major_2nd_concentration_code { $x/GPA_CONC_222_CODE/data()},
element second_major_2nd_concentration_desc { $x/GPA_CONC_222_DESC/data()},
element second_major_3rd_concentration_code { $x/GPA_CONC_223_CODE/data()},
element second_major_3rd_concentration_desc { $x/GPA_CONC_223_DESC/data()}
           }
           )
               else ''
    
)
)
else
(
element programs {""}
)
)
} 





 
&lt;/data&gt;

}
&lt;/StudentGPAV1Response&gt;</expression>
                              </operation>
                           </assignment>
                           <link id="ka427ej9" targetId="ka427eio" type="containerLink"/>
                        </flow>
                        <flow id="ka427ej0">
                           <assignment id="ka427ej1">
                              <title>Assigment to apiResponse empty dataset</title>
                              <operation source="formula" to="output.apiResponse">
                                 <expression language="XQuery">&lt;StudentGPAV1Response&gt;
&lt;metadata&gt;
&lt;pageNumber&gt;{
if($input.pageNumber != '')
then
$input.pageNumber
else
1
}&lt;/pageNumber&gt;
&lt;pageSize&gt;{
$temp.t_top 
}&lt;/pageSize&gt;
&lt;pageCount&gt;{
if($output.recordCount=0) then 1 else fn:ceiling($output.recordCount  div $temp.t_top)
}&lt;/pageCount&gt;
&lt;totalCount&gt;{
$output.recordCount
}&lt;/totalCount&gt;
&lt;Links&gt;
	&lt;self&gt;{$temp.t_self}&lt;/self&gt;
	&lt;first&gt;{$temp.t_first }&lt;/first&gt;
	&lt;previous&gt;{$temp.t_previous }&lt;/previous&gt;
    &lt;next&gt;{$temp.t_next }&lt;/next&gt;
    &lt;last&gt;{$temp.t_last }&lt;/last&gt;
&lt;/Links&gt;
&lt;/metadata&gt;
&lt;data&gt;&lt;/data&gt;
&lt;/StudentGPAV1Response&gt;</expression>
                              </operation>
                           </assignment>
                           <link id="ka427eji" targetId="ka427eio" type="containerLink"/>
                        </flow>
                        <link id="ka427ej7" targetId="ka427eip" type="containerLink">
                           <condition source="formula">
                              <function name="not-equals">
                                 <arg name="left">{$output.recordCount}</arg>
                                 <arg name="right">{0}</arg>
                              </function>
                           </condition>
                        </link>
                        <link id="ka427ej8" targetId="ka427ej0" type="containerLink"/>
                     </container>
                     <link id="ka427ej5" targetId="ka427eij" type="containerLink"/>
                  </flow>
                  <link id="ka427ej2" targetId="ka427eik" type="containerLink">
                     <condition source="formula">
                        <function name="greater-than">
                           <arg name="left">{$temp.t_pageNumber}</arg>
                           <arg name="right">{if ($output.recordCount =0) then 1 else fn:ceiling($output.recordCount div $temp.t_top)}</arg>
                        </function>
                     </condition>
                  </link>
                  <link id="ka427ej3" targetId="ka427eim" type="containerLink"/>
                  <link id="ka427elm" targetId="c"/>
               </container>
               <end id="c"/>
            </flow>
         </process>
         <ns1:sample-data-sets xmlns:ns1="http://schemas.active-endpoints.com/appmodules/repository/2010/10/sampleData.xsd">
            <ns1:SampleData>
               <ns1:Id>04f1ccc7-48e7-4153-8e16-070bb0a4d6d7</ns1:Id>
               <ns1:Name>aa</ns1:Name>
               <ns1:CreatedBy>edis@gmu.edu.sandbox</ns1:CreatedBy>
               <ns1:CreationDate>2020-04-24T01:18:48Z</ns1:CreationDate>
               <ns1:ModifiedBy>knguyen4@gmu.edu.SAML</ns1:ModifiedBy>
               <ns1:ModifiedDate>2020-05-18T12:32:01Z</ns1:ModifiedDate>
               <ns1:Data format="xml">&lt;root&gt;
&lt;currentInd&gt;C&lt;/currentInd&gt;
     &lt;effectiveFromDtAfter&gt;1900-01-01T05:00:00Z&lt;/effectiveFromDtAfter&gt;
&lt;eligibleTermCodeBefore&gt;202000&lt;/eligibleTermCodeBefore&gt;
&lt;eligibleTermCodeAfter&gt;202010&lt;/eligibleTermCodeAfter&gt;
&lt;/root&gt;
</ns1:Data>
            </ns1:SampleData>
            <ns1:SampleData>
               <ns1:Id>49f78619-99c8-4213-84f5-e0b5089d10b0</ns1:Id>
               <ns1:Name>aaa</ns1:Name>
               <ns1:CreatedBy>knguyen4@gmu.edu.SAML</ns1:CreatedBy>
               <ns1:CreationDate>2020-05-15T14:36:15Z</ns1:CreationDate>
               <ns1:ModifiedBy>api-edis@gmu.edu.dev</ns1:ModifiedBy>
               <ns1:ModifiedDate>2020-05-27T14:15:58Z</ns1:ModifiedDate>
               <ns1:Data format="xml">&lt;root&gt;
&lt;currentInd&gt;C&lt;/currentInd&gt;
&lt;eligibleTermCode&gt;202010&lt;/eligibleTermCode&gt;
&lt;/root&gt;</ns1:Data>
            </ns1:SampleData>
            <ns1:SampleData>
               <ns1:Id>61c1dfa4-ee34-4783-b7a7-cf5a4c6d004d</ns1:Id>
               <ns1:Name>abhilash_test</ns1:Name>
               <ns1:CreatedBy>edis@gmu.edu.sandbox</ns1:CreatedBy>
               <ns1:CreationDate>2020-04-29T15:17:09Z</ns1:CreationDate>
               <ns1:ModifiedBy>edis@gmu.edu.sandbox</ns1:ModifiedBy>
               <ns1:ModifiedDate>2020-04-29T15:18:51Z</ns1:ModifiedDate>
               <ns1:Data format="xml">&lt;root&gt;
&lt;currentInd&gt;C&lt;/currentInd&gt;
&lt;pageNumber&gt;1&lt;/pageNumber&gt;
&lt;pageSize&gt;200&lt;/pageSize&gt;
&lt;sort&gt;gNumber&lt;/sort&gt;
&lt;/root&gt;</ns1:Data>
            </ns1:SampleData>
            <ns1:SampleData>
               <ns1:Id>073a96f3-6ee4-4bb9-8fdf-18e960a98d10</ns1:Id>
               <ns1:Name>abhilash_test2</ns1:Name>
               <ns1:CreatedBy>edis@gmu.edu.sandbox</ns1:CreatedBy>
               <ns1:CreationDate>2020-04-29T15:34:14Z</ns1:CreationDate>
               <ns1:ModifiedBy>edis@gmu.edu.sandbox</ns1:ModifiedBy>
               <ns1:ModifiedDate>2020-04-29T16:00:05Z</ns1:ModifiedDate>
               <ns1:Data format="xml">&lt;root&gt;
&lt;currentInd&gt;C&lt;/currentInd&gt;
&lt;pageNumber&gt;1&lt;/pageNumber&gt;
&lt;pageSize&gt;100&lt;/pageSize&gt;
&lt;sort&gt;eligibleTermCode&lt;/sort&gt;
&lt;/root&gt;</ns1:Data>
            </ns1:SampleData>
            <ns1:SampleData>
               <ns1:Id>4347204d-f677-4df3-8ad4-37a5b0286474</ns1:Id>
               <ns1:Name>bb</ns1:Name>
               <ns1:CreatedBy>knguyen4@gmu.edu.sandbox</ns1:CreatedBy>
               <ns1:CreationDate>2020-04-28T01:59:02Z</ns1:CreationDate>
               <ns1:ModifiedBy>knguyen4@gmu.edu.SAML</ns1:ModifiedBy>
               <ns1:ModifiedDate>2020-04-29T12:53:38Z</ns1:ModifiedDate>
               <ns1:Data format="xml">&lt;root&gt;
&lt;currentInd&gt;C&lt;/currentInd&gt;
&lt;pageNumber&gt;1000&lt;/pageNumber&gt;
&lt;pageSize&gt;200&lt;/pageSize&gt;
&lt;sort&gt;gNumber&lt;/sort&gt;
&lt;/root&gt;</ns1:Data>
            </ns1:SampleData>
            <ns1:SampleData>
               <ns1:Id>dda310ad-63e3-4bb8-8169-7d176d772705</ns1:Id>
               <ns1:Name>cc</ns1:Name>
               <ns1:CreatedBy>knguyen4@gmu.edu.SAML</ns1:CreatedBy>
               <ns1:CreationDate>2020-04-24T03:02:38Z</ns1:CreationDate>
               <ns1:ModifiedBy>knguyen4@gmu.edu.sandbox</ns1:ModifiedBy>
               <ns1:ModifiedDate>2020-04-29T00:14:26Z</ns1:ModifiedDate>
               <ns1:Data format="xml">&lt;root&gt;
&lt;currentInd&gt;C&lt;/currentInd&gt;
&lt;/root&gt;</ns1:Data>
            </ns1:SampleData>
            <ns1:SampleData>
               <ns1:Id>fac2b650-215f-43e0-a878-a41f278d87b2</ns1:Id>
               <ns1:Name>dd</ns1:Name>
               <ns1:CreatedBy>knguyen4@gmu.edu.SAML</ns1:CreatedBy>
               <ns1:CreationDate>2020-04-24T03:04:31Z</ns1:CreationDate>
               <ns1:ModifiedBy>knguyen4@gmu.edu.SAML</ns1:ModifiedBy>
               <ns1:ModifiedDate>2020-05-04T18:46:25Z</ns1:ModifiedDate>
               <ns1:Data format="xml">&lt;root&gt;
&lt;currentInd&gt;C&lt;/currentInd&gt;
&lt;pageNumber&gt;100&lt;/pageNumber&gt;
&lt;/root&gt;</ns1:Data>
            </ns1:SampleData>
            <ns1:SampleData>
               <ns1:Id>2d852ff2-c762-4e99-bc68-8fde8b478f83</ns1:Id>
               <ns1:Name>ee</ns1:Name>
               <ns1:CreatedBy>knguyen4@gmu.edu.SAML</ns1:CreatedBy>
               <ns1:CreationDate>2020-04-24T17:27:07Z</ns1:CreationDate>
               <ns1:ModifiedBy>knguyen4@gmu.edu.SAML</ns1:ModifiedBy>
               <ns1:ModifiedDate>2020-04-24T17:27:44Z</ns1:ModifiedDate>
               <ns1:Data format="xml">&lt;root&gt;
&lt;gNumber&gt;G00000060&lt;/gNumber&gt;
&lt;currentInd&gt;C&lt;/currentInd&gt;
&lt;sort&gt;gNumber&lt;/sort&gt;
&lt;/root&gt;</ns1:Data>
            </ns1:SampleData>
            <ns1:SampleData>
               <ns1:Id>4378e4bf-a600-4b9f-aefa-3d64e3adf157</ns1:Id>
               <ns1:Name>ff</ns1:Name>
               <ns1:CreatedBy>knguyen4@gmu.edu.SAML</ns1:CreatedBy>
               <ns1:CreationDate>2020-04-27T22:51:17Z</ns1:CreationDate>
               <ns1:ModifiedBy>knguyen4@gmu.edu.SAML</ns1:ModifiedBy>
               <ns1:ModifiedDate>2020-04-27T22:55:15Z</ns1:ModifiedDate>
               <ns1:Data format="xml">&lt;root&gt;
&lt;currentInd&gt;C&lt;/currentInd&gt;
&lt;curriculumStatusCode&gt;IS&lt;/curriculumStatusCode&gt;
&lt;pageNumber&gt;1&lt;/pageNumber&gt;
&lt;pageSize&gt;&lt;/pageSize&gt;
&lt;sort&gt;gNumber&lt;/sort&gt;
&lt;/root&gt;</ns1:Data>
            </ns1:SampleData>
            <ns1:SampleData>
               <ns1:Id>475ec3fb-23de-4329-a574-9f9e1d782415</ns1:Id>
               <ns1:Name>fff</ns1:Name>
               <ns1:CreatedBy>knguyen4@gmu.edu.SAML</ns1:CreatedBy>
               <ns1:CreationDate>2020-05-15T20:15:31Z</ns1:CreationDate>
               <ns1:ModifiedBy>knguyen4@gmu.edu.SAML</ns1:ModifiedBy>
               <ns1:ModifiedDate>2020-05-15T20:15:31Z</ns1:ModifiedDate>
               <ns1:Data format="json">{
	 "gNumber": "",
	 "currentInd": "",
	 "curriculumStatusCode": "",
	 "pageNumber": "",
	 "pageSize": "",
	 "effectiveFromDtAfter": "",
	 "effectiveFromDtBefore": "",
	 "sort": "",
	 "eligibleTermCode": "",
	 "effectiveTermCode": "",
	 "studentLevelCode": "",
	 "residencyCode": "",
	 "studentTypeCode": "",
	 "eligibleTermCodeAfter": "",
	 "eligibleTermCodeBefore": ""
}</ns1:Data>
            </ns1:SampleData>
            <ns1:SampleData>
               <ns1:Id>1cea6437-2bc4-45b2-a719-059a82c4e144</ns1:Id>
               <ns1:Name>page</ns1:Name>
               <ns1:CreatedBy>api-edis@gmu.edu.dev</ns1:CreatedBy>
               <ns1:CreationDate>2020-05-12T20:24:03Z</ns1:CreationDate>
               <ns1:ModifiedBy>api-edis@gmu.edu.dev</ns1:ModifiedBy>
               <ns1:ModifiedDate>2020-05-12T20:25:50Z</ns1:ModifiedDate>
               <ns1:Data format="xml">&lt;root&gt;
&lt;currentInd&gt;C&lt;/currentInd&gt;
&lt;curriculumStatusCode&gt;AS&lt;/curriculumStatusCode&gt;
&lt;pageNumber&gt;100&lt;/pageNumber&gt;
&lt;eligibleTermCode&gt;202010&lt;/eligibleTermCode&gt;
&lt;studentLevelCode&gt;GR&lt;/studentLevelCode&gt;
&lt;/root&gt;</ns1:Data>
            </ns1:SampleData>
            <ns1:SampleData>
               <ns1:Id>740d898c-a694-447b-83b9-0283416a352a</ns1:Id>
               <ns1:Name>test_1</ns1:Name>
               <ns1:CreatedBy>knguyen4@gmu.edu.sandbox</ns1:CreatedBy>
               <ns1:CreationDate>2020-04-23T22:07:20Z</ns1:CreationDate>
               <ns1:ModifiedBy>knguyen4@gmu.edu.sandbox</ns1:ModifiedBy>
               <ns1:ModifiedDate>2020-04-23T22:07:20Z</ns1:ModifiedDate>
               <ns1:Data format="xml">&lt;root&gt;
&lt;currentInd&gt;C&lt;/currentInd&gt;
&lt;studentInd&gt;Y&lt;/studentInd&gt;
&lt;effectiveFromDtAfter&gt;2020-02-03T05:00:00Z&lt;/effectiveFromDtAfter&gt;
&lt;pageNumber&gt;2&lt;/pageNumber&gt;
&lt;pageSize&gt;100&lt;/pageSize&gt;
&lt;/root&gt;</ns1:Data>
            </ns1:SampleData>
            <ns1:SampleData>
               <ns1:Id>08b1f558-91c6-420c-83a2-04327ddc7a2b</ns1:Id>
               <ns1:Name>test_2</ns1:Name>
               <ns1:CreatedBy>knguyen4@gmu.edu.sandbox</ns1:CreatedBy>
               <ns1:CreationDate>2020-04-23T22:07:20Z</ns1:CreationDate>
               <ns1:ModifiedBy>knguyen4@gmu.edu.sandbox</ns1:ModifiedBy>
               <ns1:ModifiedDate>2020-04-23T22:07:20Z</ns1:ModifiedDate>
               <ns1:Data format="xml">&lt;root&gt;
&lt;currentInd&gt;C&lt;/currentInd&gt;
&lt;studentInd&gt;Y&lt;/studentInd&gt;
&lt;pageNumber&gt;2&lt;/pageNumber&gt;
&lt;pageSize&gt;100&lt;/pageSize&gt;
&lt;/root&gt;</ns1:Data>
            </ns1:SampleData>
            <ns1:SampleData>
               <ns1:Id>dd1d3d54-6c78-4652-8b6f-00a9352fc394</ns1:Id>
               <ns1:Name>test_3</ns1:Name>
               <ns1:CreatedBy>knguyen4@gmu.edu.sandbox</ns1:CreatedBy>
               <ns1:CreationDate>2020-04-23T22:07:20Z</ns1:CreationDate>
               <ns1:ModifiedBy>knguyen4@gmu.edu.sandbox</ns1:ModifiedBy>
               <ns1:ModifiedDate>2020-04-23T22:07:20Z</ns1:ModifiedDate>
               <ns1:Data format="xml">&lt;root&gt;
&lt;pageNumber&gt;1&lt;/pageNumber&gt;
&lt;pageSize&gt;100&lt;/pageSize&gt;
&lt;/root&gt;</ns1:Data>
            </ns1:SampleData>
            <ns1:SampleData>
               <ns1:Id>4c089e50-8089-49dc-988c-df3a71b0f104</ns1:Id>
               <ns1:Name>test_4</ns1:Name>
               <ns1:CreatedBy>knguyen4@gmu.edu.sandbox</ns1:CreatedBy>
               <ns1:CreationDate>2020-04-23T22:07:20Z</ns1:CreationDate>
               <ns1:ModifiedBy>knguyen4@gmu.edu.sandbox</ns1:ModifiedBy>
               <ns1:ModifiedDate>2020-04-23T22:07:20Z</ns1:ModifiedDate>
               <ns1:Data format="xml">&lt;root&gt;
&lt;gNumber&gt;G00001718&lt;/gNumber&gt;
&lt;currentInd&gt;C&lt;/currentInd&gt;
&lt;effectiveFromDt&gt;2020-02-03T05:00:00Z&lt;/effectiveFromDt&gt;
&lt;studentInd&gt;Y&lt;/studentInd&gt;
&lt;/root&gt;</ns1:Data>
            </ns1:SampleData>
            <ns1:SampleData>
               <ns1:Id>793f2a74-6405-4198-a2f6-e7088ef052ff</ns1:Id>
               <ns1:Name>test_5</ns1:Name>
               <ns1:CreatedBy>knguyen4@gmu.edu.sandbox</ns1:CreatedBy>
               <ns1:CreationDate>2020-04-23T22:07:20Z</ns1:CreationDate>
               <ns1:ModifiedBy>knguyen4@gmu.edu.sandbox</ns1:ModifiedBy>
               <ns1:ModifiedDate>2020-04-23T22:07:20Z</ns1:ModifiedDate>
               <ns1:Data format="xml">&lt;root&gt;
&lt;currentInd&gt;C&lt;/currentInd&gt;
&lt;studentInd&gt;Y&lt;/studentInd&gt;
&lt;effectiveFromDtAfter&gt;2020-02-03T05:00:00Z&lt;/effectiveFromDtAfter&gt;
&lt;effectiveFromDtBefore&gt;2020-03-10T05:00:00Z&lt;/effectiveFromDtBefore&gt;
&lt;pageNumber&gt;1&lt;/pageNumber&gt;
&lt;pageSize&gt;200&lt;/pageSize&gt;
&lt;sort&gt;-lastName,-firstName,effectiveFromDate&lt;/sort&gt;
&lt;/root&gt;</ns1:Data>
            </ns1:SampleData>
            <ns1:SampleData>
               <ns1:Id>e6583c52-9122-469e-96b1-dc12fb9989a8</ns1:Id>
               <ns1:Name>tt</ns1:Name>
               <ns1:CreatedBy>knguyen4@gmu.edu.sandbox</ns1:CreatedBy>
               <ns1:CreationDate>2020-04-27T23:45:44Z</ns1:CreationDate>
               <ns1:ModifiedBy>knguyen4@gmu.edu.sandbox</ns1:ModifiedBy>
               <ns1:ModifiedDate>2020-04-27T23:47:02Z</ns1:ModifiedDate>
               <ns1:Data format="xml">&lt;root&gt;
&lt;currentInd&gt;C&lt;/currentInd&gt;
&lt;effectiveTermCode&gt;201510&lt;/effectiveTermCode&gt;
&lt;/root&gt;</ns1:Data>
            </ns1:SampleData>
            <ns1:SampleData>
               <ns1:Id>278b1f25-130e-4731-99ae-d96afc60d423</ns1:Id>
               <ns1:Name>ttt</ns1:Name>
               <ns1:CreatedBy>knguyen4@gmu.edu.SAML</ns1:CreatedBy>
               <ns1:CreationDate>2020-04-29T18:15:53Z</ns1:CreationDate>
               <ns1:ModifiedBy>knguyen4@gmu.edu.SAML</ns1:ModifiedBy>
               <ns1:ModifiedDate>2020-04-29T18:15:53Z</ns1:ModifiedDate>
               <ns1:Data format="json">{
	 "gNumber": "",
	 "currentInd": "",
	 "curriculumStatusCode": "",
	 "pageNumber": "",
	 "pageSize": "",
	 "effectiveFromDtAfter": "",
	 "effectiveFromDtBefore": "",
	 "sort": "",
	 "eligibleTermCode": "",
	 "effectiveTermCode": "",
	 "studentLevelCode": "",
	 "residencyCode": "",
	 "studentTypeCode": ""
}</ns1:Data>
            </ns1:SampleData>
            <ns1:SampleData>
               <ns1:Id>cd74f6b8-5848-4e54-b8b2-17a394dbb1a7</ns1:Id>
               <ns1:Name>tttt</ns1:Name>
               <ns1:CreatedBy>knguyen4@gmu.edu.SAML</ns1:CreatedBy>
               <ns1:CreationDate>2020-05-04T18:21:06Z</ns1:CreationDate>
               <ns1:ModifiedBy>knguyen4@gmu.edu.SAML</ns1:ModifiedBy>
               <ns1:ModifiedDate>2020-05-11T23:35:11Z</ns1:ModifiedDate>
               <ns1:Data format="xml">&lt;root&gt;
&lt;currentInd&gt;C&lt;/currentInd&gt;
&lt;eligibleTermCode&gt;202010&lt;/eligibleTermCode&gt;
&lt;/root&gt;</ns1:Data>
            </ns1:SampleData>
         </ns1:sample-data-sets>
      </types1:Entry>
      <types1:GUID>7LnStyb2IEBetI6OoQaXG9</types1:GUID>
      <types1:DisplayName>api-StudentGPA-Base-v1</types1:DisplayName>
   </types1:Item>
   <types1:CurrentServerDateTime>2020-06-23T19:59:48.569Z</types1:CurrentServerDateTime>
</aetgt:getResponse>
