<aetgt:getResponse xmlns:aetgt="http://schemas.active-endpoints.com/appmodules/repository/2010/10/avrepository.xsd"
                   xmlns:types1="http://schemas.active-endpoints.com/appmodules/repository/2010/10/avrepository.xsd">
   <types1:Item>
      <types1:EntryId>8RVf4VQT53nQciS-gt-15555443-2020-05-06T18:28:09.696Z::pd.xml</types1:EntryId>
      <types1:Name>api-StudentCurr-v1</types1:Name>
      <types1:MimeType>application/xml+process</types1:MimeType>
      <types1:Description>Sowjanya - Wrapper process for Student Curriculum</types1:Description>
      <types1:AppliesTo/>
      <types1:Tags/>
      <types1:VersionLabel>1.0</types1:VersionLabel>
      <types1:State>CURRENT</types1:State>
      <types1:ProcessGroup/>
      <types1:CreatedBy>sramsett@gmu.edu</types1:CreatedBy>
      <types1:CreationDate>2020-05-06T18:28:10Z</types1:CreationDate>
      <types1:ModifiedBy>sramsett@gmu.edu</types1:ModifiedBy>
      <types1:ModificationDate>2020-05-27T16:59:11Z</types1:ModificationDate>
      <types1:PublicationStatus>published</types1:PublicationStatus>
      <types1:PublishedBy>edis@gmu.edu.dev</types1:PublishedBy>
      <types1:PublicationDate>2020-05-31T18:32:30Z</types1:PublicationDate>
      <types1:PublishedContributionId>project:/spi.api-StudentCurr-v1/api-StudentCurr-v1.pd.xml</types1:PublishedContributionId>
      <types1:AutosaveExists>false</types1:AutosaveExists>
      <types1:Entry>
         <process xmlns="http://schemas.active-endpoints.com/appmodules/screenflow/2010/10/avosScreenflow.xsd"
                  xmlns:list="urn:activevos:spi:list:functions"
                  displayName="api-StudentCurr-v1"
                  name="api-StudentCurr-v1"
                  overrideAPIName="true">
            <appliesTo/>
            <description>Sowjanya - Wrapper process for Student Curriculum</description>
            <tags/>
            <generator>Informatica Process Designer 11</generator>
            <input>
               <parameter description="" name="currentInd" required="true" type="string">
                  <options>
                     <option name="required">false</option>
                  </options>
               </parameter>
               <parameter description="" name="gNumber" type="string">
                  <options>
                     <option name="required">false</option>
                  </options>
               </parameter>
               <parameter description="" name="pageNumber" type="string">
                  <options>
                     <option name="required">false</option>
                  </options>
               </parameter>
               <parameter description="" name="pageSize" type="string">
                  <options>
                     <option name="required">false</option>
                  </options>
               </parameter>
               <parameter description="" name="effectiveFromDtAfter" type="string">
                  <options>
                     <option name="required">false</option>
                  </options>
               </parameter>
               <parameter description="" name="effectiveFromDtBefore" type="string">
                  <options>
                     <option name="required">false</option>
                  </options>
               </parameter>
               <parameter description="" name="eligibleTermCode" type="string">
                  <options>
                     <option name="required">false</option>
                  </options>
               </parameter>
               <parameter description="" name="sort" type="string">
                  <options>
                     <option name="required">false</option>
                  </options>
               </parameter>
               <parameter description="" name="effectiveTermCode" type="string">
                  <options>
                     <option name="required">false</option>
                  </options>
               </parameter>
               <parameter description="" name="curriculumStatusCode" type="string">
                  <options>
                     <option name="required">false</option>
                  </options>
               </parameter>
               <parameter description="" name="studentLevelCode" type="string">
                  <options>
                     <option name="required">false</option>
                  </options>
               </parameter>
               <parameter description="" name="collegeCode" type="string">
                  <options>
                     <option name="required">false</option>
                  </options>
               </parameter>
               <parameter description="" name="eligibleTermCodeAfter" type="string">
                  <options>
                     <option name="required">false</option>
                  </options>
               </parameter>
               <parameter description="" name="eligibleTermCodeBefore" type="string">
                  <options>
                     <option name="required">false</option>
                  </options>
               </parameter>
            </input>
            <output>
               <field description="" name="apiResponse" type="reference">
                  <options>
                     <option name="referenceTo">$po:STDNCURRStudentCurriculumV1Response</option>
                     <option name="required">false</option>
                     <option name="isCopy">true</option>
                     <option name="guid">fGi5gViBEGYdlh0NDGmmUT</option>
                  </options>
               </field>
               <field description="" name="error" type="reference">
                  <options>
                     <option name="referenceTo">$po:ErrorModel-1</option>
                     <option name="required">false</option>
                     <option name="isCopy">true</option>
                     <option name="guid">45Cm0QkdYHgdgzFBT65SSW</option>
                  </options>
               </field>
            </output>
            <tempFields>
               <field description="" name="t_inputFlag" type="int">
                  <options>
                     <option name="required">false</option>
                  </options>
               </field>
               <field description="" name="t_pageNumberFlag" type="int">
                  <options>
                     <option name="required">false</option>
                  </options>
               </field>
               <field description="" name="t_pageSizeFlag" type="int">
                  <options>
                     <option name="required">false</option>
                  </options>
               </field>
               <field description="" name="t_currentIndFlag" type="int">
                  <options>
                     <option name="required">false</option>
                  </options>
               </field>
               <field description="" name="t_curriculumStatusCodeFlag" type="int">
                  <options>
                     <option name="required">false</option>
                  </options>
               </field>
               <field description="" name="t_gNumberFlag" type="int">
                  <options>
                     <option name="required">false</option>
                  </options>
               </field>
               <field description="" name="t_sortFlag" type="int">
                  <options>
                     <option name="required">false</option>
                  </options>
               </field>
               <field description="" name="t_sort" type="objectlist">
                  <options>
                     <option name="referenceTo">$po:$any</option>
                     <option hide="true" name="multiSelect">true</option>
                     <option name="required">false</option>
                     <option name="isCopy">true</option>
                  </options>
               </field>
               <field description="" name="t_eligibleTermCodeFlag" type="int">
                  <options>
                     <option name="required">false</option>
                  </options>
               </field>
               <field description="" name="t_effectiveTermCodeFlag" type="int">
                  <options>
                     <option name="required">false</option>
                  </options>
               </field>
               <field description="" name="t_studentLevelCodeFlag" type="int">
                  <options>
                     <option name="required">false</option>
                  </options>
               </field>
               <field description="" name="t_collegeCodeFlag" type="int">
                  <options>
                     <option name="required">false</option>
                  </options>
               </field>
               <field description="" name="t_effectiveFromDtAfterFlag" type="int">
                  <options>
                     <option name="required">false</option>
                  </options>
               </field>
               <field description="" name="t_effectiveFromDtBeforeFlag" type="int">
                  <options>
                     <option name="required">false</option>
                  </options>
               </field>
               <field description="" name="t_effectiveFromDtAfter" type="datetime">
                  <options>
                     <option name="thirtyMinutesIncrement">true</option>
                     <option name="required">false</option>
                  </options>
               </field>
               <field description="" name="t_effectiveFromDtBefore" type="datetime">
                  <options>
                     <option name="thirtyMinutesIncrement">true</option>
                     <option name="required">false</option>
                  </options>
               </field>
               <field description="" name="t_pageNumber" type="int">
                  <options>
                     <option name="required">false</option>
                  </options>
               </field>
               <field description="" name="t_pageSize" type="int">
                  <options>
                     <option name="required">false</option>
                  </options>
               </field>
               <field description="" name="t_eligibleTermCodeAfterFlag" type="int">
                  <options>
                     <option name="required">false</option>
                  </options>
               </field>
               <field description="" name="t_eligibleTermCodeBeforeFlag" type="int">
                  <options>
                     <option name="required">false</option>
                  </options>
               </field>
               <field description="" name="t_eligTermValidationFlag" type="int">
                  <options>
                     <option name="required">false</option>
                  </options>
               </field>
               <field description="" name="t_inputIntegerValues" type="objectlist">
                  <options>
                     <option name="referenceTo">$po:$any</option>
                     <option hide="true" name="multiSelect">true</option>
                     <option name="required">false</option>
                     <option name="isCopy">true</option>
                  </options>
               </field>
               <field description="" name="t_outputIntegerValues" type="objectlist">
                  <options>
                     <option name="referenceTo">$po:$any</option>
                     <option hide="true" name="multiSelect">true</option>
                     <option name="required">false</option>
                     <option name="isCopy">true</option>
                  </options>
               </field>
               <field description="" name="t_inIntVal" type="string">
                  <options>
                     <option name="required">false</option>
                  </options>
               </field>
            </tempFields>
            <notes/>
            <deployment suspendOnFault="false" tracingLevel="none">
               <rest>
                  <allowedGroups>
                     <group>Admin Team</group>
                  </allowedGroups>
                  <allowedUsers>
                     <user>sramsett@gmu.edu</user>
                  </allowedUsers>
               </rest>
            </deployment>
            <flow id="a">
               <start id="b">
                  <link id="kabv6kmk" targetId="kabv6kr4"/>
               </start>
               <eventContainer id="kabv6kr4">
                  <subflow id="kabv6kmj">
                     <title>api-TextToIntegerTypeConversion</title>
                     <subflowGUID>4gYKZbibk6wffBFRdWM3GJ</subflowGUID>
                     <subflowPath>api-TextToIntegerTypeConversion</subflowPath>
                     <runForEach>false</runForEach>
                     <input>
                        <parameter name="pageNumber" source="field" updatable="true">input.pageNumber</parameter>
                        <parameter name="pageSize" source="field" updatable="true">input.pageSize</parameter>
                     </input>
                     <outputDef>
                        <field name="pageNumberInt" type="int">
                           <options>
                              <option name="required">false</option>
                           </options>
                        </field>
                        <field name="pageSizeInt" type="int">
                           <options>
                              <option name="required">false</option>
                           </options>
                        </field>
                     </outputDef>
                  </subflow>
                  <flow id="kabv6kr6">
                     <assignment id="kabv6l04">
                        <title>Assignment to t_pageNumber, t_pageSize</title>
                        <operation source="field" to="temp.t_pageNumber">output.pageNumberInt</operation>
                        <operation source="field" to="temp.t_pageSize">output.pageSizeInt</operation>
                     </assignment>
                     <link id="kabv6kr7" targetId="kabv6kr4" type="containerLink"/>
                  </flow>
                  <flow id="kabv6kr9">
                     <assignment id="kabv6ks2">
                        <title>Assignment to error</title>
                        <operation source="formula" to="output.error">
                           <expression language="XQuery">&lt;error&gt;
	&lt;code&gt;400&lt;/code&gt;
    &lt;detail&gt;Input Validation Failed&lt;/detail&gt;
    &lt;reason&gt;Input parameters defined incorrectly&lt;/reason&gt;
&lt;/error&gt;</expression>
                        </operation>
                        <link id="kabv6kvf" targetId="kabv6kve"/>
                     </assignment>
                     <end id="kabv6kve">
                        <title>End 1</title>
                        <httpStatus>400</httpStatus>
                     </end>
                  </flow>
                  <link id="kabv6kr5" targetId="kabv6kr6" type="containerLink"/>
                  <link id="kabv6kml" targetId="k9vo9upn"/>
                  <events>
                     <catch faultField="faultInfo" id="kabv6kmm" interrupting="true">
                        <link id="kabv6kr8" targetId="kabv6kr9" type="containerLink"/>
                     </catch>
                  </events>
               </eventContainer>
               <assignment id="k9vo9upn">
                  <title>Assignment to t_pageNumberFlag, t_pageSizeFlag etc.</title>
                  <operation source="formula" to="temp.t_pageNumberFlag">
                     <expression language="XQuery">if($input.pageNumber!='')
then
(
	if(xs:long($input.pageNumber) lt 1)
    then
    1
    else
    0
)
else
0</expression>
                  </operation>
                  <operation source="formula" to="temp.t_pageSizeFlag">
                     <expression language="XQuery">if($input.pageSize!='')
then
(
	if((xs:long($input.pageSize) ge 100) and (xs:long($input.pageSize) le 500))
    then
    0
    else
    1
)
else
0</expression>
                  </operation>
                  <operation source="formula" to="temp.t_currentIndFlag">
                     <expression language="XQuery">if($input.currentInd = 'C' or $input.currentInd = 'H')
then
0
else
1</expression>
                  </operation>
                  <operation source="formula" to="temp.t_gNumberFlag">
                     <expression language="XQuery">if($input.gNumber!='')
then
(
	if(fn:matches($input.gNumber, '^G\d{8}$'))
    then
    0
    else
    1
)
else
0</expression>
                  </operation>
                  <operation source="formula" to="temp.t_effectiveFromDtAfterFlag">
                     <expression language="XQuery">if($input.effectiveFromDtAfter!='')
then
(
	if(fn:matches($input.effectiveFromDtAfter, '^\d{4}-(0[1-9]|1[0-2])-(0?[1-9]|[12][0-9]|3[01])T(0[0-9]|1[0-9]|2[0-3]):([0-9]|[0-5][0-9]):([0-9]|[0-5][0-9])Z$'))
    then
    0
    else
    1
)
else
0</expression>
                  </operation>
                  <operation source="formula" to="temp.t_eligibleTermCodeFlag">
                     <expression language="XQuery">if($input.eligibleTermCode!='')
then
(
	if(number($input.eligibleTermCode) and fn:string-length($input.eligibleTermCode) = 6)
    then
    0
    else
    1
)
else
0</expression>
                  </operation>
                  <operation source="formula" to="temp.t_effectiveTermCodeFlag">
                     <expression language="XQuery">if($input.effectiveTermCode!='')
then
(
	if(number($input.effectiveTermCode) and fn:string-length($input.effectiveTermCode) = 6)
    then
    0
    else
    1
)
else
0</expression>
                  </operation>
                  <operation source="formula" to="temp.t_effectiveFromDtBeforeFlag">
                     <expression language="XQuery">if($input.effectiveFromDtBefore!='')
then
(
	if(fn:matches($input.effectiveFromDtBefore, '^\d{4}-(0[1-9]|1[0-2])-(0?[1-9]|[12][0-9]|3[01])T(0[0-9]|1[0-9]|2[0-3]):([0-9]|[0-5][0-9]):([0-9]|[0-5][0-9])Z$'))
    then
    0
    else
    1
)
else
0</expression>
                  </operation>
                  <operation source="formula" to="temp.t_studentLevelCodeFlag">
                     <expression language="XQuery">if($input.studentLevelCode!='')
then
(
if($input.studentLevelCode != '---' and $input.studentLevelCode != '00')
    then
    0
    else
    1
)
else
0</expression>
                  </operation>
                  <operation source="formula" to="temp.t_curriculumStatusCodeFlag">
                     <expression language="XQuery">if($input.curriculumStatusCode!='')
then
(
if($input.curriculumStatusCode != '---')
then
0
else
1
)
else
0</expression>
                  </operation>
                  <operation source="formula" to="temp.t_sort">
                     <expression language="XQuery">if($input.sort!='')
then
(    
    for $x in fn:tokenize($input.sort, ',')
    return
    if($x = 'curriculumStatusCode' or $x = '-curriculumStatusCode' or $x = 'eligibleTermCode' or $x = '-eligibleTermCode' or  $x = 'effectiveTermCode' or $x = '-effectiveTermCode' or  $x = 'studentLevelCode' or $x = '-studentLevelCode' or $x = 'gNumber' or $x = '-gNumber' or $x = 'effectiveFromDate' or $x = '-effectiveFromDate')
    then
list:append($temp.t_sort,'0')
    else
    list:append($temp.t_sort,'1')
)
else
list:append($temp.t_sort,'0')</expression>
                  </operation>
                  <operation source="formula" to="temp.t_sortFlag">
                     <expression language="XQuery">if(list:count($temp.t_sort)&lt;=10)
then
(
    if(fn:contains(fn:string-join($temp.t_sort), '1'))
    then
    1
    else
    0
)
else
1</expression>
                  </operation>
                  <operation source="formula" to="temp.t_collegeCodeFlag">
                     <expression language="XQuery">if($input.collegeCode!='')
then
(
if($input.collegeCode != '--')
    then
    0
    else
    1
)
else
0</expression>
                  </operation>
                  <operation source="formula" to="temp.t_eligibleTermCodeAfterFlag">
                     <expression language="XQuery">if($input.eligibleTermCodeAfter!='')
then
(
	if(number($input.eligibleTermCodeAfter) and fn:string-length($input.eligibleTermCodeAfter) = 6)
    then
    0
    else
    1
)
else
0</expression>
                  </operation>
                  <operation source="formula" to="temp.t_eligibleTermCodeBeforeFlag">
                     <expression language="XQuery">if($input.eligibleTermCodeBefore!='')
then
(
	if(number($input.eligibleTermCodeBefore) and fn:string-length($input.eligibleTermCodeBefore) = 6)
    then
    0
    else
    1
)
else
0</expression>
                  </operation>
                  <link id="kadhneml" targetId="kadhnemk"/>
               </assignment>
               <assignment id="kadhnemk">
                  <title>Assignment to t_eligTermValidationFlag</title>
                  <operation source="formula" to="temp.t_eligTermValidationFlag">
                     <expression language="XQuery">if ($input.eligibleTermCode !='' )  
then      
    if ($input.eligibleTermCodeAfter != '' or $input.eligibleTermCodeBefore !='') 
       then 
       1
       else
       0 
else    
     if ($input.eligibleTermCodeAfter != '' or $input.eligibleTermCodeBefore !='')  
      then
        0    
        else
        1</expression>
                  </operation>
                  <link id="kadhnemm" targetId="k9wouvqk"/>
               </assignment>
               <assignment id="k9wouvqk">
                  <title>Assignment to t_inputFlag</title>
                  <operation source="formula" to="temp.t_inputFlag">
                     <expression language="XQuery">if(($temp.t_pageNumberFlag = 1) or ($temp.t_pageSizeFlag = 1) or ($temp.t_currentIndFlag = 1) or ($temp.t_curriculumStatusCodeFlag = 1) or ($temp.t_gNumberFlag = 1) or ($temp.t_eligibleTermCodeFlag = 1) or ($temp.t_effectiveTermCodeFlag = 1) or ($temp.t_effectiveFromDtAfterFlag = 1) or ($temp.t_effectiveFromDtBeforeFlag = 1) or ($temp.t_studentLevelCodeFlag = 1) or ($temp.t_collegeCodeFlag = 1) or ($temp.t_sortFlag = 1
	or ($temp.t_eligibleTermCodeAfterFlag = 1) 
	or ($temp.t_eligibleTermCodeBeforeFlag = 1 
		or ($temp.t_eligTermValidationFlag =1 ) 
		)
)
)
then
1
else
0</expression>
                  </operation>
                  <link id="k9xl8vzo" targetId="k9xl8vzn"/>
               </assignment>
               <container id="k9xl8vzn" type="exclusive">
                  <title>t_inputFlag</title>
                  <flow id="k9xl8vzr">
                     <eventContainer id="kabv6lnl">
                        <subflow id="kabv6li2">
                           <title>api-TextToDateTimeTypeConversion</title>
                           <subflowGUID>d4sYBfxMsQqiifCkHNPacK</subflowGUID>
                           <subflowPath>api-TextToDateTimeTypeConversion</subflowPath>
                           <runForEach>false</runForEach>
                           <input>
                              <parameter name="effectiveFromDtAfter" source="field" updatable="true">input.effectiveFromDtAfter</parameter>
                              <parameter name="effectiveFromDtBefore" source="field" updatable="true">input.effectiveFromDtBefore</parameter>
                           </input>
                           <outputDef>
                              <field name="effectiveFromDtAfterDateTime" type="datetime">
                                 <options>
                                    <option name="thirtyMinutesIncrement">true</option>
                                    <option name="required">false</option>
                                 </options>
                              </field>
                              <field name="effectiveFromDtBeforeDateTime" type="datetime">
                                 <options>
                                    <option name="thirtyMinutesIncrement">true</option>
                                    <option name="required">false</option>
                                 </options>
                              </field>
                           </outputDef>
                        </subflow>
                        <flow id="kabv6lnn">
                           <link id="kabv6lno" targetId="kabv6lnl" type="containerLink"/>
                        </flow>
                        <flow id="kabv6lnq">
                           <assignment id="kabv6loo">
                              <title>Assignment to error</title>
                              <operation source="formula" to="output.error">
                                 <expression language="XQuery">&lt;error&gt;
	&lt;code&gt;400&lt;/code&gt;
    &lt;detail&gt;Input Validation Failed&lt;/detail&gt;
    &lt;reason&gt;{$output.faultInfo[1]/reason}&lt;/reason&gt;
&lt;/error&gt;</expression>
                              </operation>
                              <link id="kabv6lpm" targetId="kabv6lpl"/>
                           </assignment>
                           <end id="kabv6lpl">
                              <title>End 2</title>
                              <httpStatus>400</httpStatus>
                           </end>
                        </flow>
                        <link id="kabv6lnm" targetId="kabv6lnn" type="containerLink"/>
                        <link id="kabv6li3" targetId="k9xl8w01"/>
                        <events>
                           <catch faultField="faultInfo" id="kabv6li4" interrupting="true">
                              <link id="kabv6lnp" targetId="kabv6lnq" type="containerLink"/>
                           </catch>
                        </events>
                     </eventContainer>
                     <eventContainer id="k9xl8w7q">
                        <subflow id="k9xl8w1a">
                           <title>api-StudentCurr-Base</title>
                           <subflowGUID>et5VcXg6ZOKiFIaa2OhHGM</subflowGUID>
                           <subflowPath>api-StudentCurr-Base-v1</subflowPath>
                           <runForEach>false</runForEach>
                           <input>
                              <parameter name="currentInd" source="field" updatable="true">input.currentInd</parameter>
                              <parameter name="gNumber" source="field" updatable="true">input.gNumber</parameter>
                              <parameter name="pageNumber" source="field" updatable="true">temp.t_pageNumber</parameter>
                              <parameter name="pageSize" source="field" updatable="true">temp.t_pageSize</parameter>
                              <parameter name="effectiveFromDtAfter" source="field" updatable="true">temp.t_effectiveFromDtAfter</parameter>
                              <parameter name="effectiveFromDtBefore" source="field" updatable="true">temp.t_effectiveFromDtBefore</parameter>
                              <parameter name="eligibleTermCode" source="field" updatable="true">input.eligibleTermCode</parameter>
                              <parameter name="sort" source="field" updatable="true">input.sort</parameter>
                              <parameter name="effectiveTermCode" source="field" updatable="true">input.effectiveTermCode</parameter>
                              <parameter name="curriculumStatusCode" source="field" updatable="true">input.curriculumStatusCode</parameter>
                              <parameter name="studentLevelCode" source="field" updatable="true">input.studentLevelCode</parameter>
                              <parameter name="collegeCode" source="field" updatable="true">input.collegeCode</parameter>
                              <parameter name="eligibleTermCodeAfter" source="field" updatable="true">input.eligibleTermCodeAfter</parameter>
                              <parameter name="eligibleTermCodeBefore" source="field" updatable="true">input.eligibleTermCodeBefore</parameter>
                           </input>
                           <outputDef>
                              <field name="apiResponse" type="reference">
                                 <options>
                                    <option name="referenceTo">$po:STDNCURRStudentCurriculumV1Response</option>
                                    <option name="required">false</option>
                                    <option name="isCopy">true</option>
                                    <option name="guid">fGi5gViBEGYdlh0NDGmmUT</option>
                                 </options>
                              </field>
                              <field name="error" type="reference">
                                 <options>
                                    <option name="referenceTo">$po:ErrorModel-1</option>
                                    <option name="required">false</option>
                                    <option name="isCopy">true</option>
                                    <option name="guid">45Cm0QkdYHgdgzFBT65SSW</option>
                                 </options>
                              </field>
                           </outputDef>
                        </subflow>
                        <flow id="k9xl8w7s">
                           <container id="k9xl8wqa" type="exclusive">
                              <title>error</title>
                              <flow id="k9xl8wqb">
                                 <assignment id="k9xl8wqc">
                                    <title>Assignment to error</title>
                                    <operation source="field" to="output.error">output.error</operation>
                                    <link id="kabv6m7f" targetId="kabv6m7e"/>
                                 </assignment>
                                 <end id="kabv6m7e">
                                    <title>End 5</title>
                                    <httpStatus>404</httpStatus>
                                 </end>
                              </flow>
                              <flow id="k9xl8wqd">
                                 <assignment id="k9xl8wqe">
                                    <title>Assignment to apiResponse</title>
                                    <operation source="field" to="output.apiResponse">output.apiResponse</operation>
                                 </assignment>
                                 <link id="k9xl8wqj" targetId="k9xl8wqa" type="containerLink"/>
                              </flow>
                              <link id="k9xl8wqg" targetId="k9xl8wqb" type="containerLink">
                                 <condition source="formula">
                                    <function name="set">
                                       <arg name="field">{$output.error}</arg>
                                    </function>
                                 </condition>
                              </link>
                              <link id="k9xl8wqh" targetId="k9xl8wqd" type="containerLink">
                                 <condition source="formula">
                                    <function name="unset">
                                       <arg name="field">{$output.error}</arg>
                                    </function>
                                 </condition>
                              </link>
                           </container>
                           <link id="k9xl8w7t" targetId="k9xl8w7q" type="containerLink"/>
                        </flow>
                        <flow id="k9xl8w7v">
                           <assignment id="kabv6m1a">
                              <title>Assignment to error</title>
                              <operation source="formula" to="output.error">
                                 <expression language="XQuery">&lt;error&gt;
	&lt;code&gt;{$output.faultInfo[1]/code}&lt;/code&gt;
    &lt;detail&gt;{$output.faultInfo[1]/detail}&lt;/detail&gt;
    &lt;reason&gt;{$output.faultInfo[1]/reason}&lt;/reason&gt;
&lt;/error&gt;</expression>
                              </operation>
                              <link id="kabv6m6c" targetId="kabv6m6b"/>
                           </assignment>
                           <end id="kabv6m6b">
                              <title>End 4</title>
                              <httpStatus>500</httpStatus>
                           </end>
                        </flow>
                        <link id="k9xl8w7r" targetId="k9xl8w7s" type="containerLink"/>
                        <events>
                           <catch faultField="faultInfo" id="k9xl8w4u" interrupting="true">
                              <link id="k9xl8w7u" targetId="k9xl8w7v" type="containerLink"/>
                           </catch>
                        </events>
                     </eventContainer>
                     <assignment id="k9xl8w01">
                        <title>Assignment to t_effectiveFromDtAfter, t_effectiveFromDtBefore</title>
                        <operation source="field" to="temp.t_effectiveFromDtAfter">output.effectiveFromDtAfterDateTime</operation>
                        <operation source="field" to="temp.t_effectiveFromDtBefore">output.effectiveFromDtBeforeDateTime</operation>
                        <link id="k9xl8w1b" targetId="k9xl8w7q"/>
                     </assignment>
                     <link id="k9xl8vzs" targetId="k9xl8vzn" type="containerLink"/>
                  </flow>
                  <flow id="k9xl8vzu">
                     <assignment id="k9xl8w06">
                        <title>Assignment to error</title>
                        <operation source="formula" to="output.error">
                           <expression language="XQuery">&lt;error&gt;
	&lt;code&gt;400&lt;/code&gt;
    &lt;detail&gt;Input Validation Failed&lt;/detail&gt;
    &lt;reason&gt;Input parameters defined incorrectly&lt;/reason&gt;
&lt;/error&gt;</expression>
                        </operation>
                        <link id="kabv6lv9" targetId="kabv6lv8"/>
                     </assignment>
                     <end id="kabv6lv8">
                        <title>End 3</title>
                        <httpStatus>400</httpStatus>
                     </end>
                  </flow>
                  <link id="k9xl8vzq" targetId="k9xl8vzr" type="containerLink">
                     <condition source="formula">
                        <function name="equals">
                           <arg name="left">{$temp.t_inputFlag}</arg>
                           <arg name="right">{0}</arg>
                        </function>
                     </condition>
                  </link>
                  <link id="k9xl8vzt" targetId="k9xl8vzu" type="containerLink"/>
                  <link id="k9xl8vzp" targetId="c"/>
               </container>
               <end id="c"/>
            </flow>
         </process>
         <ns1:sample-data-sets xmlns:ns1="http://schemas.active-endpoints.com/appmodules/repository/2010/10/sampleData.xsd">
            <ns1:SampleData>
               <ns1:Id>a239a1fa-f110-4944-85d6-6884676c3bee</ns1:Id>
               <ns1:Name>test_!</ns1:Name>
               <ns1:CreatedBy>sramsett@gmu.edu</ns1:CreatedBy>
               <ns1:CreationDate>2020-05-08T12:19:50Z</ns1:CreationDate>
               <ns1:ModifiedBy>sramsett@gmu.edu</ns1:ModifiedBy>
               <ns1:ModifiedDate>2020-05-08T12:19:50Z</ns1:ModifiedDate>
               <ns1:Data format="xml">&lt;root&gt;
&lt;currentInd&gt;C&lt;/currentInd&gt;
&lt;pageNumber&gt;1&lt;/pageNumber&gt;
&lt;pageSize&gt;100&lt;/pageSize&gt;
&lt;/root&gt;</ns1:Data>
            </ns1:SampleData>
            <ns1:SampleData>
               <ns1:Id>2d78c02f-818b-4bce-a436-19dea6f7d41f</ns1:Id>
               <ns1:Name>test_1</ns1:Name>
               <ns1:CreatedBy>sramsett@gmu.edu</ns1:CreatedBy>
               <ns1:CreationDate>2020-05-20T05:25:44Z</ns1:CreationDate>
               <ns1:ModifiedBy>sramsett@gmu.edu</ns1:ModifiedBy>
               <ns1:ModifiedDate>2020-05-20T12:52:31Z</ns1:ModifiedDate>
               <ns1:Data format="xml">&lt;root&gt;
&lt;currentInd&gt;C&lt;/currentInd&gt;
&lt;eligibleTermCode&gt;202010&lt;/eligibleTermCode&gt;
&lt;pageNumber&gt;1&lt;/pageNumber&gt;
&lt;pageSize&gt;100&lt;/pageSize&gt;
&lt;/root&gt;</ns1:Data>
            </ns1:SampleData>
            <ns1:SampleData>
               <ns1:Id>d1bfe0a1-6d87-45cd-af32-a6b5304cb227</ns1:Id>
               <ns1:Name>test_2</ns1:Name>
               <ns1:CreatedBy>sramsett@gmu.edu</ns1:CreatedBy>
               <ns1:CreationDate>2020-05-20T15:47:28Z</ns1:CreationDate>
               <ns1:ModifiedBy>sramsett@gmu.edu</ns1:ModifiedBy>
               <ns1:ModifiedDate>2020-05-20T15:47:54Z</ns1:ModifiedDate>
               <ns1:Data format="xml">&lt;root&gt;
&lt;currentInd&gt;C&lt;/currentInd&gt;
&lt;pageNumber&gt;1&lt;/pageNumber&gt;
&lt;pageSize&gt;100&lt;/pageSize&gt;
&lt;eligibleTermCodeAfter&gt;202010&lt;/eligibleTermCodeAfter&gt;
&lt;/root&gt;</ns1:Data>
            </ns1:SampleData>
            <ns1:SampleData>
               <ns1:Id>9a423d11-ae9f-4ccd-96ed-8ec2d69a4058</ns1:Id>
               <ns1:Name>test_3</ns1:Name>
               <ns1:CreatedBy>sramsett@gmu.edu</ns1:CreatedBy>
               <ns1:CreationDate>2020-05-20T15:58:40Z</ns1:CreationDate>
               <ns1:ModifiedBy>sramsett@gmu.edu</ns1:ModifiedBy>
               <ns1:ModifiedDate>2020-05-20T16:59:07Z</ns1:ModifiedDate>
               <ns1:Data format="xml">&lt;root&gt;
&lt;currentInd&gt;C&lt;/currentInd&gt;
&lt;eligibleTermCodeAfter&gt;202010&lt;/eligibleTermCodeAfter&gt;
&lt;/root&gt;</ns1:Data>
            </ns1:SampleData>
         </ns1:sample-data-sets>
      </types1:Entry>
      <types1:GUID>1L6pi1RHBcOdY4cA6NJSkg</types1:GUID>
      <types1:DisplayName>api-StudentCurr-v1</types1:DisplayName>
   </types1:Item>
   <types1:CurrentServerDateTime>2020-06-23T19:59:49.321Z</types1:CurrentServerDateTime>
</aetgt:getResponse>
