<aetgt:getResponse xmlns:aetgt="http://schemas.active-endpoints.com/appmodules/repository/2010/10/avrepository.xsd"
                   xmlns:types1="http://schemas.active-endpoints.com/appmodules/repository/2010/10/avrepository.xsd">
   <types1:Item>
      <types1:EntryId>86CjqFVNN5Kaaab-gt-547783-2020-04-08T13:06:19.53Z::svc.xml</types1:EntryId>
      <types1:Name>api-Student-OdataService</types1:Name>
      <types1:ParentFlowIds>MuKNf4TsrT2htgh-gt-4517559-2020-04-22T22:14:35.627Z::conn.xml,Nmi0UuDpppppppp-gt-6293043-2020-04-08T20:19:45.64Z::conn.xml,WFrLWEQT53nQciS-gt-6551415-2020-05-20T23:33:27.784Z::conn.xml</types1:ParentFlowIds>
      <types1:MimeType>application/xml+businesssconnector</types1:MimeType>
      <types1:Description>Sowjanya - Service Connector that uses api-Student-Conn db connection
4/17/20 add STUDENT_GPA_VW -Khoi</types1:Description>
      <types1:AppliesTo/>
      <types1:Tags/>
      <types1:VersionLabel>1.0</types1:VersionLabel>
      <types1:State>CURRENT</types1:State>
      <types1:ProcessGroup/>
      <types1:CreatedBy>sramsett@gmu.edu</types1:CreatedBy>
      <types1:CreationDate>2020-04-08T13:06:20Z</types1:CreationDate>
      <types1:ModifiedBy>edis@gmu.edu.dev</types1:ModifiedBy>
      <types1:ModificationDate>2020-06-01T18:35:35Z</types1:ModificationDate>
      <types1:PublicationStatus>published</types1:PublicationStatus>
      <types1:PublishedBy>edis@gmu.edu.dev</types1:PublishedBy>
      <types1:PublicationDate>2020-06-01T18:35:51Z</types1:PublicationDate>
      <types1:PublishedContributionId>project:/rt.connector/api_Student_OdataService/api_Student_OdataService_svcDef.xml</types1:PublishedContributionId>
      <types1:AutosaveExists>false</types1:AutosaveExists>
      <types1:Entry>
         <businessConnector xmlns="http://schemas.informatica.com/socrates/data-services/2014/05/business-connector-model.xsd"
                            agentOnly="false"
                            debug="false"
                            displayName="api-Student-OdataService"
                            label=""
                            name="api-Student-OdataService"
                            uuid="70ec67e1-5f3a-47e2-9b47-28b8215cbed6">
            <description>Sowjanya - Service Connector that uses api-Student-Conn db connection
4/17/20 add STUDENT_GPA_VW -Khoi</description>
            <tags/>
            <connectionAttributes xmlns="http://schemas.informatica.com/appmodules/screenflow/2014/04/avosConnectors.xsd"/>
            <actions>
               <action category=""
                       failOnError="true"
                       forSearch="false"
                       label="GetData_StudentCurr"
                       maxRedirects="100"
                       name="GetData_StudentCurr"
                       preemptiveAuth="true"
                       responseEncoding="">
                  <description>View supports the Student Curriculum API</description>
                  <input>
                     <parameter label="in_URL"
                                name="in_URL"
                                nogen="true"
                                required="false"
                                testWith="https://na1.ai.dm-us.informaticacloud.com/active-bpel/odata/v4/api-Student-Conn/STUDENT_CURRICULUM_VW"
                                type="url"/>
                  </input>
                  <binding>
                     <restSimpleBinding multiUsing="semicolonSeparated" url="{$in_URL}" verb="GET">
                        <authentication>
                           <username>edis@gmu.edu.dev</username>
                           <password/>
                           <isExpressionInPassword>false</isExpressionInPassword>
                        </authentication>
                        <httpHeaders>
                           <header name="Content-Type">application/xml</header>
                        </httpHeaders>
                     </restSimpleBinding>
                  </binding>
                  <output>
                     <field description="" name="AllRecords" type="objectlist">
                        <options>
                           <option name="referenceTo">value_StudentCurr</option>
                        </options>
                        <xquery>{for $x in //root/value return $x}</xquery>
                     </field>
                     <field description="" name="isValueList" type="int">
                        <xquery>{if(//root/value/data()='') then 0 else 2}</xquery>
                     </field>
                  </output>
               </action>
               <action category="Student"
                       failOnError="true"
                       forSearch="false"
                       label="GetData_StudentGPA"
                       maxRedirects="100"
                       name="GetData_StudentGPA"
                       preemptiveAuth="true"
                       responseEncoding="">
                  <description>View supports the the StudentGPA API</description>
                  <input>
                     <parameter description="URL for Student GPA"
                                label="in_URL"
                                name="in_URL"
                                nogen="true"
                                required="false"
                                testWith="https://na1.ai.dm-us.informaticacloud.com/active-bpel/odata/v4/api-Student-Conn/STUDENT_GPA_VW"
                                type="url"/>
                  </input>
                  <binding>
                     <restSimpleBinding multiUsing="semicolonSeparated" url="{$in_URL}" verb="GET">
                        <authentication>
                           <username>edis@gmu.edu.dev</username>
                           <password/>
                           <isExpressionInPassword>false</isExpressionInPassword>
                        </authentication>
                        <httpHeaders>
                           <header name="Content-Type">application/xml</header>
                        </httpHeaders>
                     </restSimpleBinding>
                  </binding>
                  <output>
                     <field description="" name="AllRecords" type="objectlist">
                        <options>
                           <option name="referenceTo">value_StudentGPA</option>
                        </options>
                        <xquery>{for $x in //root/value return $x}</xquery>
                     </field>
                     <field description="" name="isValueList" type="int">
                        <xquery>{if(//root/value/data()='') then 0 else 2}</xquery>
                     </field>
                  </output>
               </action>
               <action category=""
                       failOnError="true"
                       forSearch="false"
                       label="GetRecordCount_StudentCurr"
                       maxRedirects="100"
                       name="GetRecordCount_StudentCurr"
                       preemptiveAuth="true"
                       responseEncoding="">
                  <description/>
                  <input>
                     <parameter label="input_URL"
                                name="input_URL"
                                nogen="true"
                                required="false"
                                testWith="https://na1.ai.dm-us.informaticacloud.com/active-bpel/odata/v4/api-Student-Conn/STUDENT_CURRICULUM_VW/$count?$filter=STDN_CURRENT_IND%20eq%20'C'"
                                type="url"/>
                  </input>
                  <binding>
                     <restSimpleBinding multiUsing="semicolonSeparated" url="{$input_URL}" verb="GET">
                        <authentication>
                           <username>edis@gmu.edu.sandbox</username>
                           <password/>
                           <isExpressionInPassword>false</isExpressionInPassword>
                        </authentication>
                        <httpHeaders>
                           <header name="Content-Type">application/xml</header>
                        </httpHeaders>
                     </restSimpleBinding>
                  </binding>
                  <output>
                     <field description="" name="recordCount" type="int">
                        <xquery>{//result/data()}</xquery>
                     </field>
                  </output>
               </action>
               <action category=""
                       failOnError="true"
                       forSearch="false"
                       label="GetRecordCount_StudentGPA"
                       maxRedirects="100"
                       name="GetRecordCount_StudentGPA"
                       preemptiveAuth="true"
                       responseEncoding="">
                  <description/>
                  <input>
                     <parameter description="URL with count"
                                label="input_URL"
                                name="input_URL"
                                nogen="true"
                                required="false"
                                testWith="https://na1.ai.dm-us.informaticacloud.com/active-bpel/odata/v4/api-Student-Conn/STUDENT_CURRICULUM_VW/$count"
                                type="string"/>
                  </input>
                  <binding>
                     <restSimpleBinding multiUsing="semicolonSeparated" url="{$input_URL}" verb="GET">
                        <authentication>
                           <username>edis@gmu.edu.sandbox</username>
                           <password/>
                           <isExpressionInPassword>false</isExpressionInPassword>
                        </authentication>
                        <httpHeaders>
                           <header name="Content-Type">application/xml</header>
                        </httpHeaders>
                     </restSimpleBinding>
                  </binding>
                  <output>
                     <field description="" name="recordCount" type="int">
                        <xquery>{//result/data()}</xquery>
                     </field>
                  </output>
               </action>
            </actions>
            <objects>
               <processObject xmlns="http://schemas.active-endpoints.com/appmodules/screenflow/2011/06/avosHostEnvironment.xsd"
                              isByCopy="true"
                              name="root_StudentCurr">
                  <description>An automatically generated process object</description>
                  <detail>
                     <field name="value" type="objectlist">
                        <options>
                           <option name="referenceTo">value_StudentCurr</option>
                           <option name="relationshipName">Child</option>
                        </options>
                     </field>
                  </detail>
               </processObject>
               <processObject xmlns="http://schemas.active-endpoints.com/appmodules/screenflow/2011/06/avosHostEnvironment.xsd"
                              isByCopy="true"
                              name="value_StudentCurr">
                  <description>An automatically generated process object</description>
                  <detail>
                     <field name="STDN_SEC_MINOR_CODE" type="string"/>
                     <field name="STDN_LOA_TO_DATE" type="datetime"/>
                     <field name="STDN_CONC_221_CODE" type="string"/>
                     <field name="STDN_SECONDARY_MAJOR_DESC" type="string"/>
                     <field name="STDN_CURRENT_IND" type="string"/>
                     <field name="STDN_ELIGIBLE_TERM_CODE" type="string"/>
                     <field name="STDN_SECONDARY_CAMPUS_DESC" type="string"/>
                     <field name="STDN_STUDENT_LEVEL_CODE" type="string"/>
                     <field name="STDN_CONC_222_CODE" type="string"/>
                     <field name="STDN_CONC121_CODE" type="string"/>
                     <field name="STDN_CURRICULUM_STATUS_CODE" type="string"/>
                     <field name="STDN_CONC_2_2_CODE" type="string"/>
                     <field name="STDN_ACADEMIC_STANDING_DESC" type="string"/>
                     <field name="STDN_DEPARTMENT_12_DESC" type="string"/>
                     <field name="STDN_MAJOR_2_2_DESC" type="string"/>
                     <field name="STDN_MINOR_1_2_CODE" type="string"/>
                     <field name="STDN_DERIVED_CLASS_CODE" type="string"/>
                     <field name="STDN_ATHLETE_IND" type="string"/>
                     <field name="STDN_SECONDARY_PROGRAM_CODE" type="string"/>
                     <field name="STDN_CONC_223_CODE" type="string"/>
                     <field name="STDN_BANNER_CLASS_DESC" type="string"/>
                     <field name="STDN_LOA_FROM_DATE" type="datetime"/>
                     <field name="STDN_DEANS_LIST_IND" type="string"/>
                     <field name="STDN_CONC123_CODE" type="string"/>
                     <field name="STDN_PRIMARY_COLLEGE_DESC" type="string"/>
                     <field name="STDN_LOAD_STATUS_CODE" type="string"/>
                     <field name="STDN_SECONDARY_COLLEGE_DESC" type="string"/>
                     <field name="STDN_EXPECTED_GRAD_DATE" type="datetime"/>
                     <field name="STDN_COLL_22_DESC" type="string"/>
                     <field name="STDN_DEPARTMENT_12_CODE" type="string"/>
                     <field name="STDN_CATALOG_TERM_DESC" type="string"/>
                     <field name="STDN_PRIMARY_PROGRAM_CODE" type="string"/>
                     <field name="STDN_OBLIGATION_IND" type="string"/>
                     <field name="STDN_PRIMARY_DEGREE_CODE" type="string"/>
                     <field name="STDN_MINOR_2_2_DESC" type="string"/>
                     <field name="STDN_DEPARTMENT_22_DESC" type="string"/>
                     <field name="STDN_SECONDARY_DEGREE_CODE" type="string"/>
                     <field name="STDN_PRI_MINOR_CODE" type="string"/>
                     <field name="STDN_CONC_1_3_CODE" type="string"/>
                     <field name="STDN_NEW_RETURNING_IND" type="string"/>
                     <field name="STDN_COLL_12_DESC" type="string"/>
                     <field name="STDN_TOTAL_CREDIT_HOURS" type="int"/>
                     <field name="STDN_ADMIT_TERM_CODE" type="string"/>
                     <field name="STDN_MAJOR_1_2_DESC" type="string"/>
                     <field name="STDN_RESIDENCY_CODE" type="string"/>
                     <field name="STDN_EFFECTIVE_TERM_DESC" type="string"/>
                     <field name="STDN_SEC_CONC_DESC" type="string"/>
                     <field name="STDN_ANTCPATED_GRAD_TERM_CODE" type="string"/>
                     <field name="STDN_STUDENT_TYPE_DESC" type="string"/>
                     <field name="STDN_CONC_222_DESC" type="string"/>
                     <field name="STDN_ADMIT_TYPE_CODE" type="string"/>
                     <field name="STDN_TIME_STATUS_CODE" type="string"/>
                     <field name="STDN_ACADEMIC_STANDING_CODE" type="string"/>
                     <field name="STDN_MAJOR_2_2_CODE" type="string"/>
                     <field name="STDN_DERIVED_CLASS_DESC" type="string"/>
                     <field name="STDN_MAJOR_1_2_CODE" type="string"/>
                     <field name="STDN_PRI_CONC_CODE" type="string"/>
                     <field name="STDN_COLL_22_CODE" type="string"/>
                     <field name="STDN_RESIDENCY_DESC" type="string"/>
                     <field name="STDN_SECONDARY_PROGRAM_DESC" type="string"/>
                     <field name="STDN_CONC_2_2_DESC" type="string"/>
                     <field name="STDN_PRIMARY_DEPT_DESC" type="string"/>
                     <field name="STDN_PRIMARY_CAMPUS_CODE" type="string"/>
                     <field name="STDN_SEC_CONC_CODE" type="string"/>
                     <field name="STDN_CONC_223_DESC" type="string"/>
                     <field name="STDN_PRIMARY_MAJOR_DESC" type="string"/>
                     <field name="STDN_CONC123_DESC" type="string"/>
                     <field name="STDN_ELIGIBLE_TERM_DESC" type="string"/>
                     <field name="STDN_EFFECTIVE_TO_DATE" type="datetime"/>
                     <field name="STDN_ADMIT_TYPE_DESC" type="string"/>
                     <field name="STDN_SECONDARY_COLLEGE_CODE" type="string"/>
                     <field name="STDN_PRIMARY_COLLEGE_CODE" type="string"/>
                     <field name="STDN_BANNER_CLASS_CODE" type="string"/>
                     <field name="STDN_CONC122_DESC" type="string"/>
                     <field name="STDN_LOAD_STATUS_DESC" type="string"/>
                     <field name="STDN_EFFECTIVE_FROM_DATE" type="datetime"/>
                     <field name="STDN_CONC_1_2_DESC" type="string"/>
                     <field name="STDN_PRIMARY_PROGRAM_DESC" type="string"/>
                     <field name="STDN_TIME_STATUS_DESC" type="string"/>
                     <field name="STDN_CONC_221_DESC" type="string"/>
                     <field name="STDN_DEPARTMENT_22_CODE" type="string"/>
                     <field name="STDN_SECONDARY_CAMPUS_CODE" type="string"/>
                     <field name="STDN_CONC_2_3_DESC" type="string"/>
                     <field name="STDN_PRI_MINOR_DESC" type="string"/>
                     <field name="STDN_ANTCPATED_GRAD_TERM_DESC" type="string"/>
                     <field name="STDN_SECONDARY_DEPT_DESC" type="string"/>
                     <field name="STDN_CONC121_DESC" type="string"/>
                     <field name="STDN_ADMIT_TERM_DESC" type="string"/>
                     <field name="STDN_EFFECTIVE_TERM_CODE" type="string"/>
                     <field name="STDN_CURRICULUM_STATUS_DESC" type="string"/>
                     <field name="STDN_MINOR_1_2_DESC" type="string"/>
                     <field name="STDN_STUDENT_TYPE_CODE" type="string"/>
                     <field name="STDN_CONC_2_3_CODE" type="string"/>
                     <field name="STDN_SECONDARY_DEPT_CODE" type="string"/>
                     <field name="STDN_REGISTERED_IND" type="string"/>
                     <field name="STDN_PRIMARY_CAMPUS_DESC" type="string"/>
                     <field name="STDN_PRI_CONC_DESC" type="string"/>
                     <field name="STDN_PIDM" type="int"/>
                     <field name="STDN_SEC_MINOR_DESC" type="string"/>
                     <field name="STDN_MINOR_2_2_CODE" type="string"/>
                     <field name="STDN_COLL_12_CODE" type="string"/>
                     <field name="STDN_PRIMARY_MAJOR_CODE" type="string"/>
                     <field name="STDN_GNUMBER" type="string"/>
                     <field name="STDN_PRIMARY_DEPT_CODE" type="string"/>
                     <field name="STDN_CATALOG_TERM_CODE" type="string"/>
                     <field name="STDN_SECONDARY_MAJOR_CODE" type="string"/>
                     <field name="STDN_BUDGET_DEGREE_LEVEL" type="string"/>
                     <field name="STDN_CONC_1_3_DESC" type="string"/>
                     <field name="STDN_CONC122_CODE" type="string"/>
                     <field name="STDN_PRIMARY_DEGREE_DESC" type="string"/>
                     <field name="STDN_SECONDARY_DEGREE_DESC" type="string"/>
                     <field name="STDN_CONC_1_2_CODE" type="string"/>
                     <field name="STDN_STUDENT_LEVEL_DESC" type="string"/>
                  </detail>
               </processObject>
               <processObject xmlns="http://schemas.active-endpoints.com/appmodules/screenflow/2011/06/avosHostEnvironment.xsd"
                              isByCopy="true"
                              name="root_StudentGPA">
                  <description>An automatically generated process object</description>
                  <detail>
                     <field name="value" type="objectlist">
                        <options>
                           <option name="referenceTo">value_StudentGPA</option>
                           <option name="relationshipName">Child</option>
                        </options>
                     </field>
                  </detail>
               </processObject>
               <processObject xmlns="http://schemas.active-endpoints.com/appmodules/screenflow/2011/06/avosHostEnvironment.xsd"
                              isByCopy="true"
                              name="value_StudentGPA">
                  <description>An automatically generated process object</description>
                  <detail>
                     <field name="GPA_PRI_MINOR_DESC" type="string"/>
                     <field name="GPA_PRIMARY_COLLEGE_CODE" type="string"/>
                     <field name="GPA_LOA_TO_DATE" type="datetime"/>
                     <field name="GPA_CURRENT_IND" type="string"/>
                     <field name="GPA_TIME_STATUS_CODE" type="string"/>
                     <field name="GPA_ATTEMPTED_HRS" type="double"/>
                     <field name="GPA_BANNER_CLASS_DESC" type="string"/>
                     <field name="GPA_GPA_HRS" type="double"/>
                     <field name="GPA_CONC_1_3_CODE" type="string"/>
                     <field name="GPA_CONC_2_3_CODE" type="string"/>
                     <field name="GPA_TRANSFER_ATTEMPTED_HRS" type="double"/>
                     <field name="GPA_PIDM" type="int"/>
                     <field name="GPA_PRIMARY_CAMPUS_DESC" type="string"/>
                     <field name="GPA_LOAD_STATUS_CODE" type="string"/>
                     <field name="GPA_REGISTERED_IND" type="string"/>
                     <field name="GPA_COLL_22_DESC" type="string"/>
                     <field name="GPA_CUML_INST_ATTEMPTED_HRS" type="double"/>
                     <field name="GPA_CUML_EARNED_HRS" type="double"/>
                     <field name="GPA_ATHLETE_IND" type="string"/>
                     <field name="GPA_ANTCPATED_GRAD_TERM_DESC" type="string"/>
                     <field name="GPA_QUALITY_POINTS" type="double"/>
                     <field name="GPA_SECONDARY_COLLEGE_DESC" type="string"/>
                     <field name="GPA_EFFECTIVE_TERM_CODE" type="string"/>
                     <field name="GPA_ELIGIBLE_TERM_CODE" type="time"/>
                     <field name="GPA_CONC_1_2_CODE" type="string"/>
                     <field name="GPA_CONC_222_DESC" type="string"/>
                     <field name="GPA_SECONDARY_MAJOR_CODE" type="string"/>
                     <field name="GPA_COLL_12_CODE" type="string"/>
                     <field name="GPA_CATALOG_TERM_CODE" type="string"/>
                     <field name="GPA_SECONDARY_PROGRAM_DESC" type="string"/>
                     <field name="GPA_CONC_2_2_DESC" type="string"/>
                     <field name="GPA_ADMIT_TERM_CODE" type="string"/>
                     <field name="GPA_EFFECTIVE_TO_DATE" type="datetime"/>
                     <field name="GPA_STUDENT_TYPE_CODE" type="string"/>
                     <field name="GPA_MAJOR_1_2_CODE" type="string"/>
                     <field name="GPA_DEPARTMENT_22_DESC" type="string"/>
                     <field name="GPA_SECONDARY_COLLEGE_CODE" type="string"/>
                     <field name="GPA_SECONDARY_DEGREE_DESC" type="string"/>
                     <field name="GPA_CONC_223_DESC" type="string"/>
                     <field name="GPA_CONC_2_3_DESC" type="string"/>
                     <field name="GPA_CONC_222_CODE" type="string"/>
                     <field name="GPA_PRI_CONC_CODE" type="string"/>
                     <field name="GPA_EFFECTIVE_TERM_DESC" type="string"/>
                     <field name="GPA_SEC_MINOR_DESC" type="string"/>
                     <field name="GPA_MINOR_1_2_CODE" type="string"/>
                     <field name="GPA_MINOR_2_2_CODE" type="string"/>
                     <field name="GPA_MAJOR_2_2_DESC" type="string"/>
                     <field name="GPA_CURRICULUM_STATUS_CODE" type="string"/>
                     <field name="GPA_ANTCPATED_GRAD_TERM_CODE" type="string"/>
                     <field name="GPA_CUML_GPA" type="double"/>
                     <field name="GPA_CONC_221_CODE" type="string"/>
                     <field name="GPA_DERIVED_CLASS_CODE" type="string"/>
                     <field name="GPA_CUML_TRANSFER_ATTMPT_HRS" type="double"/>
                     <field name="GPA_ADMIT_TYPE_CODE" type="string"/>
                     <field name="GPA_ENRL_LEVEL_CODE" type="string"/>
                     <field name="GPA_SEC_CONC_CODE" type="string"/>
                     <field name="GPA_EARNED_HRS" type="double"/>
                     <field name="GPA_LEVEL_CODE" type="string"/>
                     <field name="GPA_PRIMARY_DEPT_CODE" type="string"/>
                     <field name="GPA_CONC_2_2_CODE" type="string"/>
                     <field name="GPA_CUML_ATTEMPTED_HRS" type="double"/>
                     <field name="GPA_CONC122_DESC" type="string"/>
                     <field name="GPA_RESIDENCY_DESC" type="string"/>
                     <field name="GPA_DEPARTMENT_12_DESC" type="string"/>
                     <field name="GPA_INST_EARNED_HRS" type="double"/>
                     <field name="GPA_COLL_12_DESC" type="string"/>
                     <field name="GPA_SECONDARY_CAMPUS_DESC" type="string"/>
                     <field name="GPA_BANNER_CLASS_CODE" type="string"/>
                     <field name="GPA_CONC_1_2_DESC" type="string"/>
                     <field name="GPA_SECONDARY_DEPT_DESC" type="string"/>
                     <field name="GPA_PRIMARY_PROGRAM_DESC" type="string"/>
                     <field name="GPA" type="double"/>
                     <field name="GPA_CUML_QUALITY_POINTS" type="double"/>
                     <field name="GPA_CONC121_CODE" type="string"/>
                     <field name="GPA_DERIVED_CLASS_DESC" type="string"/>
                     <field name="GPA_ENRL_LEVEL_DESC" type="string"/>
                     <field name="GPA_SECONDARY_MAJOR_DESC" type="string"/>
                     <field name="GPA_CUML_GPA_HRS" type="double"/>
                     <field name="GPA_ADMIT_TERM_DESC" type="string"/>
                     <field name="GPA_CURRICULUM_STATUS_DESC" type="string"/>
                     <field name="GPA_CATALOG_TERM_DESC" type="string"/>
                     <field name="GPA_PRIMARY_MAJOR_DESC" type="string"/>
                     <field name="GPA_RESIDENCY_CODE" type="string"/>
                     <field name="GPA_CONC121_DESC" type="string"/>
                     <field name="GPA_ACADEMIC_STANDING_DESC" type="string"/>
                     <field name="GPA_SECONDARY_PROGRAM_CODE" type="string"/>
                     <field name="GPA_BUDGET_DEGREE_LEVEL" type="string"/>
                     <field name="GPA_OBLIGATION_IND" type="string"/>
                     <field name="GPA_SECONDARY_DEPT_CODE" type="string"/>
                     <field name="GPA_PRIMARY_DEGREE_CODE" type="string"/>
                     <field name="GPA_GNUMBER" type="string"/>
                     <field name="GPA_CONC123_CODE" type="string"/>
                     <field name="GPA_PRIMARY_COLLEGE_DESC" type="string"/>
                     <field name="GPA_SEC_CONC_DESC" type="string"/>
                     <field name="GPA_MINOR_1_2_DESC" type="string"/>
                     <field name="GPA_TIME_STATUS_DESC" type="string"/>
                     <field name="GPA_DEANS_LIST_IND" type="string"/>
                     <field name="GPA_PRIMARY_DEGREE_DESC" type="string"/>
                     <field name="GPA_DEPARTMENT_12_CODE" type="string"/>
                     <field name="GPA_PRIMARY_PROGRAM_CODE" type="string"/>
                     <field name="GPA_CONC123_DESC" type="string"/>
                     <field name="GPA_CONC_1_3_DESC" type="string"/>
                     <field name="GPA_PRIMARY_DEPT_DESC" type="string"/>
                     <field name="GPA_CONC122_CODE" type="string"/>
                     <field name="GPA_TRANSFER_EARNED_HRS" type="double"/>
                     <field name="GPA_SECONDARY_CAMPUS_CODE" type="string"/>
                     <field name="GPA_MAJOR_1_2_DESC" type="string"/>
                     <field name="GPA_STUDENT_TYPE_DESC" type="string"/>
                     <field name="GPA_LEVEL_DESC" type="string"/>
                     <field name="GPA_LOA_FROM_DATE" type="datetime"/>
                     <field name="GPA_EXPECTED_GRAD_DATE" type="datetime"/>
                     <field name="GPA_PRIMARY_MAJOR_CODE" type="string"/>
                     <field name="GPA_CONC_223_CODE" type="string"/>
                     <field name="GPA_CUML_TRANSFER_EARNED_HRS" type="double"/>
                     <field name="GPA_DEPARTMENT_22_CODE" type="string"/>
                     <field name="GPA_SEC_MINOR_CODE" type="string"/>
                     <field name="GPA_EFFECTIVE_FROM_DATE" type="datetime"/>
                     <field name="GPA_PRI_MINOR_CODE" type="string"/>
                     <field name="GPA_ACADEMIC_STANDING_CODE" type="string"/>
                     <field name="GPA_PRI_CONC_DESC" type="string"/>
                     <field name="GPA_CUML_INST_EARNED_HRS" type="double"/>
                     <field name="GPA_NEW_RETURNING_IND" type="string"/>
                     <field name="GPA_MINOR_2_2_DESC" type="string"/>
                     <field name="GPA_ELIGIBLE_TERM_DESC" type="string"/>
                     <field name="GPA_COLL_22_CODE" type="string"/>
                     <field name="GPA_ADMIT_TYPE_DESC" type="string"/>
                     <field name="GPA_SECONDARY_DEGREE_CODE" type="string"/>
                     <field name="GPA_MAJOR_2_2_CODE" type="string"/>
                     <field name="GPA_PRIMARY_CAMPUS_CODE" type="string"/>
                     <field name="GPA_CONC_221_DESC" type="string"/>
                     <field name="GPA_LOAD_STATUS_DESC" type="string"/>
                  </detail>
               </processObject>
               <processObject xmlns="http://schemas.active-endpoints.com/appmodules/screenflow/2011/06/avosHostEnvironment.xsd"
                              isByCopy="true"
                              name="recordCount_StudentCurr">
                  <description>An automatically generated process object</description>
                  <detail>
                     <field name="xml" type="string"/>
                     <field name="text" type="int"/>
                  </detail>
               </processObject>
               <processObject xmlns="http://schemas.active-endpoints.com/appmodules/screenflow/2011/06/avosHostEnvironment.xsd"
                              isByCopy="true"
                              name="recordCount_StudentGPA">
                  <description>An automatically generated process object</description>
                  <detail>
                     <field name="xml" type="string"/>
                     <field name="text" type="int"/>
                  </detail>
               </processObject>
            </objects>
         </businessConnector>
      </types1:Entry>
      <types1:GUID>3INkZQ0uimfiXvFQGLEnuS</types1:GUID>
      <types1:DisplayName>api-Student-OdataService</types1:DisplayName>
   </types1:Item>
   <types1:CurrentServerDateTime>2020-06-23T19:59:46.915Z</types1:CurrentServerDateTime>
</aetgt:getResponse>
