<aetgt:getResponse xmlns:aetgt="http://schemas.active-endpoints.com/appmodules/repository/2010/10/avrepository.xsd"
                   xmlns:types1="http://schemas.active-endpoints.com/appmodules/repository/2010/10/avrepository.xsd">
   <types1:Item>
      <types1:EntryId>pzDLdw8jIw8jIw8-gt-9221032-2020-05-04T15:11:26.253Z::pd.xml</types1:EntryId>
      <types1:Name>api-StudentGPA-v1</types1:Name>
      <types1:MimeType>application/xml+process</types1:MimeType>
      <types1:Description>Purpose: Wrapper Layer to get odata from base layer
================
Revision History:
================
04/13/2020- Khoi N. - Initial development</types1:Description>
      <types1:AppliesTo/>
      <types1:Tags/>
      <types1:VersionLabel>1.0</types1:VersionLabel>
      <types1:State>CURRENT</types1:State>
      <types1:ProcessGroup/>
      <types1:CreatedBy>knguyen4@gmu.edu.SAML</types1:CreatedBy>
      <types1:CreationDate>2020-05-04T15:11:26Z</types1:CreationDate>
      <types1:ModifiedBy>knguyen4@gmu.edu.SAML</types1:ModifiedBy>
      <types1:ModificationDate>2020-05-19T18:48:08Z</types1:ModificationDate>
      <types1:PublicationStatus>published</types1:PublicationStatus>
      <types1:PublishedBy>edis@gmu.edu.dev</types1:PublishedBy>
      <types1:PublicationDate>2020-05-31T18:35:47Z</types1:PublicationDate>
      <types1:PublishedContributionId>project:/spi.api-StudentGPA-v1/api-StudentGPA-v1.pd.xml</types1:PublishedContributionId>
      <types1:AutosaveExists>false</types1:AutosaveExists>
      <types1:Entry>
         <process xmlns="http://schemas.active-endpoints.com/appmodules/screenflow/2010/10/avosScreenflow.xsd"
                  xmlns:list="urn:activevos:spi:list:functions"
                  displayName="api-StudentGPA-v1"
                  name="api-StudentGPA-v1"
                  overrideAPIName="false">
            <appliesTo/>
            <description>Purpose: Wrapper Layer to get odata from base layer
================
Revision History:
================
04/13/2020- Khoi N. - Initial development</description>
            <tags/>
            <generator>Informatica Process Designer 11</generator>
            <input>
               <parameter description="" name="gNumber" type="string">
                  <options>
                     <option name="required">false</option>
                  </options>
               </parameter>
               <parameter description="" name="currentInd" required="true" type="string">
                  <options>
                     <option name="required">false</option>
                  </options>
               </parameter>
               <parameter description="" name="curriculumStatusCode" type="string">
                  <options>
                     <option name="required">false</option>
                  </options>
               </parameter>
               <parameter description="" name="effectiveFromDtAfter" type="string">
                  <options>
                     <option name="required">false</option>
                  </options>
               </parameter>
               <parameter description="" name="effectiveFromDtBefore" type="string">
                  <options>
                     <option name="required">false</option>
                  </options>
               </parameter>
               <parameter description="" name="pageNumber" type="string">
                  <options>
                     <option name="required">false</option>
                  </options>
               </parameter>
               <parameter description="" name="pageSize" type="string">
                  <options>
                     <option name="required">false</option>
                  </options>
               </parameter>
               <parameter description="" name="sort" type="string">
                  <options>
                     <option name="required">false</option>
                  </options>
               </parameter>
               <parameter description="" name="eligibleTermCode" type="string">
                  <options>
                     <option name="required">false</option>
                  </options>
               </parameter>
               <parameter description="" name="effectiveTermCode" type="string">
                  <options>
                     <option name="required">false</option>
                  </options>
               </parameter>
               <parameter description="" name="studentLevelCode" type="string">
                  <options>
                     <option name="required">false</option>
                  </options>
               </parameter>
               <parameter description="" name="residencyCode" type="string">
                  <options>
                     <option name="required">false</option>
                  </options>
               </parameter>
               <parameter description="" name="studentTypeCode" type="string">
                  <options>
                     <option name="required">false</option>
                  </options>
               </parameter>
               <parameter description="" name="eligibleTermCodeAfter" type="string">
                  <options>
                     <option name="required">false</option>
                  </options>
               </parameter>
               <parameter description="" name="eligibleTermCodeBefore" type="string">
                  <options>
                     <option name="required">false</option>
                  </options>
               </parameter>
            </input>
            <output>
               <field description="" name="apiResponse" type="reference">
                  <options>
                     <option name="referenceTo">$po:STDNGPAStudentGPAV1Response</option>
                     <option name="required">false</option>
                     <option name="isCopy">true</option>
                     <option name="guid">9P7Z2F8SCDEbi9lUE0Vgw5</option>
                  </options>
               </field>
               <field description="" name="error" type="reference">
                  <options>
                     <option name="referenceTo">$po:ErrorModel-1</option>
                     <option name="required">false</option>
                     <option name="isCopy">true</option>
                     <option name="guid">45Cm0QkdYHgdgzFBT65SSW</option>
                  </options>
               </field>
            </output>
            <tempFields>
               <field description="" name="t_inputFlag" type="int">
                  <options>
                     <option name="required">false</option>
                  </options>
               </field>
               <field description="" name="t_pageNumberFlag" type="int">
                  <options>
                     <option name="required">false</option>
                  </options>
               </field>
               <field description="" name="t_pageSizeFlag" type="int">
                  <options>
                     <option name="required">false</option>
                  </options>
               </field>
               <field description="" name="t_currentIndFlag" type="int">
                  <options>
                     <option name="required">false</option>
                  </options>
               </field>
               <field description="" name="t_curriculumStatusCode" type="int">
                  <options>
                     <option name="required">false</option>
                  </options>
               </field>
               <field description="" name="t_gNumberFlag" type="int">
                  <options>
                     <option name="required">false</option>
                  </options>
               </field>
               <field description="" name="t_sortFlag" type="int">
                  <options>
                     <option name="required">false</option>
                  </options>
               </field>
               <field description="" name="t_sort" type="objectlist">
                  <options>
                     <option name="referenceTo">$po:$any</option>
                     <option hide="true" name="multiSelect">true</option>
                     <option name="required">false</option>
                     <option name="isCopy">true</option>
                  </options>
               </field>
               <field description="" name="t_eligibleTermCodeFlag" type="int">
                  <options>
                     <option name="required">false</option>
                  </options>
               </field>
               <field description="" name="t_effectiveTermCodeFlag" type="int">
                  <options>
                     <option name="required">false</option>
                  </options>
               </field>
               <field description="" name="t_studentLevelCodeFlag" type="int">
                  <options>
                     <option name="required">false</option>
                  </options>
               </field>
               <field description="" name="t_residencyCodeFlag" type="int">
                  <options>
                     <option name="required">false</option>
                  </options>
               </field>
               <field description="" name="t_studentTypeCodeFlag" type="int">
                  <options>
                     <option name="required">false</option>
                  </options>
               </field>
               <field description="" name="t_effectiveFromDtAfterFlag" type="int">
                  <options>
                     <option name="required">false</option>
                  </options>
               </field>
               <field description="" name="t_effectiveFromDtBeforeFlag" type="int">
                  <options>
                     <option name="required">false</option>
                  </options>
               </field>
               <field description="" name="t_effectiveFromDtAfter" type="datetime">
                  <options>
                     <option name="thirtyMinutesIncrement">true</option>
                     <option name="required">false</option>
                  </options>
               </field>
               <field description="" name="t_effectiveFromDtBefore" type="datetime">
                  <options>
                     <option name="thirtyMinutesIncrement">true</option>
                     <option name="required">false</option>
                  </options>
               </field>
               <field description="" name="t_inputIntegerValues" type="objectlist">
                  <options>
                     <option name="referenceTo">$po:$any</option>
                     <option hide="true" name="multiSelect">true</option>
                     <option name="required">false</option>
                     <option name="isCopy">true</option>
                  </options>
               </field>
               <field description="" name="t_outputIntegerValues" type="objectlist">
                  <options>
                     <option name="referenceTo">$po:$any</option>
                     <option hide="true" name="multiSelect">true</option>
                     <option name="required">false</option>
                     <option name="isCopy">true</option>
                  </options>
               </field>
               <field description="" name="t_pageNumber" type="int">
                  <options>
                     <option name="required">false</option>
                  </options>
               </field>
               <field description="" name="t_pageSize" type="int">
                  <options>
                     <option name="required">false</option>
                  </options>
               </field>
               <field description="" name="t_inIntVal" type="string">
                  <options>
                     <option name="required">false</option>
                  </options>
               </field>
               <field description="" name="t_eligibleTermCodeAfterFlag" type="int">
                  <options>
                     <option name="required">false</option>
                  </options>
               </field>
               <field description="" name="t_eligibleTermCodeBeforeFlag" type="int">
                  <options>
                     <option name="required">false</option>
                  </options>
               </field>
               <field description="" name="t_termEnterValidationFlag" type="int">
                  <options>
                     <option name="required">false</option>
                  </options>
               </field>
            </tempFields>
            <notes/>
            <deployment suspendOnFault="false" tracingLevel="verbose">
               <rest>
                  <allowedGroups>
                     <group>Admin Team</group>
                  </allowedGroups>
               </rest>
            </deployment>
            <flow id="a">
               <start id="b">
                  <link id="ka42th9p" targetId="ka42the2"/>
               </start>
               <eventContainer id="ka42the2">
                  <subflow id="ka42th9o">
                     <title>api-TextToIntegerTypeConversion</title>
                     <subflowGUID>4gYKZbibk6wffBFRdWM3GJ</subflowGUID>
                     <subflowPath>api-TextToIntegerTypeConversion</subflowPath>
                     <runForEach>false</runForEach>
                     <input>
                        <parameter name="pageNumber" source="field" updatable="true">input.pageNumber</parameter>
                        <parameter name="pageSize" source="field" updatable="true">input.pageSize</parameter>
                     </input>
                     <outputDef>
                        <field name="pageNumberInt" type="int">
                           <options>
                              <option name="required">false</option>
                           </options>
                        </field>
                        <field name="pageSizeInt" type="int">
                           <options>
                              <option name="required">false</option>
                           </options>
                        </field>
                     </outputDef>
                  </subflow>
                  <flow id="ka42the4">
                     <link id="ka42the5" targetId="ka42the2" type="containerLink"/>
                  </flow>
                  <flow id="ka42the7">
                     <assignment id="ka42thfv">
                        <title>Assignment to error</title>
                        <operation source="formula" to="output.error">
                           <expression language="XQuery">&lt;error&gt;
	&lt;code&gt;400&lt;/code&gt;
    &lt;detail&gt;Input Validation Failed&lt;/detail&gt;
    &lt;reason&gt;Input parameters defined incorrectly&lt;/reason&gt;
&lt;/error&gt;</expression>
                        </operation>
                        <link id="ka42thfw" targetId="ka42thf2"/>
                     </assignment>
                     <end id="ka42thf2">
                        <title>End 1</title>
                        <httpStatus>400</httpStatus>
                     </end>
                  </flow>
                  <link id="ka42the3" targetId="ka42the4" type="containerLink"/>
                  <link id="ka42tia5" targetId="ka42tia4"/>
                  <events>
                     <catch faultField="faultInfo" id="ka42th9r" interrupting="true">
                        <link id="ka42the6" targetId="ka42the7" type="containerLink"/>
                     </catch>
                  </events>
               </eventContainer>
               <assignment id="ka42tia4">
                  <title>Assignment to t_pageNumber, t_pageSize</title>
                  <operation source="field" to="temp.t_pageNumber">output.pageNumberInt</operation>
                  <operation source="field" to="temp.t_pageSize">output.pageSizeInt</operation>
                  <link id="ka42tia6" targetId="k8t0i16a"/>
               </assignment>
               <assignment id="k8t0i16a">
                  <title>Assignment to t_pageNumberFlag, t_pageSizeFlag etc.</title>
                  <operation source="formula" to="temp.t_pageNumberFlag">
                     <expression language="XQuery">if($input.pageNumber!='')
then
(
	if(xs:long($input.pageNumber) lt 1)
    then
    1
    else
    0
)
else
0</expression>
                  </operation>
                  <operation source="formula" to="temp.t_pageSizeFlag">
                     <expression language="XQuery">if($input.pageSize!='')
then
(
	if((xs:long($input.pageSize) ge 100) and (xs:long($input.pageSize) le 500))
    then
    0
    else
    1
)
else
0</expression>
                  </operation>
                  <operation source="formula" to="temp.t_currentIndFlag">
                     <expression language="XQuery">if($input.currentInd = 'C' or $input.currentInd = 'H')
then
0
else
1</expression>
                  </operation>
                  <operation source="formula" to="temp.t_curriculumStatusCode">
                     <expression language="XQuery">if($input.curriculumStatusCode!='')
then
(
if($input.currentInd != '---')
then
0
else
1
)
else
0</expression>
                  </operation>
                  <operation source="formula" to="temp.t_gNumberFlag">
                     <expression language="XQuery">if($input.gNumber!='')
then
(
	if(fn:matches($input.gNumber, '^G\d{8}$'))
    then
    0
    else
    1
)
else
0</expression>
                  </operation>
                  <operation source="formula" to="temp.t_eligibleTermCodeFlag">
                     <expression language="XQuery">if($input.eligibleTermCode!='')
then
(
	if(number($input.eligibleTermCode) and fn:string-length($input.eligibleTermCode) = 6)
    then
    0
    else
    1
)
else
0</expression>
                  </operation>
                  <operation source="formula" to="temp.t_effectiveTermCodeFlag">
                     <expression language="XQuery">if($input.effectiveTermCode!='')
then
(
	if(number($input.effectiveTermCode) and fn:string-length($input.effectiveTermCode) = 6)
    then
    0
    else
    1
)
else
0</expression>
                  </operation>
                  <operation source="formula" to="temp.t_studentLevelCodeFlag">
                     <expression language="XQuery">if($input.studentLevelCode!='')
then
(
if($input.studentLevelCode != '---' and $input.studentLevelCode != '00')
    then
    0
    else
    1
)
else
0</expression>
                  </operation>
                  <operation source="formula" to="temp.t_residencyCodeFlag">
                     <expression language="XQuery">if($input.residencyCode!='')
then
(
if($input.residencyCode != '--')
    then
    0
    else
    1
)
else
0</expression>
                  </operation>
                  <operation source="formula" to="temp.t_studentTypeCodeFlag">
                     <expression language="XQuery">if($input.studentTypeCode!='')
then
(
if($input.studentTypeCode != '--')
    then
    0
    else
    1
)
else
0</expression>
                  </operation>
                  <operation source="formula" to="temp.t_sort">
                     <expression language="XQuery">if($input.sort!='')
then
(    
    for $x in fn:tokenize($input.sort, ',')
    return
    if($x = 'curriculumStatusCode' or $x = '-curriculumStatusCode' or $x = 'eligibleTermCode' or $x = '-eligibleTermCode' or  $x = 'effectiveTermCode' or $x = '-effectiveTermCode' or  $x = 'studentLevelCode' or $x = '-studentLevelCode' or $x = 'gNumber' or $x = '-gNumber' or $x = 'effectiveFromDate' or $x = '-effectiveFromDate')
    then
 (:   list:append($temp.t_sort,'0')     :)
 (:  insert zero if match  :)
      fn:insert-before($temp.t_sort, 0, 0)
    else
  (:  list:append($temp.t_sort,'1')     :)
  (:  insert one if no match  :)
      fn:insert-before($temp.t_sort, 0, 1)
)
else
   (:  list:append($temp.t_sort,'0')    :)
      fn:insert-before($temp.t_sort, 0, 0)
  </expression>
                  </operation>
                  <operation source="formula" to="temp.t_sortFlag">
                     <expression language="XQuery">(:  comment out
if(list:count($temp.t_sort)&lt;=10)
then
(
    if(fn:contains(fn:string-join($temp.t_sort), '1'))
:)    
    if(xs:long(fn:string-join($temp.t_sort)) ge 1)
    then
    1
    else
    0
(:  comment out
)
else
1
:)</expression>
                  </operation>
                  <operation source="formula" to="temp.t_effectiveFromDtAfterFlag">
                     <expression language="XQuery">if($input.effectiveFromDtAfter!='')
then
(
	if(fn:matches($input.effectiveFromDtAfter, '^\d{4}-(0[1-9]|1[0-2])-(0?[1-9]|[12][0-9]|3[01])T(0[0-9]|1[0-9]|2[0-3]):([0-9]|[0-5][0-9]):([0-9]|[0-5][0-9])Z$'))
    then
    0
    else
    1
)
else
0</expression>
                  </operation>
                  <operation source="formula" to="temp.t_effectiveFromDtBeforeFlag">
                     <expression language="XQuery">if($input.effectiveFromDtBefore!='')
then
(
	if(fn:matches($input.effectiveFromDtBefore, '^\d{4}-(0[1-9]|1[0-2])-(0?[1-9]|[12][0-9]|3[01])T(0[0-9]|1[0-9]|2[0-3]):([0-9]|[0-5][0-9]):([0-9]|[0-5][0-9])Z$'))
    then
    0
    else
    1
)
else
0</expression>
                  </operation>
                  <operation source="formula" to="temp.t_eligibleTermCodeAfterFlag">
                     <expression language="XQuery">if($input.eligibleTermCodeAfter!='')
then
(
	if(number($input.eligibleTermCodeAfter) and fn:string-length($input.eligibleTermCodeAfter) = 6)
    then
    0
    else
    1
)
else
0</expression>
                  </operation>
                  <operation source="formula" to="temp.t_eligibleTermCodeBeforeFlag">
                     <expression language="XQuery">if($input.eligibleTermCodeBefore!='')
then
(
	if(number($input.eligibleTermCodeBefore) and fn:string-length($input.eligibleTermCodeBefore) = 6)
    then
    0
    else
    1
)
else
0</expression>
                  </operation>
                  <link id="ka8ul0uj" targetId="ka8ul0ui"/>
               </assignment>
               <assignment id="ka8ul0ui">
                  <title>Assignment to t_termEnterValidationFlag</title>
                  <operation source="formula" to="temp.t_termEnterValidationFlag">
                     <expression language="XQuery">if ($input.eligibleTermCode !='' )  
then      
    if ($input.eligibleTermCodeAfter != '' or $input.eligibleTermCodeBefore !='') 
       then 
       1
       else
       0 
else    
     if ($input.eligibleTermCodeAfter != '' or $input.eligibleTermCodeBefore !='')  
      then
        0    
        else
        1</expression>
                  </operation>
                  <link id="ka8ul0uk" targetId="k8t0i1dv"/>
               </assignment>
               <assignment id="k8t0i1dv">
                  <title>Assignment to t_inputFlag</title>
                  <operation source="formula" to="temp.t_inputFlag">
                     <expression language="XQuery">if(($temp.t_pageNumberFlag = 1) or ($temp.t_pageSizeFlag = 1) or ($temp.t_currentIndFlag = 1) or ($temp.t_curriculumStatusCode = 1) or ($temp.t_gNumberFlag = 1) or ($temp.t_sortFlag = 1)  or ($temp.t_effectiveFromDtAfterFlag = 1) or ($temp.t_effectiveFromDtBeforeFlag = 1) or ($temp.t_eligibleTermCodeFlag = 1) or ($temp.t_effectiveTermCodeFlag = 1) or ($temp.t_studentLevelCodeFlag = 1) or ($temp.t_residencyCodeFlag = 1) or ($temp.t_studentTypeCodeFlag = 1 or ($temp.t_eligibleTermCodeAfterFlag =1 ) or ($temp.t_eligibleTermCodeBeforeFlag =1 or ($temp.t_termEnterValidationFlag =1 ) ))
)
then
1
else
0</expression>
                  </operation>
                  <link id="k8t0i1dx" targetId="k8t0i12v"/>
               </assignment>
               <container id="k8t0i12v" type="exclusive">
                  <title>t_inputFlag</title>
                  <flow id="k8t0i12z">
                     <eventContainer id="ka42thmh">
                        <subflow id="ka42thjn">
                           <title>api-TextToDateTimeTypeConversion</title>
                           <subflowGUID>d4sYBfxMsQqiifCkHNPacK</subflowGUID>
                           <subflowPath>api-TextToDateTimeTypeConversion</subflowPath>
                           <runForEach>false</runForEach>
                           <input>
                              <parameter name="effectiveFromDtAfter" source="field" updatable="true">input.effectiveFromDtAfter</parameter>
                              <parameter name="effectiveFromDtBefore" source="field" updatable="true">input.effectiveFromDtBefore</parameter>
                           </input>
                           <outputDef>
                              <field name="effectiveFromDtAfterDateTime" type="datetime">
                                 <options>
                                    <option name="thirtyMinutesIncrement">true</option>
                                    <option name="required">false</option>
                                 </options>
                              </field>
                              <field name="effectiveFromDtBeforeDateTime" type="datetime">
                                 <options>
                                    <option name="thirtyMinutesIncrement">true</option>
                                    <option name="required">false</option>
                                 </options>
                              </field>
                           </outputDef>
                        </subflow>
                        <flow id="ka42thmj">
                           <link id="ka42thmk" targetId="ka42thmh" type="containerLink"/>
                        </flow>
                        <flow id="ka42thmm">
                           <assignment id="ka42thoj">
                              <title>Assignment to error</title>
                              <operation source="formula" to="output.error">
                                 <expression language="XQuery">&lt;error&gt;
	&lt;code&gt;400&lt;/code&gt;
    &lt;detail&gt;Input Validation Failed&lt;/detail&gt;
    &lt;reason&gt;{$output.faultInfo[1]/reason}&lt;/reason&gt;
&lt;/error&gt;</expression>
                              </operation>
                              <link id="ka42thok" targetId="ka42thnl"/>
                           </assignment>
                           <end id="ka42thnl">
                              <title>End 3</title>
                              <httpStatus>400</httpStatus>
                           </end>
                        </flow>
                        <link id="ka42thmi" targetId="ka42thmj" type="containerLink"/>
                        <link id="ka42thjo" targetId="k9x1p590"/>
                        <events>
                           <catch faultField="faultInfo" id="ka42thmc" interrupting="true">
                              <link id="ka42thml" targetId="ka42thmm" type="containerLink"/>
                           </catch>
                        </events>
                     </eventContainer>
                     <eventContainer id="k8t0i13i">
                        <subflow id="k8t0i13m">
                           <title>api-StudentGPA-Base-v1</title>
                           <subflowGUID>7LnStyb2IEBetI6OoQaXG9</subflowGUID>
                           <subflowPath>api-StudentGPA-Base-v1</subflowPath>
                           <runForEach>false</runForEach>
                           <input>
                              <parameter name="gNumber" source="field" updatable="true">input.gNumber</parameter>
                              <parameter name="currentInd" source="field" updatable="true">input.currentInd</parameter>
                              <parameter name="curriculumStatusCode" source="field" updatable="true">input.curriculumStatusCode</parameter>
                              <parameter name="pageNumber" source="field" updatable="true">temp.t_pageNumber</parameter>
                              <parameter name="pageSize" source="field" updatable="true">temp.t_pageSize</parameter>
                              <parameter name="effectiveFromDtAfter" source="field" updatable="true">temp.t_effectiveFromDtAfter</parameter>
                              <parameter name="effectiveFromDtBefore" source="field" updatable="true">temp.t_effectiveFromDtBefore</parameter>
                              <parameter name="sort" source="field" updatable="true">input.sort</parameter>
                              <parameter name="eligibleTermCode" source="field" updatable="true">input.eligibleTermCode</parameter>
                              <parameter name="effectiveTermCode" source="field" updatable="true">input.effectiveTermCode</parameter>
                              <parameter name="studentLevelCode" source="field" updatable="true">input.studentLevelCode</parameter>
                              <parameter name="residencyCode" source="field" updatable="true">input.residencyCode</parameter>
                              <parameter name="studentTypeCode" source="field" updatable="true">input.studentTypeCode</parameter>
                              <parameter name="eligibleTermCodeAfter" source="field" updatable="true">input.eligibleTermCodeAfter</parameter>
                              <parameter name="eligibleTermCodeBefore" source="field" updatable="true">input.eligibleTermCodeBefore</parameter>
                           </input>
                           <outputDef>
                              <field name="apiResponse" type="reference">
                                 <options>
                                    <option name="referenceTo">$po:STDNGPAStudentGPAV1Response</option>
                                    <option name="required">false</option>
                                    <option name="isCopy">true</option>
                                    <option name="guid">9P7Z2F8SCDEbi9lUE0Vgw5</option>
                                 </options>
                              </field>
                              <field name="error" type="reference">
                                 <options>
                                    <option name="referenceTo">$po:ErrorModel-1</option>
                                    <option name="required">false</option>
                                    <option name="isCopy">true</option>
                                    <option name="guid">45Cm0QkdYHgdgzFBT65SSW</option>
                                 </options>
                              </field>
                           </outputDef>
                        </subflow>
                        <flow id="k8t0i13j">
                           <container id="k9x1p5kp" type="exclusive">
                              <title>error</title>
                              <flow id="k9x1p5ks">
                                 <assignment id="k9x1p5mz">
                                    <title>Assignment to error</title>
                                    <operation source="field" to="output.error">output.error</operation>
                                    <link id="ka42thtu" targetId="ka42thtt"/>
                                 </assignment>
                                 <end id="ka42thtt">
                                    <title>End 5</title>
                                    <httpStatus>404</httpStatus>
                                 </end>
                              </flow>
                              <flow id="k9x1p5kv">
                                 <assignment id="k9x1p5m4">
                                    <title>Assignment to apiResponse</title>
                                    <operation source="field" to="output.apiResponse">output.apiResponse</operation>
                                    <link id="ka5eveev" targetId="ka5eveeu"/>
                                 </assignment>
                                 <end id="ka5eveeu"/>
                              </flow>
                              <link id="k9x1p5kr" targetId="k9x1p5ks" type="containerLink">
                                 <condition source="formula">
                                    <function name="set">
                                       <arg name="field">{$output.error}</arg>
                                    </function>
                                 </condition>
                              </link>
                              <link id="k9x1p5ku" targetId="k9x1p5kv" type="containerLink">
                                 <condition source="formula">
                                    <function name="unset">
                                       <arg name="field">{$output.error}</arg>
                                    </function>
                                 </condition>
                              </link>
                           </container>
                        </flow>
                        <flow id="k8t0i13l">
                           <assignment id="k9x1p5hx">
                              <title>Assignment to error</title>
                              <operation source="formula" to="output.error">
                                 <expression language="XQuery">&lt;error&gt;
	&lt;code&gt;{$output.faultInfo[1]/code} &lt;/code&gt;
    &lt;detail&gt;{$output.faultInfo[1]/detail} &lt;/detail&gt;
    &lt;reason&gt;{$output.faultInfo[1]/reason} &lt;/reason&gt;
&lt;/error&gt;</expression>
                              </operation>
                              <link id="ka42thsw" targetId="ka42thsv"/>
                           </assignment>
                           <end id="ka42thsv">
                              <title>End 4</title>
                              <httpStatus>500</httpStatus>
                           </end>
                        </flow>
                        <link id="k8t0i13n" targetId="k8t0i13j" type="containerLink"/>
                        <events>
                           <catch faultField="faultInfo" id="k8sx4dmx" interrupting="true">
                              <link id="k8t0i13o" targetId="k8t0i13l" type="containerLink"/>
                           </catch>
                        </events>
                     </eventContainer>
                     <assignment id="k9x1p590">
                        <title>Assignment to t_effectiveFromDtAfter, t_effectiveFromDtBefore</title>
                        <operation source="field" to="temp.t_effectiveFromDtBefore">output.effectiveFromDtBeforeDateTime</operation>
                        <operation source="field" to="temp.t_effectiveFromDtAfter">output.effectiveFromDtAfterDateTime</operation>
                        <link id="k9x1p591" targetId="k8t0i13i"/>
                     </assignment>
                  </flow>
                  <flow id="k8t0i132">
                     <assignment id="k8t0i1mp">
                        <title>Assignment to error</title>
                        <operation source="formula" to="output.error">
                           <expression language="XQuery">&lt;error&gt;
	&lt;code&gt;400&lt;/code&gt;
    &lt;detail&gt;Input Validation Failed&lt;/detail&gt;
    &lt;reason&gt;Input parameters defined incorrectly&lt;/reason&gt;
&lt;/error&gt;</expression>
                        </operation>
                        <link id="ka42thlh" targetId="ka42thlg"/>
                     </assignment>
                     <end id="ka42thlg">
                        <title>End 2</title>
                        <httpStatus>400</httpStatus>
                     </end>
                  </flow>
                  <link id="k8t0i12y" targetId="k8t0i12z" type="containerLink">
                     <condition source="formula">
                        <function name="equals">
                           <arg name="left">{$temp.t_inputFlag}</arg>
                           <arg name="right">{0}</arg>
                        </function>
                     </condition>
                  </link>
                  <link id="k8t0i131" targetId="k8t0i132" type="containerLink"/>
               </container>
            </flow>
         </process>
         <ns1:sample-data-sets xmlns:ns1="http://schemas.active-endpoints.com/appmodules/repository/2010/10/sampleData.xsd">
            <ns1:SampleData>
               <ns1:Id>b61a8c93-8b4e-4050-b8d1-f91139e94bff</ns1:Id>
               <ns1:Name>aa</ns1:Name>
               <ns1:CreatedBy>knguyen4@gmu.edu.SAML</ns1:CreatedBy>
               <ns1:CreationDate>2020-05-06T20:14:54Z</ns1:CreationDate>
               <ns1:ModifiedBy>knguyen4@gmu.edu.SAML</ns1:ModifiedBy>
               <ns1:ModifiedDate>2020-05-06T20:14:54Z</ns1:ModifiedDate>
               <ns1:Data format="xml">&lt;root&gt;
&lt;currentInd&gt;C&lt;/currentInd&gt;
&lt;effectiveTermCode&gt;202010&lt;/effectiveTermCode&gt;
&lt;sort&gt;gNumber&lt;/sort&gt;
&lt;/root&gt;</ns1:Data>
            </ns1:SampleData>
            <ns1:SampleData>
               <ns1:Id>80212fe8-3967-4f35-b988-c97714b4e993</ns1:Id>
               <ns1:Name>test_1</ns1:Name>
               <ns1:CreatedBy>knguyen4@gmu.edu.SAML</ns1:CreatedBy>
               <ns1:CreationDate>2020-05-04T15:11:26Z</ns1:CreationDate>
               <ns1:ModifiedBy>knguyen4@gmu.edu.SAML</ns1:ModifiedBy>
               <ns1:ModifiedDate>2020-05-06T19:44:39Z</ns1:ModifiedDate>
               <ns1:Data format="xml">&lt;root&gt;
&lt;currentInd&gt;C&lt;/currentInd&gt;
&lt;effectiveFromDtAfter&gt;2020-02-03T05:00:00Z&lt;/effectiveFromDtAfter&gt;
&lt;pageNumber&gt;1&lt;/pageNumber&gt;
&lt;pageSize&gt;100&lt;/pageSize&gt;
&lt;sort&gt;gNumber&lt;/sort&gt;
&lt;/root&gt;</ns1:Data>
            </ns1:SampleData>
            <ns1:SampleData>
               <ns1:Id>8a5179d3-0613-44b9-8200-22b218980aa2</ns1:Id>
               <ns1:Name>tt</ns1:Name>
               <ns1:CreatedBy>knguyen4@gmu.edu.SAML</ns1:CreatedBy>
               <ns1:CreationDate>2020-05-11T20:42:55Z</ns1:CreationDate>
               <ns1:ModifiedBy>knguyen4@gmu.edu.SAML</ns1:ModifiedBy>
               <ns1:ModifiedDate>2020-05-11T20:42:55Z</ns1:ModifiedDate>
               <ns1:Data format="xml">&lt;root&gt;
&lt;currentInd&gt;C&lt;/currentInd&gt;
&lt;/root&gt;</ns1:Data>
            </ns1:SampleData>
         </ns1:sample-data-sets>
      </types1:Entry>
      <types1:GUID>78oVjmW9Sn8esixUphvv0H</types1:GUID>
      <types1:DisplayName>api-StudentGPA-v1</types1:DisplayName>
   </types1:Item>
   <types1:CurrentServerDateTime>2020-06-23T19:59:49.41Z</types1:CurrentServerDateTime>
</aetgt:getResponse>
