<aetgt:getResponse xmlns:aetgt="http://schemas.active-endpoints.com/appmodules/repository/2010/10/avrepository.xsd"
                   xmlns:types1="http://schemas.active-endpoints.com/appmodules/repository/2010/10/avrepository.xsd">
   <types1:Item>
      <types1:EntryId>23C6LlRkPUEbfV3-gt-3540458-2020-04-23T03:37:44.865Z::pd.xml</types1:EntryId>
      <types1:Name>api-StudentCurr-Base-v1-Part2</types1:Name>
      <types1:MimeType>application/xml+process</types1:MimeType>
      <types1:Description>ml_testing
SR 04/24</types1:Description>
      <types1:AppliesTo/>
      <types1:Tags/>
      <types1:VersionLabel>1.0</types1:VersionLabel>
      <types1:State>CURRENT</types1:State>
      <types1:ProcessGroup/>
      <types1:CreatedBy>mlulis@gmu.edu.dev</types1:CreatedBy>
      <types1:CreationDate>2020-04-23T03:37:45Z</types1:CreationDate>
      <types1:ModifiedBy>mlulis@gmu.edu.dev</types1:ModifiedBy>
      <types1:ModificationDate>2020-04-27T23:38:45Z</types1:ModificationDate>
      <types1:PublicationStatus>published</types1:PublicationStatus>
      <types1:PublishedBy>mlulis@gmu.edu.dev</types1:PublishedBy>
      <types1:PublicationDate>2020-04-27T23:38:50Z</types1:PublicationDate>
      <types1:PublishedContributionId>project:/spi.api-StudentCurr-Base-v1-Part2/api-StudentCurr-Base-v1-Part2.pd.xml</types1:PublishedContributionId>
      <types1:AutosaveExists>false</types1:AutosaveExists>
      <types1:Entry>
         <process xmlns="http://schemas.active-endpoints.com/appmodules/screenflow/2010/10/avosScreenflow.xsd"
                  xmlns:list="urn:activevos:spi:list:functions"
                  displayName="api-StudentCurr-Base-v1-Part2"
                  name="api-StudentCurr-Base-v1-Part2"
                  overrideAPIName="true">
            <appliesTo/>
            <description>ml_testing
SR 04/24</description>
            <tags/>
            <generator>Informatica Process Designer 11</generator>
            <input>
               <parameter description="Current Indicator is 'C'urrent or 'H'istory"
                          name="currentInd"
                          required="true"
                          type="string">
                  <options>
                     <option name="required">false</option>
                  </options>
               </parameter>
               <parameter description="Student GNumber" name="gNumber" type="string">
                  <options>
                     <option name="required">false</option>
                  </options>
               </parameter>
               <parameter description="pageNumber - usage $top" name="pageNumber" type="int">
                  <options>
                     <option name="required">false</option>
                  </options>
               </parameter>
               <parameter description="pageSize - usage $skip" name="pageSize" type="int">
                  <options>
                     <option name="required">false</option>
                  </options>
               </parameter>
               <parameter description="effective From date - date range processing"
                          name="effectiveFromDtAfter"
                          type="datetime">
                  <options>
                     <option name="thirtyMinutesIncrement">true</option>
                     <option name="required">false</option>
                  </options>
               </parameter>
               <parameter description="effective from date - date range processing"
                          name="effectiveFromDtBefore"
                          type="datetime">
                  <options>
                     <option name="thirtyMinutesIncrement">true</option>
                     <option name="required">false</option>
                  </options>
               </parameter>
               <parameter description="eligible term code e.g. &#34;202010&#34;"
                          name="eligibleTermCode"
                          type="string">
                  <options>
                     <option name="required">false</option>
                  </options>
               </parameter>
               <parameter description="" name="sort" type="string">
                  <options>
                     <option name="required">false</option>
                  </options>
               </parameter>
            </input>
            <output>
               <field description="" name="apiResponse" type="reference">
                  <options>
                     <option name="referenceTo">$po:STDNCURRStudentCurriculumV1Response</option>
                     <option name="required">false</option>
                     <option name="isCopy">true</option>
                     <option name="guid">fGi5gViBEGYdlh0NDGmmUT</option>
                  </options>
               </field>
            </output>
            <tempFields>
               <field description="" name="t_url" type="string">
                  <options>
                     <option name="required">false</option>
                  </options>
               </field>
               <field description="Student Context AppConnection URL"
                      name="t_baseUrl"
                      type="string">
                  <options>
                     <option name="required">false</option>
                  </options>
               </field>
               <field description="use for pagingation - pageNumber"
                      name="t_top"
                      type="int">
                  <options>
                     <option name="required">false</option>
                  </options>
               </field>
               <field description="use for pagination - pageSize"
                      name="t_skip"
                      type="int">
                  <options>
                     <option name="required">false</option>
                  </options>
               </field>
               <field description="" name="t_currInd" type="string">
                  <options>
                     <option name="required">false</option>
                  </options>
               </field>
               <field description="" name="t_filter" type="string">
                  <options>
                     <option name="required">false</option>
                  </options>
               </field>
               <field description="" name="t_effectiveFromDtAfter" type="string">
                  <options>
                     <option name="required">false</option>
                  </options>
               </field>
               <field description="" name="t_effectiveFromDtBefore" type="string">
                  <options>
                     <option name="required">false</option>
                  </options>
               </field>
               <field description="" name="t_gNumber" type="string">
                  <options>
                     <option name="required">false</option>
                  </options>
               </field>
               <field description="" name="t_joinFilters" type="string">
                  <options>
                     <option name="required">false</option>
                  </options>
               </field>
               <field description="" name="t_finalFilters" type="string">
                  <options>
                     <option name="required">false</option>
                  </options>
               </field>
               <field description="" name="t_pagingFilters" type="string">
                  <options>
                     <option name="required">false</option>
                  </options>
               </field>
               <field description="" name="t_urlWithCount" type="string">
                  <options>
                     <option name="required">false</option>
                  </options>
               </field>
               <field description="" name="t_selectquery" type="string">
                  <options>
                     <option name="required">false</option>
                  </options>
               </field>
               <field description="" name="t_whereClause" type="string">
                  <options>
                     <option name="required">false</option>
                  </options>
               </field>
               <field description="" name="t_query_gNumber" type="string">
                  <options>
                     <option name="required">false</option>
                  </options>
               </field>
               <field description="" name="t_query_currInd" type="string">
                  <options>
                     <option name="required">false</option>
                  </options>
               </field>
               <field description="" name="t_query_effectiveFromDtBefore" type="string">
                  <options>
                     <option name="required">false</option>
                  </options>
               </field>
               <field description="" name="t_query_joinFilters" type="string">
                  <options>
                     <option name="required">false</option>
                  </options>
               </field>
               <field description="" name="t_query_finalFilters" type="string">
                  <options>
                     <option name="required">false</option>
                  </options>
               </field>
               <field description="" name="t_query_effectiveFromDtAfter" type="string">
                  <options>
                     <option name="required">false</option>
                  </options>
               </field>
               <field description="" name="t_pageNumber" type="int">
                  <options>
                     <option name="required">false</option>
                  </options>
               </field>
               <field description="" name="t_eligible_term_code" type="string">
                  <options>
                     <option name="required">false</option>
                  </options>
               </field>
               <field description="" name="t_query_eligible_term_code" type="string">
                  <options>
                     <option name="required">false</option>
                  </options>
               </field>
               <field description="" name="t_self" type="string">
                  <options>
                     <option name="required">false</option>
                  </options>
               </field>
               <field description="" name="t_first" type="string">
                  <options>
                     <option name="required">false</option>
                  </options>
               </field>
               <field description="" name="t_previous" type="string">
                  <options>
                     <option name="required">false</option>
                  </options>
               </field>
               <field description="" name="t_next" type="string">
                  <options>
                     <option name="required">false</option>
                  </options>
               </field>
               <field description="" name="t_last" type="string">
                  <options>
                     <option name="required">false</option>
                  </options>
               </field>
               <field description="" name="t_links_gNumber" type="string">
                  <options>
                     <option name="required">false</option>
                  </options>
               </field>
               <field description="" name="t_links_currInd" type="string">
                  <options>
                     <option name="required">false</option>
                  </options>
               </field>
               <field description="" name="t_links_eligible_term_code" type="string">
                  <options>
                     <option name="required">false</option>
                  </options>
               </field>
               <field description="" name="t_links_effectiveFromDtAfter" type="string">
                  <options>
                     <option name="required">false</option>
                  </options>
               </field>
               <field description="" name="t_links_effectiveFromDtBefore" type="string">
                  <options>
                     <option name="required">false</option>
                  </options>
               </field>
               <field description="API URL for paging links "
                      name="t_api_url"
                      type="string">
                  <options>
                     <option name="required">false</option>
                  </options>
               </field>
               <field description="" name="t_sort" type="objectlist">
                  <options>
                     <option name="referenceTo">$po:$any</option>
                     <option hide="true" name="multiSelect">true</option>
                     <option name="required">false</option>
                     <option name="isCopy">true</option>
                  </options>
               </field>
               <field description="" name="t_orderby" type="string">
                  <options>
                     <option name="required">false</option>
                  </options>
               </field>
               <field description="" name="t_sortFields" type="string">
                  <options>
                     <option name="required">false</option>
                  </options>
               </field>
               <field description="" name="t_finalSortFields" type="string">
                  <options>
                     <option name="required">false</option>
                  </options>
               </field>
               <field description="" name="t_test1" type="string">
                  <options>
                     <option name="required">false</option>
                  </options>
               </field>
               <field description="" name="t_links_sort" type="string">
                  <options>
                     <option name="required">false</option>
                  </options>
               </field>
               <field description="" name="t_joinsortfields" type="string">
                  <options>
                     <option name="required">false</option>
                  </options>
               </field>
            </tempFields>
            <notes>This is a process to test issues with the api-StudentOdataConn</notes>
            <deployment suspendOnFault="false" tracingLevel="verbose">
               <rest>
                  <allowedGroups>
                     <group>admin team</group>
                  </allowedGroups>
                  <allowedUsers>
                     <user>sramsett@gmu.edu.sandbox</user>
                     <user>edis@gmu.edu.sandbox</user>
                  </allowedUsers>
               </rest>
            </deployment>
            <flow id="a">
               <start id="b">
                  <link id="k9c5essi" targetId="k9c5essh"/>
               </start>
               <assignment id="k9c5essh">
                  <title>Assignment to t_top, t_skip etc.</title>
                  <operation source="formula" to="temp.t_top">
                     <expression language="XQuery">if($input.pageNumber!='' and $input.pageSize!='')
then $input.pageSize
else if((fn:empty($input.pageNumber)) and ($input.pageSize!=''))
then $input.pageSize
else
200</expression>
                  </operation>
                  <operation source="formula" to="temp.t_skip">
                     <expression language="XQuery">if($input.pageNumber!='' and $input.pageSize!='')
then
xs:long(($input.pageNumber - 1) * $input.pageSize)
else if(($input.pageNumber!='') and (fn:empty($input.pageSize)))
then xs:long(($input.pageNumber - 1) * 200)
else
0</expression>
                  </operation>
                  <operation source="formula" to="temp.t_pageNumber">
                     <expression language="XQuery">if($input.pageNumber != '')
then
$input.pageNumber
else
1</expression>
                  </operation>
                  <operation source="constant" to="temp.t_selectquery">select count(*) count_rows from edis_api_layer.STUDENT_CURRICULUM_VW</operation>
                  <operation source="formula" to="temp.t_whereClause">
                     <expression language="XQuery">if($input.gNumber!='' or $input.eligibleTermCode!='' or $input.effectiveFromDtAfter!='' or $input.effectiveFromDtBefore!='' or $input.currentInd!='')
then
" where "
else
''</expression>
                  </operation>
                  <link id="k9c5essj" targetId="k9bvr86q"/>
               </assignment>
               <assignment id="k9bvr86q">
                  <title>Assignment to t_currInd, t_gNumber etc.</title>
                  <operation source="formula" to="temp.t_currInd">
                     <expression language="XQuery">if($input.currentInd!='')
then fn:concat("STDN_CURRENT_IND%20eq%20'",$input.currentInd,"'%20and%20")
else
''</expression>
                  </operation>
                  <operation source="formula" to="temp.t_gNumber">
                     <expression language="XQuery">if($input.gNumber!='')
then fn:concat("STDN_GNUMBER%20eq%20'",$input.gNumber,"'%20and%20")
else
''</expression>
                  </operation>
                  <operation source="formula" to="temp.t_eligible_term_code">
                     <expression language="XQuery">if($input.eligibleTermCode!='')
then fn:concat("STDN_ELIGIBLE_TERM_CODE%20eq%20'",$input.eligibleTermCode,"'%20and%20")
else
''</expression>
                  </operation>
                  <operation source="formula" to="temp.t_baseUrl">
                     <expression language="XQuery">"https://na1.ai.dm-us.informaticacloud.com/active-bpel/odata/v4/api-Student-Conn/STUDENT_CURRICULUM_VW"</expression>
                  </operation>
                  <operation source="formula" to="temp.t_filter">
                     <expression language="XQuery">if($input.gNumber!='' or $input.eligibleTermCode!='' or $input.effectiveFromDtAfter!='' or $input.effectiveFromDtBefore!='' or $input.currentInd!='')
then
"?$filter="
else
"?"</expression>
                  </operation>
                  <operation source="formula" to="temp.t_pagingFilters">
                     <expression language="XQuery">if($input.gNumber!='' or $input.eligibleTermCode!='' or $input.effectiveFromDtAfter!='' or $input.effectiveFromDtBefore!='' or $input.currentInd!='')
then
fn:concat("&amp;amp;$top=",$temp.t_top ,"&amp;amp;$skip=",$temp.t_skip)
else
fn:concat("$top=",$temp.t_top ,"&amp;amp;$skip=",$temp.t_skip)</expression>
                  </operation>
                  <operation source="formula" to="input.effectiveFromDtAfter">
                     <expression language="XQuery">if($input.effectiveFromDtAfter!='')
then fn:concat("STDN_EFFECTIVE_FROM_DATE%20ge%20",$input.effectiveFromDtAfter,"%20and%20")
else
''</expression>
                  </operation>
                  <operation source="formula" to="input.effectiveFromDtBefore">
                     <expression language="XQuery">if($input.effectiveFromDtBefore!='')
then fn:concat("STDN_EFFECTIVE_FROM_DATE%20le%20",$input.effectiveFromDtBefore,"%20and%20")
else
''</expression>
                  </operation>
                  <operation source="constant" to="temp.t_api_url">https://na1.ai.dm-us.informaticacloud.com/active-bpel/rt/api-StudentCurr-Base-v1-Part2?</operation>
                  <operation source="formula" to="temp.t_links_gNumber">
                     <expression language="XQuery">if($input.gNumber!='')
then fn:concat("&amp;amp;gNumber=",$input.gNumber)
else
''</expression>
                  </operation>
                  <operation source="formula" to="temp.t_links_currInd">
                     <expression language="XQuery">if($input.currentInd!='')
then fn:concat("&amp;amp;currentInd=",$input.currentInd)
else
''</expression>
                  </operation>
                  <operation source="formula" to="temp.t_links_eligible_term_code">
                     <expression language="XQuery">if($input.eligibleTermCode!='')
then fn:concat("&amp;amp;eligibleTermCode=",$input.eligibleTermCode)
else
''</expression>
                  </operation>
                  <operation source="formula" to="temp.t_links_effectiveFromDtAfter">
                     <expression language="XQuery">if($input.effectiveFromDtAfter!='')
then fn:concat("&amp;amp;effectiveFromDtAfter=",$input.effectiveFromDtAfter)
else
''</expression>
                  </operation>
                  <operation source="formula" to="temp.t_links_effectiveFromDtBefore">
                     <expression language="XQuery">if($input.effectiveFromDtBefore!='')
then fn:concat("&amp;amp;effectiveFromDtBefore=",$input.effectiveFromDtBefore)
else
''</expression>
                  </operation>
                  <operation source="formula" to="temp.t_effectiveFromDtAfter">
                     <expression language="XQuery">if($input.effectiveFromDtAfter!='')
then fn:concat("STDN_EFFECTIVE_FROM_DATE%20ge%20",$input.effectiveFromDtAfter,"%20and%20")
else
''</expression>
                  </operation>
                  <operation source="formula" to="temp.t_effectiveFromDtBefore">
                     <expression language="XQuery">if($input.effectiveFromDtBefore!='')
then fn:concat("STDN_EFFECTIVE_FROM_DATE%20le%20",$input.effectiveFromDtBefore,"%20and%20")
else
''</expression>
                  </operation>
                  <operation source="formula" to="temp.t_sort">
                     <expression language="XQuery">if($input.sort!='')
then
(
    for $x in fn:tokenize($input.sort, ',')
 	return
   if($x = 'gNumber')
    then list:append($temp.t_sort,"STDN_GNUMBER,")
    else if($x = '-gNumber')
    then list:append($temp.t_sort,"STDN_GNUMBER%20desc,")
    else if($x = 'effectiveFromDate')
    then list:append($temp.t_sort,"STDN_EFFECTIVE_FROM_DATE,")
    else if($x = '-effectiveFromDate')
    then list:append($temp.t_sort,"STDN_EFFECTIVE_FROM_DATE%20desc,")
    else
    list:append($temp.t_sort,"")
)
else
''</expression>
                  </operation>
                  <operation source="formula" to="temp.t_links_sort">
                     <expression language="XQuery">if($input.sort!='')
then fn:concat("&amp;amp;sort=",$input.sort)
else
''</expression>
                  </operation>
                  <operation source="formula" to="temp.t_orderby">
                     <expression language="XQuery">if($input.sort!='')
then
"&amp;amp;$orderby="
else
''</expression>
                  </operation>
                  <link id="k9c7ty26" targetId="k9c7ty25"/>
               </assignment>
               <assignment id="k9c7ty25">
                  <title>Assignment to t_query_gNumber, t_query_currInd etc.</title>
                  <operation source="formula" to="temp.t_query_gNumber">
                     <expression language="XQuery">if($input.gNumber!='')
then fn:concat("STDN_GNUMBER = '",$input.gNumber,"' and ")
else
''</expression>
                  </operation>
                  <operation source="formula" to="temp.t_query_currInd">
                     <expression language="XQuery">if($input.currentInd!='')
then fn:concat("STDN_CURRENT_IND = '",$input.currentInd,"' and ")
else
''</expression>
                  </operation>
                  <operation source="formula" to="temp.t_query_eligible_term_code">
                     <expression language="XQuery">if($temp.t_eligible_term_code!='')
then fn:concat("STDN_ELIGIBLE_TERM_CODE = '",$input.eligibleTermCode ,"' and ")
else
''</expression>
                  </operation>
                  <operation source="formula" to="temp.t_query_effectiveFromDtAfter">
                     <expression language="XQuery">if($input.effectiveFromDtAfter!='')
then fn:concat("to_char(STDN_EFFECTIVE_FROM_DATE,'YYYY-MM-DD HH24:MI:SS') &gt;= '",format-dateTime(xs:dateTime($input.effectiveFromDtAfter), "[Y0001]-[M01]-[D01]"),"' and ")
else
''</expression>
                  </operation>
                  <operation source="formula" to="temp.t_query_effectiveFromDtBefore">
                     <expression language="XQuery">if($input.effectiveFromDtBefore!='')
then fn:concat("to_char(STDN_EFFECTIVE_FROM_DATE,'YYYY-MM-DD HH24:MI:SS') &lt;= '",format-dateTime(xs:dateTime($input.effectiveFromDtBefore), "[Y0001]-[M01]-[D01]"),"' and ")
else
''</expression>
                  </operation>
                  <link id="k9hu8zle" targetId="k9hu8zld"/>
               </assignment>
               <assignment id="k9hu8zld">
                  <title>Assignment to t_join_sort_fields</title>
                  <operation source="formula" to="temp.t_joinsortfields">
                     <expression language="XQuery">if($input.sort!='')
then
fn:replace(fn:string-join($temp.t_sort), ', ', ',')
else
''</expression>
                  </operation>
                  <link id="k9hu8zlf" targetId="k9c5esu4"/>
               </assignment>
               <assignment id="k9c5esu4">
                  <title>Assignment to t_joinFilters, t_query_joinFilters etc.</title>
                  <operation source="formula" to="temp.t_joinFilters">
                     <expression language="XQuery">fn:concat($temp.t_baseUrl,$temp.t_filter,$temp.t_currInd,$temp.t_eligible_term_code,$temp.t_effectiveFromDtAfter,$temp.t_effectiveFromDtBefore,$temp.t_gNumber)</expression>
                  </operation>
                  <operation source="formula" to="temp.t_query_joinFilters">
                     <expression language="XQuery">fn:concat($temp.t_selectquery,$temp.t_whereClause,$temp.t_query_currInd,$temp.t_query_eligible_term_code,$temp.t_query_effectiveFromDtAfter,$temp.t_query_effectiveFromDtBefore,$temp.t_query_gNumber)</expression>
                  </operation>
                  <operation source="formula" to="temp.t_sortFields">
                     <expression language="XQuery">if(fn:ends-with($temp.t_joinsortfields, ','))
then
fn:substring($temp.t_joinsortfields, 1, fn:string-length($temp.t_joinsortfields)-1)
else
$temp.t_joinsortfields 
</expression>
                  </operation>
                  <link id="k9c5esuc" targetId="k9c5esub"/>
               </assignment>
               <assignment id="k9c5esub">
                  <title>Assignment to t_finalFilters, t_query_finalFilters etc.</title>
                  <operation source="formula" to="temp.t_finalFilters">
                     <expression language="XQuery">if(fn:ends-with($temp.t_joinFilters, '%20and%20'))
then
fn:substring($temp.t_joinFilters, 1, fn:string-length($temp.t_joinFilters)-9)
else
$temp.t_joinFilters</expression>
                  </operation>
                  <operation source="formula" to="temp.t_query_finalFilters">
                     <expression language="XQuery">if(fn:ends-with($temp.t_query_joinFilters, ' and '))
then
fn:substring($temp.t_query_joinFilters, 1, fn:string-length($temp.t_query_joinFilters)-5)
else
$temp.t_query_joinFilters</expression>
                  </operation>
                  <operation source="formula" to="temp.t_finalSortFields">
                     <expression language="XQuery">fn:concat($temp.t_orderby, $temp.t_sortFields)</expression>
                  </operation>
                  <link id="k9c7ty5k" targetId="k9c7ty5b"/>
               </assignment>
               <assignment id="k9c7ty5b">
                  <title>Assignment to t_urlWithCount, t_url</title>
                  <operation source="formula" to="temp.t_urlWithCount">
                     <expression language="XQuery">fn:replace($temp.t_finalFilters , "STUDENT_CURRICULUM_VW", "STUDENT_CURRICULUM_VW/\$count")</expression>
                  </operation>
                  <operation source="formula" to="temp.t_url">
                     <expression language="XQuery">fn:concat($temp.t_finalFilters,$temp.t_pagingFilters)</expression>
                  </operation>
                  <link id="k9c7ty5w" targetId="k9c7ty6g"/>
               </assignment>
               <eventContainer id="k9c7ty6g">
                  <service id="k9c7ty5v">
                     <title>GetRecordCount</title>
                     <serviceName>api-RecordCount-Conn:GetRecordCount</serviceName>
                     <serviceGUID>aoMd7TK0wVTdKiMLiZoIUx</serviceGUID>
                     <serviceInput>
                        <parameter name="inSQL" source="field" updatable="true">temp.t_query_finalFilters</parameter>
                     </serviceInput>
                  </service>
                  <flow id="k9c7ty6i">
                     <eventContainer id="k9c7ty6s">
                        <service id="k9c7ty6w">
                           <title>GetData</title>
                           <serviceName>api-Student-OdataConn:GetData_StudentCurr</serviceName>
                           <serviceGUID>23SpjmoeR1BbXjzkxet1wd</serviceGUID>
                           <serviceInput>
                              <parameter name="in_URL" source="formula">
                                 <expression language="XQuery">fn:concat($temp.t_url, $temp.t_finalSortFields)</expression>
                              </parameter>
                           </serviceInput>
                        </service>
                        <flow id="k9c7ty6t">
                           <assignment id="k9cc578t">
                              <title>Assignment to t_self, t_first etc.</title>
                              <operation source="formula" to="temp.t_self">
                                 <expression language="XQuery">fn:concat($temp.t_api_url,"pageNumber=",$temp.t_pageNumber,"&amp;amp;pageSize=",$temp.t_top,$temp.t_links_gNumber,$temp.t_links_eligible_term_code,$temp.t_links_currInd,$temp.t_links_effectiveFromDtAfter,$temp.t_links_effectiveFromDtBefore,$temp.t_links_sort)</expression>
                              </operation>
                              <operation source="formula" to="temp.t_first">
                                 <expression language="XQuery">fn:concat($temp.t_api_url,"pageNumber=1","&amp;amp;pageSize=",$temp.t_top,$temp.t_links_gNumber,$temp.t_links_eligible_term_code,$temp.t_links_currInd,$temp.t_links_effectiveFromDtAfter,$temp.t_links_effectiveFromDtBefore,$temp.t_links_sort)</expression>
                              </operation>
                              <operation source="formula" to="temp.t_previous">
                                 <expression language="XQuery">fn:concat($temp.t_api_url,"pageNumber="
,if($temp.t_pageNumber=1)
then $temp.t_pageNumber
else
fn:ceiling(($temp.t_pageNumber  - 1)),"&amp;amp;pageSize=",$temp.t_top,$temp.t_links_gNumber,$temp.t_links_eligible_term_code,$temp.t_links_currInd,$temp.t_links_effectiveFromDtAfter,$temp.t_links_effectiveFromDtBefore,$temp.t_links_sort)</expression>
                              </operation>
                              <operation source="formula" to="temp.t_next">
                                 <expression language="XQuery">fn:concat($temp.t_api_url,"pageNumber="
,if($temp.t_pageNumber &gt;=fn:ceiling(($output.recordCount  div $temp.t_top)))
then fn:ceiling(($output.recordCount  div $temp.t_top))
else
fn:ceiling(($temp.t_pageNumber  + 1)),"&amp;amp;pageSize=",$temp.t_top,$temp.t_links_gNumber,$temp.t_links_eligible_term_code,$temp.t_links_currInd,$temp.t_links_effectiveFromDtAfter,$temp.t_links_effectiveFromDtBefore,$temp.t_links_sort)</expression>
                              </operation>
                              <operation source="formula" to="temp.t_last">
                                 <expression language="XQuery">fn:concat($temp.t_api_url,"pageNumber="
,fn:ceiling(($output.recordCount  div $temp.t_top)),"&amp;amp;pageSize=",$temp.t_top,$temp.t_links_gNumber,$temp.t_links_eligible_term_code,$temp.t_links_currInd,$temp.t_links_effectiveFromDtAfter,$temp.t_links_effectiveFromDtBefore,$temp.t_links_sort)</expression>
                              </operation>
                              <link id="k9cc578u" targetId="k9c7ty6u"/>
                           </assignment>
                           <assignment id="k9c7ty6u">
                              <title>Assignment to apiResponse</title>
                              <operation source="formula" to="output.apiResponse">
                                 <expression language="XQuery">&lt;STDNCURRStudentCurriculumV1Response&gt;
&lt;metadata&gt;
   &lt;pageNumber&gt;{
if($input.pageNumber != '')
then
$input.pageNumber
else
1
}&lt;/pageNumber&gt;
   &lt;pageSize&gt;{
$temp.t_top 
}&lt;/pageSize&gt;
&lt;pageCount&gt;{
fn:ceiling(($output.recordCount  div $temp.t_top))
}&lt;/pageCount&gt;
&lt;totalCount&gt;{
$output.recordCount
}&lt;/totalCount&gt;
	&lt;Links&gt;
		&lt;self&gt;{$temp.t_self}&lt;/self&gt;
		&lt;first&gt;{$temp.t_first }&lt;/first&gt;
		&lt;previous&gt;{$temp.t_previous }&lt;/previous&gt;
    	&lt;next&gt;{$temp.t_next }&lt;/next&gt;
   	 	&lt;last&gt;{$temp.t_last }&lt;/last&gt;
	&lt;/Links&gt;
&lt;/metadata&gt;
{
for $x in $output.AllRecords 
return
&lt;data&gt;
   &lt;student&gt;
      &lt;pidm&gt;{$x/STDN_PIDM}&lt;/pidm&gt;
      &lt;gNumber&gt;{$x/STDN_GNUMBER}&lt;/gNumber&gt;
      &lt;effective_from_date&gt;{$x/STDN_EFFECTIVE_FROM_DATE}&lt;/effective_from_date&gt;
      &lt;effective_to_date&gt;{$x/STDN_EFFECTIVE_TO_DATE}&lt;/effective_to_date&gt;
      &lt;current_ind&gt;{$x/STDN_CURRENT_IND}&lt;/current_ind&gt;
      &lt;eligible_term_code&gt;{$x/STDN_ELIGIBLE_TERM_CODE}&lt;/eligible_term_code&gt;
      &lt;eligible_term_desc&gt;{$x/STDN_ELIGIBLE_TERM_DESC}&lt;/eligible_term_desc&gt;
      &lt;effective_term_code&gt;{$x/STDN_EFFECTIVE_TERM_CODE}&lt;/effective_term_code&gt;
      &lt;effective_term_desc&gt;{$x/STDN_EFFECTIVE_TERM_DESC}&lt;/effective_term_desc&gt;
      &lt;curriculum_status_code&gt;{$x/STDN_CURRICULUM_STATUS_CODE}&lt;/curriculum_status_code&gt;
      &lt;curriculum_status_desc&gt;{$x/STDN_CURRICULUM_STATUS_DESC}&lt;/curriculum_status_desc&gt;
      &lt;academic_standing_code&gt;{$x/STDN_ACADEMIC_STANDING_CODE}&lt;/academic_standing_code&gt;
      &lt;academic_standing_desc&gt;{$x/STDN_ACADEMIC_STANDING_DESC}&lt;/academic_standing_desc&gt;
      &lt;student_level_code&gt;{$x/STDN_STUDENT_LEVEL_CODE}&lt;/student_level_code&gt;
      &lt;student_level_desc&gt;{$x/STDN_STUDENT_LEVEL_DESC}&lt;/student_level_desc&gt;
      &lt;residency_code&gt;{$x/STDN_RESIDENCY_CODE}&lt;/residency_code&gt;
      &lt;residency_desc&gt;{$x/STDN_RESIDENCY_DESC}&lt;/residency_desc&gt;
      &lt;student_type_code&gt;{$x/STDN_STUDENT_TYPE_CODE}&lt;/student_type_code&gt;
      &lt;student_type_desc&gt;{$x/STDN_STUDENT_TYPE_DESC}&lt;/student_type_desc&gt;
      &lt;anticipated_grad_term_code&gt;{$x/STDN_ANTICIPATED_GRAD_TERM_CODE}&lt;/anticipated_grad_term_code&gt;
      &lt;anticipated_grad_term_desc&gt;{$x/STDN_ANTICIPATED_GRAD_TERM_DESC}&lt;/anticipated_grad_term_desc&gt;
      &lt;budget_degree_level&gt;{$x/STDN_BUDGET_DEGREE_LEVEL}&lt;/budget_degree_level&gt;
      &lt;expected_grad_date&gt;{$x/STDN_EXPECTED_GRAD_DATE}&lt;/expected_grad_date&gt;
      &lt;loa_from_date&gt;{$x/STDN_LOA_FROM_DATE}&lt;/loa_from_date&gt;
      &lt;loa_to_date&gt;{$x/STDN_LOA_TO_DATE}&lt;/loa_to_date&gt;
      &lt;banner_class_code&gt;{$x/STDN_BANNER_CLASS_CODE}&lt;/banner_class_code&gt;
      &lt;banner_class_desc&gt;{$x/STDN_BANNER_CLASS_DESC}&lt;/banner_class_desc&gt;
      &lt;derived_class_code&gt;{$x/STDN_DERIVED_CLASS_CODE}&lt;/derived_class_code&gt;
      &lt;derived_class_desc&gt;{$x/STDN_DERIVED_CLASS_DESC}&lt;/derived_class_desc&gt;
      &lt;time_status_code&gt;{$x/STDN_TIME_STATUS_CODE}&lt;/time_status_code&gt;
      &lt;time_status_desc&gt;{$x/STDN_TIME_STATUS_DESC}&lt;/time_status_desc&gt;
      &lt;load_status_code&gt;{$x/STDN_LOAD_STATUS_CODE}&lt;/load_status_code&gt;
      &lt;load_status_desc&gt;{$x/STDN_LOAD_STATUS_DESC}&lt;/load_status_desc&gt;
      &lt;registered_ind&gt;{$x/STDN_REGISTERED_IND}&lt;/registered_ind&gt;
      &lt;deans_list_ind&gt;{$x/STDN_DEANS_LIST_IND}&lt;/deans_list_ind&gt;
      &lt;obligation_ind&gt;{$x/STDN_OBLIGATION_IND}&lt;/obligation_ind&gt;
      &lt;new_returning_ind&gt;{$x/STDN_NEW_RETURNING_IND}&lt;/new_returning_ind&gt;
      &lt;athlete_ind&gt;{$x/STDN_ATHLETE_IND}&lt;/athlete_ind&gt;
      &lt;total_credit_hours&gt;{$x/STDN_TOTAL_CREDIT_HOURS}&lt;/total_credit_hours&gt;
   &lt;/student&gt;
   &lt;programs&gt;
      &lt;program_type&gt;&lt;/program_type&gt;
      &lt;catalog_term_code&gt;&lt;/catalog_term_code&gt;
      &lt;catalog_term_desc&gt;&lt;/catalog_term_desc&gt;
      &lt;admit_type_code&gt;&lt;/admit_type_code&gt;
      &lt;admit_type_desc&gt;&lt;/admit_type_desc&gt;
      &lt;admit_term_code&gt;&lt;/admit_term_code&gt;
      &lt;admit_term_desc&gt;&lt;/admit_term_desc&gt;
      &lt;campus_code&gt;&lt;/campus_code&gt;
      &lt;campus_desc&gt;&lt;/campus_desc&gt;
      &lt;college_code&gt;&lt;/college_code&gt;
      &lt;college_desc&gt;&lt;/college_desc&gt;
      &lt;dept_code&gt;&lt;/dept_code&gt;
      &lt;dept_desc&gt;&lt;/dept_desc&gt;
      &lt;program_code&gt;&lt;/program_code&gt;
      &lt;program_desc&gt;&lt;/program_desc&gt;
      &lt;degree_code&gt;&lt;/degree_code&gt;
      &lt;degree_desc&gt;&lt;/degree_desc&gt;
      &lt;major_code&gt;&lt;/major_code&gt;
      &lt;major_desc&gt;&lt;/major_desc&gt;
      &lt;minor_code&gt;&lt;/minor_code&gt;
      &lt;minor_desc&gt;&lt;/minor_desc&gt;
      &lt;second_minor_code&gt;&lt;/second_minor_code&gt;
      &lt;second_minor_desc&gt;&lt;/second_minor_desc&gt;
      &lt;concentration_code&gt;&lt;/concentration_code&gt;
      &lt;conc_desc&gt;&lt;/conc_desc&gt;
      &lt;second_concentration_code&gt;&lt;/second_concentration_code&gt;
      &lt;second_concentration_desc&gt;&lt;/second_concentration_desc&gt;
      &lt;third_concentration_code&gt;&lt;/third_concentration_code&gt;
      &lt;third_concentration_desc&gt;&lt;/third_concentration_desc&gt;
      &lt;second_major_college_code&gt;&lt;/second_major_college_code&gt;
      &lt;second_major_college_desc&gt;&lt;/second_major_college_desc&gt;
      &lt;second_major_dept_code&gt;&lt;/second_major_dept_code&gt;
      &lt;second_major_dept_desc&gt;&lt;/second_major_dept_desc&gt;
      &lt;second_major_program_code&gt;&lt;/second_major_program_code&gt;
      &lt;second_major_program_desc&gt;&lt;/second_major_program_desc&gt;
      &lt;second_major_degree_code&gt;&lt;/second_major_degree_code&gt;
      &lt;second_major_degree_desc&gt;&lt;/second_major_degree_desc&gt;
      &lt;second_major_major_code&gt;&lt;/second_major_major_code&gt;
      &lt;second_major_major_desc&gt;&lt;/second_major_major_desc&gt;
      &lt;second_major_concentration_code&gt;&lt;/second_major_concentration_code&gt;
      &lt;second_major_conc_desc&gt;&lt;/second_major_conc_desc&gt;
      &lt;second_major_second_concentration_code&gt;&lt;/second_major_second_concentration_code&gt;
      &lt;second_major_second_concentration_desc&gt;&lt;/second_major_second_concentration_desc&gt;
      &lt;second_major_third_concentration_code&gt;&lt;/second_major_third_concentration_code&gt;
      &lt;second_major_third_concentration_desc&gt;&lt;/second_major_third_concentration_desc&gt;
   &lt;/programs&gt;
&lt;/data&gt;
}
&lt;/STDNCURRStudentCurriculumV1Response&gt;</expression>
                              </operation>
                           </assignment>
                           <link id="k9c7ty6z" targetId="k9c7ty6s" type="containerLink"/>
                        </flow>
                        <flow id="k9c7ty6v">
                           <link id="k9c7ty70" targetId="k9c7ty6s" type="containerLink"/>
                        </flow>
                        <link id="k9c7ty6x" targetId="k9c7ty6t" type="containerLink"/>
                        <events>
                           <catch faultField="faultInfo" id="k9c5esws" interrupting="true">
                              <link id="k9c7ty6y" targetId="k9c7ty6v" type="containerLink"/>
                           </catch>
                        </events>
                     </eventContainer>
                     <link id="k9c7ty6j" targetId="k9c7ty6g" type="containerLink"/>
                  </flow>
                  <flow id="k9c7ty6l">
                     <link id="k9c7ty6m" targetId="k9c7ty6g" type="containerLink"/>
                  </flow>
                  <link id="k9c7ty6h" targetId="k9c7ty6i" type="containerLink"/>
                  <link id="k9c7ty6r" targetId="c"/>
                  <events>
                     <catch faultField="faultInfo" id="k9c7ty61" interrupting="true">
                        <link id="k9c7ty6k" targetId="k9c7ty6l" type="containerLink"/>
                     </catch>
                  </events>
               </eventContainer>
               <end id="c"/>
            </flow>
         </process>
         <ns1:sample-data-sets xmlns:ns1="http://schemas.active-endpoints.com/appmodules/repository/2010/10/sampleData.xsd">
            <ns1:SampleData>
               <ns1:Id>71c50b10-aa24-47b3-8865-8f63d2969904</ns1:Id>
               <ns1:Name>test_case_1</ns1:Name>
               <ns1:CreatedBy>mlulis@gmu.edu.dev</ns1:CreatedBy>
               <ns1:CreationDate>2020-04-23T03:37:45Z</ns1:CreationDate>
               <ns1:ModifiedBy>mlulis@gmu.edu.dev</ns1:ModifiedBy>
               <ns1:ModifiedDate>2020-04-23T03:37:45Z</ns1:ModifiedDate>
               <ns1:Data format="json">{
	 "currentInd": "C"
}</ns1:Data>
            </ns1:SampleData>
            <ns1:SampleData>
               <ns1:Id>d3005ccd-ecfb-4f1b-8686-3e74c229e1d3</ns1:Id>
               <ns1:Name>test_case_2</ns1:Name>
               <ns1:CreatedBy>mlulis@gmu.edu.dev</ns1:CreatedBy>
               <ns1:CreationDate>2020-04-23T04:11:43Z</ns1:CreationDate>
               <ns1:ModifiedBy>mlulis@gmu.edu.dev</ns1:ModifiedBy>
               <ns1:ModifiedDate>2020-04-23T05:08:04Z</ns1:ModifiedDate>
               <ns1:Data format="json">{
	 "currentInd": "C",
	 "pageNumber": "1",
	 "pageSize": "100"
}</ns1:Data>
            </ns1:SampleData>
            <ns1:SampleData>
               <ns1:Id>173fa07d-ec41-408a-a28c-c693cb15718f</ns1:Id>
               <ns1:Name>test_case_4</ns1:Name>
               <ns1:CreatedBy>mlulis@gmu.edu.dev</ns1:CreatedBy>
               <ns1:CreationDate>2020-04-23T05:39:49Z</ns1:CreationDate>
               <ns1:ModifiedBy>mlulis@gmu.edu.dev</ns1:ModifiedBy>
               <ns1:ModifiedDate>2020-04-23T05:40:13Z</ns1:ModifiedDate>
               <ns1:Data format="json">{
	 "currentInd": "C",
	 "eligibleTermCode": "201940"
}</ns1:Data>
            </ns1:SampleData>
         </ns1:sample-data-sets>
      </types1:Entry>
      <types1:GUID>8BTEc2BI4eYbvbK9o8gjQK</types1:GUID>
      <types1:DisplayName>api-StudentCurr-Base-v1-Part2</types1:DisplayName>
   </types1:Item>
   <types1:CurrentServerDateTime>2020-06-23T19:59:49.061Z</types1:CurrentServerDateTime>
</aetgt:getResponse>
