<aetgt:getResponse xmlns:aetgt="http://schemas.active-endpoints.com/appmodules/repository/2010/10/avrepository.xsd"
                   xmlns:types1="http://schemas.active-endpoints.com/appmodules/repository/2010/10/avrepository.xsd">
   <types1:Item>
      <types1:EntryId>Sbdpsaaaa-gt-686327-2020-04-08T16:43:06.271Z::pd.xml</types1:EntryId>
      <types1:Name>HellowWorld</types1:Name>
      <types1:MimeType>application/xml+process</types1:MimeType>
      <types1:Description/>
      <types1:AppliesTo/>
      <types1:Tags/>
      <types1:VersionLabel>1.0</types1:VersionLabel>
      <types1:State>CURRENT</types1:State>
      <types1:ProcessGroup/>
      <types1:CreatedBy>sramsett@gmu.edu</types1:CreatedBy>
      <types1:CreationDate>2020-04-08T16:43:06Z</types1:CreationDate>
      <types1:ModifiedBy>mlulis@gmu.edu.SAML3</types1:ModifiedBy>
      <types1:ModificationDate>2020-04-24T20:01:48Z</types1:ModificationDate>
      <types1:PublicationStatus>published</types1:PublicationStatus>
      <types1:PublishedBy>mlulis@gmu.edu.SAML3</types1:PublishedBy>
      <types1:PublicationDate>2020-04-24T20:01:52Z</types1:PublicationDate>
      <types1:PublishedContributionId>project:/spi.HellowWorld/HellowWorld.pd.xml</types1:PublishedContributionId>
      <types1:AutosaveExists>false</types1:AutosaveExists>
      <types1:Entry>
         <process xmlns="http://schemas.active-endpoints.com/appmodules/screenflow/2010/10/avosScreenflow.xsd"
                  xmlns:list="urn:activevos:spi:list:functions"
                  displayName="HellowWorld"
                  name="HellowWorld"
                  overrideAPIName="false">
            <appliesTo/>
            <description/>
            <tags/>
            <generator>Informatica Process Designer 11</generator>
            <input>
               <parameter description="" name="in" type="string">
                  <options>
                     <option name="required">false</option>
                  </options>
               </parameter>
            </input>
            <output>
               <field description="" name="out" type="string">
                  <options>
                     <option name="required">false</option>
                  </options>
               </field>
            </output>
            <notes/>
            <deployment suspendOnFault="false" tracingLevel="none">
               <rest>
                  <allowedGroups>
                     <group>APIConsumer</group>
                  </allowedGroups>
               </rest>
            </deployment>
            <flow id="a">
               <start id="b">
                  <link id="k8rk7r1x" targetId="k8rk7r1w"/>
               </start>
               <assignment id="k8rk7r1w">
                  <title>Assignment to out</title>
                  <operation source="formula" to="output.out">
                     <expression language="XQuery">concat('Hello ',$input.in,'!' )</expression>
                  </operation>
                  <link id="k8rk7r1y" targetId="c"/>
               </assignment>
               <end id="c"/>
            </flow>
         </process>
      </types1:Entry>
      <types1:GUID>fbpRIFTS3cAcesrcuZbQqC</types1:GUID>
      <types1:DisplayName>HellowWorld</types1:DisplayName>
   </types1:Item>
   <types1:CurrentServerDateTime>2020-06-23T19:59:46.932Z</types1:CurrentServerDateTime>
</aetgt:getResponse>
