<aetgt:getResponse xmlns:aetgt="http://schemas.active-endpoints.com/appmodules/repository/2010/10/avrepository.xsd"
                   xmlns:types1="http://schemas.active-endpoints.com/appmodules/repository/2010/10/avrepository.xsd">
   <types1:Item>
      <types1:EntryId>EDC2XZPnE29Em2k-gt-2109960-2020-04-17T23:51:34.484Z::po.xml</types1:EntryId>
      <types1:Name>STDNGPAStudentGPAV1Response</types1:Name>
      <types1:ParentFlowIds>8dpgbcggaaaaa-gt-15792917-2020-05-14T20:22:33.954Z::pd.xml,8MZgpDqotxGomUh-gt-10161441-2020-04-29T10:26:59.957Z::pd.xml,chIGMhINciZBpDU-gt-4502396-2020-05-01T12:35:12.035Z::pd.xml,GQ9zbgdwUiQLnzY-gt-4389239-2020-04-24T20:17:20.526Z::pd.xml,O6Pw97yV4AdypKw-gt-25270957-2020-05-12T14:56:14.647Z::pd.xml,pzDLdw8jIw8jIw8-gt-9221032-2020-05-04T15:11:26.253Z::pd.xml,ROKx6I1dq2ME9pa-gt-5186512-2020-04-23T22:07:19.704Z::pd.xml,sH7lJjx9AWbg0Zk-gt-15792931-2020-05-14T20:22:34.29Z::pd.xml,tRBjISUXL86zqzm-gt-873296-2020-05-12T14:56:14.311Z::pd.xml,Ws86zqzm5Y6tMFy-gt-6530272-2020-04-09T16:30:59.789Z::pd.xml,XnbdoEFsWTzIf6r-gt-4823246-2020-04-23T11:46:23.801Z::pd.xml</types1:ParentFlowIds>
      <types1:MimeType>application/xml+processobject</types1:MimeType>
      <types1:Description>Reference Common_Process_Objects&amp;gt;Metadata and Object List STDNGPAStudentGPA</types1:Description>
      <types1:AppliesTo/>
      <types1:Tags/>
      <types1:VersionLabel>1.0</types1:VersionLabel>
      <types1:State>CURRENT</types1:State>
      <types1:ProcessGroup/>
      <types1:CreatedBy>knguyen4@gmu.edu.SAML</types1:CreatedBy>
      <types1:CreationDate>2020-04-17T23:51:34Z</types1:CreationDate>
      <types1:ModifiedBy>api-edis@gmu.edu.dev</types1:ModifiedBy>
      <types1:ModificationDate>2020-05-27T18:36:20Z</types1:ModificationDate>
      <types1:PublicationStatus>unpublished</types1:PublicationStatus>
      <types1:AutosaveExists>false</types1:AutosaveExists>
      <types1:Entry>
         <processObject xmlns="http://schemas.active-endpoints.com/appmodules/screenflow/2011/06/avosHostEnvironment.xsd"
                        displayName="STDNGPAStudentGPAV1Response"
                        isByCopy="true"
                        name="STDNGPAStudentGPAV1Response">
            <description>Reference Common_Process_Objects&amp;gt;Metadata and Object List STDNGPAStudentGPA</description>
            <tags/>
            <detail>
               <field label="metadata" name="metadata" type="reference">
                  <options>
                     <option name="referenceTo">$po:Metadata</option>
                     <option name="guid">7mvUL2jsWiEfvddzwz3DUo</option>
                     <option name="relationshipName">Child</option>
                  </options>
               </field>
               <field label="data" name="data" type="objectlist">
                  <options>
                     <option name="referenceTo">$po:STDNGPAStudentGPA</option>
                     <option name="guid">gZEhlw4WFwhgJnnGxYY50U</option>
                     <option name="relationshipName">Child</option>
                  </options>
               </field>
            </detail>
         </processObject>
      </types1:Entry>
      <types1:GUID>9P7Z2F8SCDEbi9lUE0Vgw5</types1:GUID>
      <types1:DisplayName>STDNGPAStudentGPAV1Response</types1:DisplayName>
   </types1:Item>
   <types1:CurrentServerDateTime>2020-06-23T19:59:48.35Z</types1:CurrentServerDateTime>
</aetgt:getResponse>
