<aetgt:getResponse xmlns:aetgt="http://schemas.active-endpoints.com/appmodules/repository/2010/10/avrepository.xsd"
                   xmlns:types1="http://schemas.active-endpoints.com/appmodules/repository/2010/10/avrepository.xsd">
   <types1:Item>
      <types1:EntryId>857V5x8iaaabbeJ-gt-2103882-2020-04-17T23:51:33.953Z::po.xml</types1:EntryId>
      <types1:Name>STDNGPAGPA</types1:Name>
      <types1:MimeType>application/xml+processobject</types1:MimeType>
      <types1:Description>This object was generated from [GPA complex type] located in the [StudentGPA_v1_swagger.xsd] source XML schema.</types1:Description>
      <types1:AppliesTo/>
      <types1:Tags/>
      <types1:VersionLabel>1.0</types1:VersionLabel>
      <types1:State>CURRENT</types1:State>
      <types1:ProcessGroup/>
      <types1:CreatedBy>knguyen4@gmu.edu.SAML</types1:CreatedBy>
      <types1:CreationDate>2020-04-17T23:51:34Z</types1:CreationDate>
      <types1:ModifiedBy>api-edis@gmu.edu.dev</types1:ModifiedBy>
      <types1:ModificationDate>2020-05-27T18:13:12Z</types1:ModificationDate>
      <types1:PublicationStatus>unpublished</types1:PublicationStatus>
      <types1:AutosaveExists>false</types1:AutosaveExists>
      <types1:Entry>
         <processObject xmlns="http://schemas.active-endpoints.com/appmodules/screenflow/2011/06/avosHostEnvironment.xsd"
                        displayName="STDNGPAGPA"
                        isByCopy="true"
                        name="STDNGPAGPA">
            <description>This object was generated from [GPA complex type] located in the [StudentGPA_v1_swagger.xsd] source XML schema.</description>
            <tags/>
            <detail>
               <field label="gpa" name="gpa" type="double"/>
               <field label="attempted_hrs" name="attempted_hrs" type="double"/>
               <field label="transfer_attempted_hrs"
                      name="transfer_attempted_hrs"
                      type="double"/>
               <field label="earned_hrs" name="earned_hrs" type="double"/>
               <field label="inst_earned_hrs" name="inst_earned_hrs" type="double"/>
               <field label="transfer_earned_hrs"
                      name="transfer_earned_hrs"
                      type="double"/>
               <field label="gpa_hrs" name="gpa_hrs" type="double"/>
               <field label="quality_points" name="quality_points" type="double"/>
               <field label="cuml_gpa" name="cuml_gpa" type="double"/>
               <field label="cuml_attempted_hrs" name="cuml_attempted_hrs" type="double"/>
               <field label="cuml_inst_attempted_hrs"
                      name="cuml_inst_attempted_hrs"
                      type="double"/>
               <field label="cuml_earned_hrs" name="cuml_earned_hrs" type="double"/>
               <field label="cuml_inst_earned_hrs"
                      name="cuml_inst_earned_hrs"
                      type="double"/>
               <field label="cuml_transfer_earned_hrs"
                      name="cuml_transfer_earned_hrs"
                      type="double"/>
               <field label="cuml_gpa_hrs" name="cuml_gpa_hrs" type="double"/>
               <field label="cuml_quality_points"
                      name="cuml_quality_points"
                      type="double"/>
               <field label="cuml_transfer_attmpt_hrs"
                      name="cuml_transfer_attmpt_hrs"
                      type="double"/>
            </detail>
         </processObject>
      </types1:Entry>
      <types1:GUID>gmwPJr59tQ8c38aepJtLmK</types1:GUID>
      <types1:DisplayName>STDNGPAGPA</types1:DisplayName>
   </types1:Item>
   <types1:CurrentServerDateTime>2020-06-23T19:59:47.931Z</types1:CurrentServerDateTime>
</aetgt:getResponse>
