<aetgt:getResponse xmlns:aetgt="http://schemas.active-endpoints.com/appmodules/repository/2010/10/avrepository.xsd"
                   xmlns:types1="http://schemas.active-endpoints.com/appmodules/repository/2010/10/avrepository.xsd">
   <types1:Item>
      <types1:EntryId>Owhz5chspiRASmv-gt-2109970-2020-04-17T23:51:34.658Z::po.xml</types1:EntryId>
      <types1:Name>STDNGPAApiStudentGPAV1Response</types1:Name>
      <types1:MimeType>application/xml+processobject</types1:MimeType>
      <types1:Description/>
      <types1:AppliesTo/>
      <types1:Tags/>
      <types1:VersionLabel>1.0</types1:VersionLabel>
      <types1:State>CURRENT</types1:State>
      <types1:ProcessGroup/>
      <types1:CreatedBy>knguyen4@gmu.edu.SAML</types1:CreatedBy>
      <types1:CreationDate>2020-04-17T23:51:35Z</types1:CreationDate>
      <types1:ModifiedBy/>
      <types1:PublicationStatus>unpublished</types1:PublicationStatus>
      <types1:AutosaveExists>false</types1:AutosaveExists>
      <types1:Entry>
         <processObject xmlns="http://schemas.active-endpoints.com/appmodules/screenflow/2011/06/avosHostEnvironment.xsd"
                        xmlns:aetgt="http://schemas.informatica.com/socrates/processobject/factory/2019/07/internal/infaProcessObjectFactory.xsd"
                        xmlns:internal2="http://schemas.informatica.com/socrates/processobject/factory/2019/07/internal/infaProcessObjectFactory.xsd"
                        isByCopy="true"
                        name="STDNGPAApiStudentGPAV1Response">
            <description xmlns:ns2="http://schemas.active-endpoints.com/appmodules/screenflow/2011/07/avosCommon.xsd">This object was generated from [api-StudentGPA-v1Response complex type] located in the [StudentGPA_v1_swagger.xsd] source XML schema.</description>
            <detail>
               <field label="apiResponse" name="apiResponse" type="reference">
                  <options>
                     <option xmlns:ns2="http://schemas.active-endpoints.com/appmodules/screenflow/2011/07/avosCommon.xsd"
                             name="referenceTo">$po:STDNGPAStudentGPAV1Response</option>
                     <option name="guid">9P7Z2F8SCDEbi9lUE0Vgw5</option>
                     <option name="relationshipName">Child</option>
                  </options>
               </field>
               <field label="error" name="error" type="reference">
                  <options>
                     <option xmlns:ns2="http://schemas.active-endpoints.com/appmodules/screenflow/2011/07/avosCommon.xsd"
                             name="referenceTo">$po:STDNGPAErrorModel1</option>
                     <option name="guid">0vQIAVlxP0Dd1xOlJMN9wf</option>
                     <option name="relationshipName">Child</option>
                  </options>
               </field>
            </detail>
         </processObject>
      </types1:Entry>
      <types1:GUID>6CXZQjKFemmiBV3YpEx6EK</types1:GUID>
      <types1:DisplayName>STDNGPAApiStudentGPAV1Response</types1:DisplayName>
   </types1:Item>
   <types1:CurrentServerDateTime>2020-06-23T19:59:48.547Z</types1:CurrentServerDateTime>
</aetgt:getResponse>
