<aetgt:getResponse xmlns:aetgt="http://schemas.active-endpoints.com/appmodules/repository/2010/10/avrepository.xsd"
                   xmlns:types1="http://schemas.active-endpoints.com/appmodules/repository/2010/10/avrepository.xsd">
   <types1:Item>
      <types1:EntryId>vEMMP5gjn9OQcjo-gt-4624899-2020-04-22T20:53:45.353Z::po.xml</types1:EntryId>
      <types1:Name>STDNCURRStudent</types1:Name>
      <types1:MimeType>application/xml+processobject</types1:MimeType>
      <types1:Description>This object was generated from [Student complex type] located in the [StudentCurriculum-v1-swagger.xsd] source XML schema.</types1:Description>
      <types1:AppliesTo/>
      <types1:Tags/>
      <types1:VersionLabel>1.0</types1:VersionLabel>
      <types1:State>CURRENT</types1:State>
      <types1:ProcessGroup/>
      <types1:CreatedBy>mlulis@gmu.edu.dev</types1:CreatedBy>
      <types1:CreationDate>2020-04-22T20:53:45Z</types1:CreationDate>
      <types1:ModifiedBy>api-edis@gmu.edu.dev</types1:ModifiedBy>
      <types1:ModificationDate>2020-05-27T13:46:00Z</types1:ModificationDate>
      <types1:PublicationStatus>unpublished</types1:PublicationStatus>
      <types1:AutosaveExists>false</types1:AutosaveExists>
      <types1:Entry>
         <processObject xmlns="http://schemas.active-endpoints.com/appmodules/screenflow/2011/06/avosHostEnvironment.xsd"
                        displayName="STDNCURRStudent"
                        isByCopy="true"
                        name="STDNCURRStudent">
            <description>This object was generated from [Student complex type] located in the [StudentCurriculum-v1-swagger.xsd] source XML schema.</description>
            <tags/>
            <detail>
               <field label="pidm" name="pidm" type="string"/>
               <field label="gNumber" name="gNumber" type="string"/>
               <field label="effective_from_date" name="effective_from_date" type="date"/>
               <field label="effective_to_date" name="effective_to_date" type="date"/>
               <field label="current_ind" name="current_ind" type="string"/>
               <field label="eligible_term_code" name="eligible_term_code" type="string"/>
               <field label="eligible_term_desc" name="eligible_term_desc" type="string"/>
               <field label="effective_term_code"
                      name="effective_term_code"
                      type="string"/>
               <field label="effective_term_desc"
                      name="effective_term_desc"
                      type="string"/>
               <field label="curriculum_status_code"
                      name="curriculum_status_code"
                      type="string"/>
               <field label="curriculum_status_desc"
                      name="curriculum_status_desc"
                      type="string"/>
               <field label="academic_standing_code"
                      name="academic_standing_code"
                      type="string"/>
               <field label="academic_standing_desc"
                      name="academic_standing_desc"
                      type="string"/>
               <field label="student_level_code" name="student_level_code" type="string"/>
               <field label="student_level_desc" name="student_level_desc" type="string"/>
               <field label="residency_code" name="residency_code" type="string"/>
               <field label="residency_desc" name="residency_desc" type="string"/>
               <field label="student_type_code" name="student_type_code" type="string"/>
               <field label="student_type_desc" name="student_type_desc" type="string"/>
               <field label="anticipated_grad_term_code"
                      name="anticipated_grad_term_code"
                      type="string"/>
               <field label="anticipated_grad_term_desc"
                      name="anticipated_grad_term_desc"
                      type="string"/>
               <field label="budget_degree_level"
                      name="budget_degree_level"
                      type="string"/>
               <field label="expected_grad_date" name="expected_grad_date" type="date"/>
               <field label="loa_from_date" name="loa_from_date" type="date"/>
               <field label="loa_to_date" name="loa_to_date" type="date"/>
               <field label="banner_class_code" name="banner_class_code" type="string"/>
               <field label="banner_class_desc" name="banner_class_desc" type="string"/>
               <field label="derived_class_code" name="derived_class_code" type="string"/>
               <field label="derived_class_desc" name="derived_class_desc" type="string"/>
               <field label="time_status_code" name="time_status_code" type="string"/>
               <field label="time_status_desc" name="time_status_desc" type="string"/>
               <field label="load_status_code" name="load_status_code" type="string"/>
               <field label="load_status_desc" name="load_status_desc" type="string"/>
               <field label="registered_ind" name="registered_ind" type="string"/>
               <field label="deans_list_ind" name="deans_list_ind" type="string"/>
               <field label="obligation_ind" name="obligation_ind" type="string"/>
               <field label="new_returning_ind" name="new_returning_ind" type="string"/>
               <field label="athlete_ind" name="athlete_ind" type="string"/>
               <field label="total_credit_hours" name="total_credit_hours" type="string"/>
            </detail>
         </processObject>
      </types1:Entry>
      <types1:GUID>1G8Fb9QqarlfV1cFYRfnEr</types1:GUID>
      <types1:DisplayName>STDNCURRStudent</types1:DisplayName>
   </types1:Item>
   <types1:CurrentServerDateTime>2020-06-23T19:59:46.86Z</types1:CurrentServerDateTime>
</aetgt:getResponse>
