<aetgt:getResponse xmlns:aetgt="http://schemas.active-endpoints.com/appmodules/repository/2010/10/avrepository.xsd"
                   xmlns:types1="http://schemas.active-endpoints.com/appmodules/repository/2010/10/avrepository.xsd">
   <types1:Item>
      <types1:EntryId>QJRvDINciZBpDUQ-gt-4482981-2020-04-22T20:53:45.682Z::po.xml</types1:EntryId>
      <types1:Name>STDNCURRStudentCurriculumV1Request</types1:Name>
      <types1:MimeType>application/xml+processobject</types1:MimeType>
      <types1:Description/>
      <types1:AppliesTo/>
      <types1:Tags/>
      <types1:VersionLabel>1.0</types1:VersionLabel>
      <types1:State>CURRENT</types1:State>
      <types1:ProcessGroup/>
      <types1:CreatedBy>mlulis@gmu.edu.dev</types1:CreatedBy>
      <types1:CreationDate>2020-04-22T20:53:46Z</types1:CreationDate>
      <types1:ModifiedBy/>
      <types1:PublicationStatus>unpublished</types1:PublicationStatus>
      <types1:AutosaveExists>false</types1:AutosaveExists>
      <types1:Entry>
         <processObject xmlns="http://schemas.active-endpoints.com/appmodules/screenflow/2011/06/avosHostEnvironment.xsd"
                        xmlns:aetgt="http://schemas.informatica.com/socrates/processobject/factory/2019/07/internal/infaProcessObjectFactory.xsd"
                        xmlns:internal2="http://schemas.informatica.com/socrates/processobject/factory/2019/07/internal/infaProcessObjectFactory.xsd"
                        xmlns:ns2="http://schemas.active-endpoints.com/appmodules/screenflow/2011/07/avosCommon.xsd"
                        isByCopy="true"
                        name="STDNCURRStudentCurriculumV1Request">
            <description>This object was generated from [StudentCurriculum_v1Request complex type] located in the [StudentCurriculum-v1-swagger.xsd] source XML schema.</description>
            <detail>
               <field label="pageNumber" name="pageNumber" type="int"/>
               <field label="pageSize" name="pageSize" type="int"/>
               <field label="currentInd" name="currentInd" type="string"/>
               <field label="effectiveFromDtAfter"
                      name="effectiveFromDtAfter"
                      type="datetime"/>
               <field label="effectiveFromDtBefore"
                      name="effectiveFromDtBefore"
                      type="datetime"/>
               <field label="gNumber" name="gNumber" type="string"/>
               <field label="eligibleTermCode" name="eligibleTermCode" type="string"/>
            </detail>
         </processObject>
      </types1:Entry>
      <types1:GUID>6OQ6GJMttMThkKLTKg0Ju8</types1:GUID>
      <types1:DisplayName>STDNCURRStudentCurriculumV1Request</types1:DisplayName>
   </types1:Item>
   <types1:CurrentServerDateTime>2020-06-23T19:59:47.646Z</types1:CurrentServerDateTime>
</aetgt:getResponse>
