<aetgt:getResponse xmlns:aetgt="http://schemas.active-endpoints.com/appmodules/repository/2010/10/avrepository.xsd"
                   xmlns:types1="http://schemas.active-endpoints.com/appmodules/repository/2010/10/avrepository.xsd">
   <types1:Item>
      <types1:EntryId>9jIw8jIw8jIw8jI-gt-1961174-2020-04-22T20:53:44.975Z::po.xml</types1:EntryId>
      <types1:Name>STDNCURRStudentCurriculumV1Response</types1:Name>
      <types1:ParentFlowIds>23C6LlRkPUEbfV3-gt-3540458-2020-04-23T03:37:44.865Z::pd.xml,5PiciT6sFsdsFsd-gt-26639150-2020-05-14T20:22:34.909Z::pd.xml,8RVf4VQT53nQciS-gt-15555443-2020-05-06T18:28:09.696Z::pd.xml,9xGomUhGdwOLIFv-gt-9248836-2020-05-22T04:50:23.971Z::pd.xml,bgdwUiQLnzYLnzY-gt-3593032-2020-04-28T19:01:36.032Z::pd.xml,clHV8F4MTD86Cjq-gt-10706730-2020-04-29T22:34:04.004Z::pd.xml,f3yD7tyGoQwg74R-gt-5471041-2020-04-27T19:01:14.094Z::pd.xml,HUPAZf5kck8jKBm-gt-8827380-2020-05-18T04:43:16.545Z::pd.xml,ImXycotFgpKi9zh-gt-24404886-2020-05-11T17:55:32.549Z::pd.xml,ji4YclFmVSciY3A-gt-286441-2020-05-18T02:22:18.146Z::pd.xml,JT76i3zymbduaa-gt-26770339-2020-05-14T20:22:34.57Z::pd.xml,LiUFpr1Iw8jIw8j-gt-9474702-2020-04-28T18:14:32.601Z::pd.xml,mvVFSJsJGD4ARW8-gt-8572420-2020-04-27T23:40:26.208Z::pd.xml,nbdoEFsWTzIf6ri-gt-10394049-2020-04-29T19:18:42.224Z::pd.xml,pATO9pH8sVYx8R8-gt-8159313-2020-05-02T15:04:41.253Z::pd.xml,QoPVm5Y6tMFygls-gt-11353903-2020-05-27T05:39:34.687Z::pd.xml,Upn1Iw8jIw8jIw8-gt-8017702-2020-04-27T19:31:53.743Z::pd.xml,xsnCmp6oIuQaaab-gt-5471534-2020-04-27T19:02:06.378Z::pd.xml</types1:ParentFlowIds>
      <types1:MimeType>application/xml+processobject</types1:MimeType>
      <types1:Description>This object was generated from [StudentCurriculum_v1Response complex type] located in the [StudentCurriculum-v1-swagger.xsd] source XML schema.</types1:Description>
      <types1:AppliesTo/>
      <types1:Tags/>
      <types1:VersionLabel>1.0</types1:VersionLabel>
      <types1:State>CURRENT</types1:State>
      <types1:ProcessGroup/>
      <types1:CreatedBy>mlulis@gmu.edu.dev</types1:CreatedBy>
      <types1:CreationDate>2020-04-22T20:53:45Z</types1:CreationDate>
      <types1:ModifiedBy>mlulis@gmu.edu.dev</types1:ModifiedBy>
      <types1:ModificationDate>2020-04-22T20:56:16Z</types1:ModificationDate>
      <types1:PublicationStatus>unpublished</types1:PublicationStatus>
      <types1:AutosaveExists>false</types1:AutosaveExists>
      <types1:Entry>
         <processObject xmlns="http://schemas.active-endpoints.com/appmodules/screenflow/2011/06/avosHostEnvironment.xsd"
                        displayName="STDNCURRStudentCurriculumV1Response"
                        isByCopy="true"
                        name="STDNCURRStudentCurriculumV1Response">
            <description>This object was generated from [StudentCurriculum_v1Response complex type] located in the [StudentCurriculum-v1-swagger.xsd] source XML schema.</description>
            <tags/>
            <detail>
               <field label="metadata" name="metadata" type="reference">
                  <options>
                     <option name="referenceTo">$po:Metadata</option>
                     <option name="guid">7mvUL2jsWiEfvddzwz3DUo</option>
                     <option name="relationshipName">Child</option>
                  </options>
               </field>
               <field label="data" name="data" type="objectlist">
                  <options>
                     <option name="referenceTo">$po:STDNCURRStudentCurriculum</option>
                     <option name="guid">3qkeVpeDCs4gWBDIXNqTEt</option>
                     <option name="relationshipName">Child</option>
                  </options>
               </field>
            </detail>
         </processObject>
      </types1:Entry>
      <types1:GUID>fGi5gViBEGYdlh0NDGmmUT</types1:GUID>
      <types1:DisplayName>STDNCURRStudentCurriculumV1Response</types1:DisplayName>
   </types1:Item>
   <types1:CurrentServerDateTime>2020-06-23T19:59:48.364Z</types1:CurrentServerDateTime>
</aetgt:getResponse>
