<aetgt:getResponse xmlns:aetgt="http://schemas.active-endpoints.com/appmodules/repository/2010/10/avrepository.xsd"
                   xmlns:types1="http://schemas.active-endpoints.com/appmodules/repository/2010/10/avrepository.xsd">
   <types1:Item>
      <types1:EntryId>kPtokMJoGsF4Xkg-gt-4493546-2020-04-22T20:53:45.163Z::po.xml</types1:EntryId>
      <types1:Name>STDNCURRCurriculum</types1:Name>
      <types1:MimeType>application/xml+processobject</types1:MimeType>
      <types1:Description>This object was generated from [Curriculum complex type] located in the [StudentCurriculum-v1-swagger.xsd] source XML schema.</types1:Description>
      <types1:AppliesTo/>
      <types1:Tags/>
      <types1:VersionLabel>1.0</types1:VersionLabel>
      <types1:State>CURRENT</types1:State>
      <types1:ProcessGroup/>
      <types1:CreatedBy>mlulis@gmu.edu.dev</types1:CreatedBy>
      <types1:CreationDate>2020-04-22T20:53:45Z</types1:CreationDate>
      <types1:ModifiedBy>sramsett@gmu.edu</types1:ModifiedBy>
      <types1:ModificationDate>2020-05-27T04:27:25Z</types1:ModificationDate>
      <types1:PublicationStatus>unpublished</types1:PublicationStatus>
      <types1:AutosaveExists>false</types1:AutosaveExists>
      <types1:Entry>
         <processObject xmlns="http://schemas.active-endpoints.com/appmodules/screenflow/2011/06/avosHostEnvironment.xsd"
                        displayName="STDNCURRCurriculum"
                        isByCopy="true"
                        name="STDNCURRCurriculum">
            <description>This object was generated from [Curriculum complex type] located in the [StudentCurriculum-v1-swagger.xsd] source XML schema.</description>
            <tags/>
            <detail>
               <field label="program_type" name="program_type" type="string"/>
               <field label="catalog_term_code" name="catalog_term_code" type="string"/>
               <field label="catalog_term_desc" name="catalog_term_desc" type="string"/>
               <field label="admit_type_code" name="admit_type_code" type="string"/>
               <field label="admit_type_desc" name="admit_type_desc" type="string"/>
               <field label="admit_term_code" name="admit_term_code" type="string"/>
               <field label="admit_term_desc" name="admit_term_desc" type="string"/>
               <field label="campus_code" name="campus_code" type="string"/>
               <field label="campus_desc" name="campus_desc" type="string"/>
               <field label="college_code" name="college_code" type="string"/>
               <field label="college_desc" name="college_desc" type="string"/>
               <field label="dept_code" name="dept_code" type="string"/>
               <field label="dept_desc" name="dept_desc" type="string"/>
               <field label="program_code" name="program_code" type="string"/>
               <field label="program_desc" name="program_desc" type="string"/>
               <field label="degree_code" name="degree_code" type="string"/>
               <field label="degree_desc" name="degree_desc" type="string"/>
               <field label="major_code" name="major_code" type="string"/>
               <field label="major_desc" name="major_desc" type="string"/>
               <field label="minor_code" name="minor_code" type="string"/>
               <field label="minor_desc" name="minor_desc" type="string"/>
               <field label="second_minor_code" name="second_minor_code" type="string"/>
               <field label="second_minor_desc" name="second_minor_desc" type="string"/>
               <field label="concentration_code" name="concentration_code" type="string"/>
               <field label="conc_desc" name="concentration_desc" type="string"/>
               <field label="second_concentration_code"
                      name="second_concentration_code"
                      type="string"/>
               <field label="second_concentration_desc"
                      name="second_concentration_desc"
                      type="string"/>
               <field label="third_concentration_code"
                      name="third_concentration_code"
                      type="string"/>
               <field label="third_concentration_desc"
                      name="third_concentration_desc"
                      type="string"/>
               <field label="second_major_college_code"
                      name="second_major_college_code"
                      type="string"/>
               <field label="second_major_college_desc"
                      name="second_major_college_desc"
                      type="string"/>
               <field label="second_major_dept_code"
                      name="second_major_dept_code"
                      type="string"/>
               <field label="second_major_dept_desc"
                      name="second_major_dept_desc"
                      type="string"/>
               <field label="second_major_major_code"
                      name="second_major_major_code"
                      type="string"/>
               <field label="second_major_major_desc"
                      name="second_major_major_desc"
                      type="string"/>
               <field label="second_major_concentration_code"
                      name="second_major_concentration_code"
                      type="string"/>
               <field label="second_major_conc_desc"
                      name="second_major_concentration_desc"
                      type="string"/>
               <field label="second_major_second_concentration_code"
                      name="second_major_second_concentration_code"
                      type="string"/>
               <field label="second_major_second_concentration_desc"
                      name="second_major_second_concentration_desc"
                      type="string"/>
               <field label="second_major_third_concentration_code"
                      name="second_major_third_concentration_code"
                      type="string"/>
               <field label="second_major_third_concentration_desc"
                      name="second_major_third_concentration_desc"
                      type="string"/>
            </detail>
         </processObject>
      </types1:Entry>
      <types1:GUID>61KlzUB0FMjkVlfSD43acD</types1:GUID>
      <types1:DisplayName>STDNCURRCurriculum</types1:DisplayName>
   </types1:Item>
   <types1:CurrentServerDateTime>2020-06-23T19:59:47.349Z</types1:CurrentServerDateTime>
</aetgt:getResponse>
