<aetgt:getResponse xmlns:aetgt="http://schemas.active-endpoints.com/appmodules/repository/2010/10/avrepository.xsd"
                   xmlns:types1="http://schemas.active-endpoints.com/appmodules/repository/2010/10/avrepository.xsd">
   <types1:Item>
      <types1:EntryId>hJdypKwKBqRi92q-gt-2103888-2020-04-17T23:51:34.125Z::po.xml</types1:EntryId>
      <types1:Name>STDNGPAStudentGPA</types1:Name>
      <types1:MimeType>application/xml+processobject</types1:MimeType>
      <types1:Description>This object was generated from [StudentGPA complex type] located in the [StudentGPA_v1_swagger.xsd] source XML schema.</types1:Description>
      <types1:AppliesTo/>
      <types1:Tags/>
      <types1:VersionLabel>1.0</types1:VersionLabel>
      <types1:State>CURRENT</types1:State>
      <types1:ProcessGroup/>
      <types1:CreatedBy>knguyen4@gmu.edu.SAML</types1:CreatedBy>
      <types1:CreationDate>2020-04-17T23:51:34Z</types1:CreationDate>
      <types1:ModifiedBy>api-edis@gmu.edu.dev</types1:ModifiedBy>
      <types1:ModificationDate>2020-05-27T18:35:40Z</types1:ModificationDate>
      <types1:PublicationStatus>unpublished</types1:PublicationStatus>
      <types1:AutosaveExists>false</types1:AutosaveExists>
      <types1:Entry>
         <processObject xmlns="http://schemas.active-endpoints.com/appmodules/screenflow/2011/06/avosHostEnvironment.xsd"
                        displayName="STDNGPAStudentGPA"
                        isByCopy="true"
                        name="STDNGPAStudentGPA">
            <description>This object was generated from [StudentGPA complex type] located in the [StudentGPA_v1_swagger.xsd] source XML schema.</description>
            <tags/>
            <detail>
               <field label="student" name="student" type="reference">
                  <options>
                     <option name="referenceTo">$po:STDNGPAStudent</option>
                     <option name="guid">a4lviQ6Svk2e5KrGuQQos8</option>
                     <option name="relationshipName">Child</option>
                  </options>
               </field>
               <field label="gpa_details" name="gpa_details" type="reference">
                  <options>
                     <option name="referenceTo">$po:STDNGPAGPA</option>
                     <option name="guid">gmwPJr59tQ8c38aepJtLmK</option>
                     <option name="relationshipName">Child</option>
                  </options>
               </field>
               <field label="programs" name="programs" type="objectlist">
                  <options>
                     <option name="referenceTo">$po:STDNGPACurriculum</option>
                     <option name="guid">2CfZsNBb857l44eRXO71qG</option>
                     <option name="relationshipName">Child</option>
                  </options>
               </field>
            </detail>
         </processObject>
      </types1:Entry>
      <types1:GUID>gZEhlw4WFwhgJnnGxYY50U</types1:GUID>
      <types1:DisplayName>STDNGPAStudentGPA</types1:DisplayName>
   </types1:Item>
   <types1:CurrentServerDateTime>2020-06-23T19:59:48.083Z</types1:CurrentServerDateTime>
</aetgt:getResponse>
