objectPath,objectName,objectType,id
/Explore/Sukhman_Project,DynamicMCTCreate,PROCESS,40r9Hyi8SM7kNmYtSlsX8H
/SYS,coupaRestV2Dyn,Connection,jW57yCOy5CldD59w0LTH6X
/Explore/Sukhman_Project,IICS-Rest-API,AI_CONNECTION,8UcL8T8bYxWdlfftHsxQWC
/Explore/Sukhman_Project,MappingTask1,MTT,giD1XsJqEyPjCqMgaf9uaL
/Explore/CDI-Demos/Azure Data lake,Integrate_SQLDB_to_Blob_parquet_param,DTEMPLATE,4xCF7z6GTKTbgegDcomP4P
/SYS,ReliableLoginConn,Connection,24ukUf5Bxkudwu5ywzoyeY
/Explore/Sukhman_Project,workflow_linear1,WORKFLOW,lUiLmIrGCimjsKtvtUhHwj
/SYS,sfcon-infa,Connection,2yVTC071gSvhLoQgTromKf
/Explore/Sukhman_Project,MappingTask2,MTT,04Rr2O5mJsegCeYRffP2wv
/Explore/Sukhman_Project,Rest API,AI_SERVICE_CONNECTOR,4ZLtkLp9TaHcJFz5VAfX0k
/Explore/Sukhman_Project,mct_GetWorkOrderStatus,MTT,0ZcqkfTzaLiftXGeaDJn2V
/Explore/Sukhman_Project,TestSchedule2,DTEMPLATE,9RHzERHY0CTdS48IjZtCOP
/Explore/Sukhman_Project,m_Shaw_demo,DTEMPLATE,1ZgjGUj46EKdzwGJcuv0Kb
/Explore/Sukhman_Project,m_union_test,DTEMPLATE,5scoS7gIfqWkyaRkflQjW5
/Explore/Sukhman_Project,mct_ParamTest_new,MTT,6IQVRQIUCOyeVDVTBDqv0p
/Explore/Krishna_Project/Krishna_Folder,DSS_2,DSS,7rs7THLUbLGe6jtl6nGouI
/Explore/Sukhman_Project/UCSD,schema_REMS,HSCHEMA,1giaqEo8DYOfVklz5EgAGH
/Explore/CDI-Demos,Azure Data lake,Folder,khpvgBCMSkOfZzfYnen9Mz
/Explore/Sukhman_Project,mct_Shaw_demo,MTT,1BoUu0mavE8fq92UVNNVQR
/Explore/Sukhman_Project,bs_Rel_Login,BSERVICE,jDgVIXcJkoDewlBh1zKc6m
/Explore/Sukhman_Project,Orcl_Lookup,DTEMPLATE,kxglaNBKW8rdmFs7YbeEc6
/Explore/Sukhman_Project,mct_ParamTestShellOut,MTT,9bBUgCawfEKeRqBL1n2j2S
/Explore/Sukhman_Project/GreenDot,Orcl_Lookup_connected_override,DTEMPLATE,gRL4s8PNf2Je3ftZkTdHQN
/Explore,Sukhman_Project,Project,5x7WsBpQFqlk1LZL5ejoY5
/Explore/Sukhman_Project,ParamTestShellOut,DTEMPLATE,9DyGMnebeYPbD70yDdjtIr
/Explore,Krishna_Project,Project,617rLou2cfPl6H2rMErnAC
/Explore/Sukhman_Project,Hierarchical Schema7,HSCHEMA,7aPqzD5oioAjWddsjiA4Ge
/Explore/Sukhman_Project,mct_Integrate_SQLDB_to_Blob_parquet_param,MTT,fhogdwZRZy6fCfehVJsCae
/Explore/Sukhman_Project,candidate,PROCESS_OBJECT,6Yxt8Wr8jIIjL1LQWhwyyu
/Explore/Sukhman_Project,m_ucsd_kafka_rest,DTEMPLATE,2Qo4hQoi46piKD6fIwnEOj
/Explore/Sukhman_Project,Mapping56,DTEMPLATE,exyNUEcKAIfcQGgZfz9C6L
/Explore/Sukhman_Project,mct_FileUpload_Dyn,MTT,gpZFtBXJ58GdUGXKJ0jSuk
/Explore/Sukhman_Project,mct_GetWorkOrderStatus_new_SFDC,MTT,7yXfhBeI1Emd8y6f9F4AQM
/Explore/Sukhman_Project,Theravance,Folder,6mMIVXe0OBLeFDYRKmzNA4
/Explore/Sukhman_Project,infa_call_performance,DTEMPLATE,4s1Sy3IeFKvdZ5sS8oa806
/Explore/Sukhman_Project,mct_Coupa_Upload_dyn_new_1,MTT,hpdPHCF6eO2hTwkRTvIusn
/SYS,localOrclXE,Connection,5RREzGaEN0GdxywBqJbHuT
/Explore/Sukhman_Project,mct_java_transform_demo,MTT,4HzuRO8MUuecCdnwn92rAA
/SYS,Oracle_Demo_Som,Connection,0P164zEfhbZfhdhHNZ8TgY
/Explore/Sukhman_Project/Xifin,User,PROCESS_OBJECT,8VZKmnawV4wePqJEgJTvuJ
/Explore/Sukhman_Project,m_src_rel,DTEMPLATE,3PjfwIaIjFXgk3sBnhQNoV
/SYS,PSVW12PRD1,AgentGroup,dkosBpL944ikT6hf0KPwkE
/Explore/Sukhman_Project,bs_rel_Order_Status,BSERVICE,27CqD4aDGDxde6j6WS0ec7
/Explore/Sukhman_Project,Salesforce,AI_CONNECTION,1bT4euf5NeljEifgq9JMoy
/Explore/Sukhman_Project,FileWriter,AI_CONNECTION,dAuuR2XDH48kwDUnyzitO2
/Explore/Sukhman_Project,m_GetWorkOrderStatus_linetem,DTEMPLATE,1RbXBVvZv1DlTTShmHt6IM
/SYS,S3 FFM Bucket playpen,Connection,aJD5ubS6p8SaZNHPGlQf0X
/Explore/CDI-Demos/Azure Data lake,m_read_parquet_s3_write_azureblob,DTEMPLATE,2uUCvvxek3Pee6pUopNp6X
/Explore/Sukhman_Project,OBMLeadCreated,PROCESS,jlNddRDvFK4iHzHpwLc26o
/Explore/Harsha_Project,Mapping2_WS_Load,DTEMPLATE,ao6kFz33khpeKdQH4utJGN
/Explore/Sukhman_Project,sfdc_obm_test,PROCESS,0aru8zwvcAgeQ8UaTnyUIe
/SYS,ReliableGetOrderStatus,Connection,8HKI1QJFY8dcJ0BxikH583
/Explore/Sukhman_Project/GreenDot,mct_ParamTest_final,MTT,a9vo1xLi8bHixnSw9NTeIT
/Explore/Sukhman_Project,m_java_transform_demo,DTEMPLATE,aETjYm0QDQYeSRwKe693wx
/SYS,ff_local_sm,Connection,fptOjhJaPWrd2yv1gd32g9
/Explore/Sukhman_Project,mct_read_s3_writes3,MTT,7Vi6gEaDPtgjx1ctnfC6s1
/Explore/Sukhman_Project,Xifin,Folder,7MBp2bGF3MNdr0HigemFSk
/Explore/Sukhman_Project,m_GetWorkOrderStatus_new_test,DTEMPLATE,07owhYvwn4tk2nDuiqTPER
/Explore/Sukhman_Project,mct_test_new,MTT,9PZTsfINO64e9MxliTMBMT
/Explore/Sukhman_Project,mtsk_infa_call_performance,MTT,4WKkHqq0TSriWq983J1F43
/Explore/Sukhman_Project,UCSD,Folder,19bGcu6LwB9b2CpLZ6mPEn
/SYS,AZ_BLOB_ENT_DATA_LAKE,Connection,5hql7RR53krl1JizavqlAU
/Explore/Sukhman_Project,m_Coupa_FileUpload_Dyn-new,DTEMPLATE,5qPcylHSsDogWqwBW2wXYu
/Explore/Sukhman_Project,E2TProcess,PROCESS,7ZSyV8NmqcNjkDMcqfVZgX
/Explore/Sukhman_Project,CloudTask,PROCESS,56rjnCODEXKh7U6toX1Cs8
/Explore/Sukhman_Project,GreenDot,Folder,0Y0vpn09XIKksTf4zrUTU8
/Explore/Sukhman_Project,mct_Shaw_demo_new_1,MTT,i2fyR5gJkqRc8T93vvs4Ay
/Explore/Sukhman_Project,dss_trial,DSS,1aoD2jExzwulNrf25j5fqF
/Explore/Sukhman_Project,CloudWrapper,PROCESS,7Spq5xc7xIIguEPgEPojk4
/Explore/Sukhman_Project,Mapping1,DTEMPLATE,4CxYZ8y58Spl6UXJaSUawx
/Explore/Sukhman_Project,bs_ucsd_kafka,BSERVICE,3wz3VN3Iouad5AZJ8p4z6Q
/Explore/Sukhman_Project,ICS Rest API Final,AI_SERVICE_CONNECTOR,2DYngwhv6dGl4fNrxoWCCf
/Explore/Sukhman_Project,Orcl_Lookup_connected_override,DTEMPLATE,9sGQMpWp9EDhsqgXaJsMOF
/Explore/Sukhman_Project,TestSchedule,WORKFLOW,9gyjnz1Bo8vjTNSkNfqd8N
/Explore/Sukhman_Project,Infa DI Rest API,AI_SERVICE_CONNECTOR,1cO917jZUkabbbc5MxpaaV
/Explore/Sukhman_Project,m_Workday_flattened,DTEMPLATE,9LkkvjYKgATibGc7SiVdcp
/Explore/Sukhman_Project/GreenDot,mct_ParamTestShellOut_new,MTT,0MNZwhBPK5Dji9qhL6azAx
/Explore/Sukhman_Project,mct_shaw_demo_Sanjay,MTT,3gWpmJ3X040djdJXlmACIG
/Explore/Sukhman_Project,mct_shaw_demo_3,MTT,bYcpTgpVMaEaZmEone7zGB
/Explore/Sukhman_Project,Orcl_Lookup_sql,DTEMPLATE,9QH7jOlk6SugEGQlD3gE4Q
/Explore/Sukhman_Project,ParamTestCopy,DTEMPLATE,2YuwtiozVe4luhXlwq1zGK
/Explore/Sukhman_Project,bs_coupaDyn,BSERVICE,jwWs4hdtuETdFFwV4tTaU5
/Explore/Sukhman_Project,mct_GetwoorkOrder_new_sfdc,MTT,dDxPcVnY5Gfc74CwrNLmoS
/Explore,CDI-Demos,Project,a0WRWMzHmyOg3Rf4uihA6H
/Explore/Sukhman_Project/UCSD,m_ucsd_xml_parser,DTEMPLATE,7uASa1QVHMHjyQyPd7yReE
/Explore/Sukhman_Project,Orcl_Lookup_sql_override,DTEMPLATE,7wWrvrQ59n6dPqMIxf8YIC
/Explore/Krishna_Project/Krishna_Folder,fileReader,PROCESS,jGWHssOnh8TbgVcS16ImMU
/Explore/Sukhman_Project,ServiceConnectors,Folder,924UCN4X25SjIooaePfsOD
/Explore/Sukhman_Project,Test-CreateMSFT,PROCESS,1iiFACLPCgyc9WwBDbQOOz
/Explore/Sukhman_Project,TestSchedule,TASKFLOW,1l7EWxq1Sbif169AsCtpIL
/Explore/Sukhman_Project,mct_GetWorkOrderStatus_new_test,MTT,4hgCDeuKmAMc3go6UXrXM9
/Explore/Sukhman_Project,m_GetWorkOrderStatus_new_sfdc,DTEMPLATE,70nCTgFdkedcJzLtrMvz0Q
/SYS,test-sfdc,Connection,1G2fTKGHB7ZknMZnTWFLEJ
/Explore/Sukhman_Project,mct_Coupa_FileUpload_Dyn-new,MTT,cM8psvb5AOddkV3h73zY8l
/Explore/Krishna_Project/Krishna_Folder,DSS_1,DSS,gngML7ytpoBhEVh1K7DqYJ
/Explore/Sukhman_Project,m_Shaw_demo_new,DTEMPLATE,6Zw9v0tB022hRTZ5w6YbaQ
/Explore/Harsha_Project,mct_WS_Load,MTT,1AKqhBWpBZVhnUs7pj2FwE
/SYS,ff_local,Connection,6M5n4Cs9ozgkBhT5F1cwQw
/Explore,Harsha_Project,Project,8D0jC9OYRXyb81hqTCgAOe
/Explore/Sukhman_Project,TestSchedule1,DSS,5ZlCOI0766hbvd7i1mxpiu
/Explore/Sukhman_Project,LocalFiles,AI_CONNECTION,lozIfwE2miIf6N5ckuDaej
/Explore/Sukhman_Project,Replication Task1,DRS,jjhTGfmU4A8iOsXuehfK6I
/SYS,IntegrationDB,Connection,6BYEdnHLRlUgyuzmxAB9Wy
/Explore/Sukhman_Project,mct_test_file_new,MTT,enGXkFFBGYDd9dxNQCS9YC
/SYS,SNA-CONS2,Connection,6kuYJOQ7tyxkCgEfzywYUK
/Explore/Sukhman_Project,mct_paramTest,MTT,ihPkM2S2UEihf8xogqru8m
/Explore/Sukhman_Project,bs_nutanix,BSERVICE,29CPnz2JsoHchAXNt3CdWc
/Explore/Sukhman_Project,TestSchedule2,MTT,1B97DJOGMtMiPAzPuc8ZS1
/Explore/Sukhman_Project,m_FinancialForce_ES_AttachRate,DTEMPLATE,bZ8mX2lUTijl5x5kH3sSSu
/Explore/Sukhman_Project,m_Workday_Load,DTEMPLATE,41Pyh27USQDbwAqTj89nwp
/Explore/Sukhman_Project,OBMLeadSyncConvert,PROCESS,hT7YahPVOWOjXO73aIIsu0
/Explore/Sukhman_Project,COH_XML_Parser,PROCESS,aEnwgBugTEskMuSveqDfWW
/Explore/Sukhman_Project,m_Coupa_FileUpload_Dyn,DTEMPLATE,9Pf3Pvfr8qEi0goFIq7x8X
/Explore/Sukhman_Project,m_Workday_country,DTEMPLATE,9avxRPOEV4jlmFlf6Ov76F
/Explore/Sukhman_Project/GreenDot,Orcl_Lookup_sql_override,DTEMPLATE,6YIQOPRzT6XlJYtK2rALkU
/Explore/Sukhman_Project,ICS_Taskflows,Folder,6uOy6NBwH1vjayxq6KYbWw
/Explore/Sukhman_Project,mct_workday_country,MTT,4bqGZu8GvcNgnUcPLtHiU0
/SYS,workday_nutanix,Connection,gMUE0dGem0Vk84wwjCLhep
/Explore/Sukhman_Project,m_dynamic_loopup,DTEMPLATE,0FPz5W9fHi3fzxGKd7LuId
/SYS,uscd_kafka_rest,Connection,bFDkFgy2JiPiIgXlKMHaWe
/Explore/Sukhman_Project/ServiceConnectors,CreateAXJournal,AI_CONNECTION,9ZJExhiriCriAXUt8mmdSW
/Explore/Sukhman_Project,FileWriter,PROCESS,8DtdVzILDi4d77DXSj7V4q
/Explore/Krishna_Project,Krishna_Folder,Folder,0wMdYQX3WQjjErcFl6FXU3
/Explore/Sukhman_Project,Jaroslav,Folder,2mOaXiF6fGKcpjt1Pkf0yc
/Explore/Sukhman_Project,m_java_demo,DTEMPLATE,jV5vKlyGjkWdu4CepAiMMb
/Explore/Sukhman_Project,connOracle-new,AI_CONNECTION,7eSiXp60iSAfPpjUWX1CaF
/Explore/Sukhman_Project,ParamTest,DTEMPLATE,4Cz2xHoIq8LfFi5f2BfFOW
/Explore/Sukhman_Project/ServiceConnectors,CreateAXJournal,AI_SERVICE_CONNECTOR,6Iq4W39XGrNkDho36sUJAx