{
  "name" : "job-1531394240705",
  "sourceOrgId" : "6w10pMc8bwmkGpCQs9xkSM",
  "sourceOrgName" : "IICS iPaaS",
  "exportedObjects" : [ {
    "objectGuid" : "0AhfnhE4aTzksnYdr80ASa",
    "objectName" : "Process1",
    "objectType" : "PROCESS",
    "path" : "/Explore/TestSDLC/TestFolder",
    "metadata" : {
      "modelVersion" : {
        "major" : 1,
        "minor" : 0
      },
      "repoInfo" : {
        "repoHandle" : "vHWOMzeHbcjqbdp-gt-48122-2018-06-14T04:29:52.354Z::pd.xml"
      },
      "objectRefs" : [ ],
      "contextAttributes" : null,
      "additionalInfo" : {
        "description" : "",
        "contentType" : "application/json; charset=utf-8",
        "documentState" : "VALID"
      },
      "objectExistence" : "WITH_DEPENDENCIES"
    }
  }, {
    "objectGuid" : "6ulEZAkgqC4eklDj5IFlkX",
    "objectName" : "Connection1",
    "objectType" : "AI_CONNECTION",
    "path" : "/Explore/TestSDLC/TestFolder",
    "metadata" : {
      "modelVersion" : {
        "major" : 1,
        "minor" : 0
      },
      "repoInfo" : {
        "repoHandle" : "V7Z06NYcmYsGuDo-gt-15960-2018-06-14T04:29:19.761Z::conn.xml"
      },
      "objectRefs" : [ ],
      "contextAttributes" : null,
      "additionalInfo" : {
        "description" : "",
        "contentType" : "application/json; charset=utf-8",
        "documentState" : "INVALID"
      },
      "objectExistence" : "WITH_DEPENDENCIES"
    }
  }, {
    "objectGuid" : "9Pli5oYsS6hk3qE1VycOMO",
    "objectName" : "TestFolder",
    "objectType" : "Folder",
    "path" : "/Explore/TestSDLC",
    "metadata" : {
      "modelVersion" : {
        "major" : 0,
        "minor" : 0
      },
      "repoInfo" : null,
      "objectRefs" : [ ],
      "contextAttributes" : [ ],
      "additionalInfo" : {
        "description" : "",
        "contentType" : "Binary",
        "documentState" : "COMPLETE"
      },
      "objectExistence" : "WITHOUT_DEPENDENCIES"
    }
  }, {
    "objectGuid" : "0WsyPkoGU7JhuMsq0x8UMf",
    "objectName" : "ProcessObject1",
    "objectType" : "PROCESS_OBJECT",
    "path" : "/Explore/TestSDLC/TestFolder",
    "metadata" : {
      "modelVersion" : {
        "major" : 1,
        "minor" : 0
      },
      "repoInfo" : {
        "repoHandle" : "txGomUhGdwOLIFv-gt-230035-2018-06-14T04:29:34.322Z::po.xml"
      },
      "objectRefs" : [ ],
      "contextAttributes" : null,
      "additionalInfo" : {
        "description" : "",
        "contentType" : "application/json; charset=utf-8",
        "documentState" : "VALID"
      },
      "objectExistence" : "WITH_DEPENDENCIES"
    }
  }, {
    "objectGuid" : "6LwNDeldZoldgwxPnYOo2u",
    "objectName" : "ServiceConnector1",
    "objectType" : "AI_SERVICE_CONNECTOR",
    "path" : "/Explore/TestSDLC",
    "metadata" : {
      "modelVersion" : {
        "major" : 1,
        "minor" : 0
      },
      "repoInfo" : {
        "repoHandle" : "Icn6Hbf13ErhNzU-gt-400599-2018-06-14T04:28:55.557Z::svc.xml"
      },
      "objectRefs" : [ ],
      "contextAttributes" : null,
      "additionalInfo" : {
        "description" : "",
        "contentType" : "application/json; charset=utf-8",
        "documentState" : "INVALID"
      },
      "objectExistence" : "WITH_DEPENDENCIES"
    }
  }, {
    "objectGuid" : "feAJtiOC7E1laKUwVp0Uom",
    "objectName" : "TestSDLC",
    "objectType" : "Project",
    "path" : "/Explore",
    "metadata" : {
      "modelVersion" : {
        "major" : 0,
        "minor" : 0
      },
      "repoInfo" : null,
      "objectRefs" : [ ],
      "contextAttributes" : [ ],
      "additionalInfo" : {
        "description" : "",
        "contentType" : "Binary",
        "documentState" : "COMPLETE"
      },
      "objectExistence" : "WITHOUT_DEPENDENCIES"
    }
  } ]
}