<aetgt:getResponse xmlns:aetgt="http://schemas.active-endpoints.com/appmodules/repository/2010/10/avrepository.xsd"
                   xmlns:types1="http://schemas.active-endpoints.com/appmodules/repository/2010/10/avrepository.xsd">
   <types1:Item>
      <types1:EntryId>i2Fjuz3PI2HBxZm-gt-538173-2019-05-13T09:56:31.136Z::tf.xml</types1:EntryId>
      <types1:Name>Gather_Insights-1</types1:Name>
      <types1:MimeType>application/xml+taskflow</types1:MimeType>
      <types1:Description/>
      <types1:AppliesTo/>
      <types1:Tags/>
      <types1:VersionLabel>1.0</types1:VersionLabel>
      <types1:State>CURRENT</types1:State>
      <types1:ProcessGroup/>
      <types1:CreatedBy>sorabh@na1.dm-us.org</types1:CreatedBy>
      <types1:CreationDate>2019-05-13T09:56:31Z</types1:CreationDate>
      <types1:ModifiedBy/>
      <types1:PublicationStatus>published</types1:PublicationStatus>
      <types1:PublishedBy>svcconsumer</types1:PublishedBy>
      <types1:PublicationDate>2019-06-30T00:42:45Z</types1:PublicationDate>
      <types1:PublishedContributionId>project:/tf.Gather_Insights-1/Gather_Insights-1.tf.xml</types1:PublishedContributionId>
      <types1:AutosaveExists>false</types1:AutosaveExists>
      <types1:Entry>
         <taskflow xmlns="http://schemas.active-endpoints.com/appmodules/screenflow/2010/10/avosScreenflow.xsd"
                   xmlns:list="urn:activevos:spi:list:functions"
                   displayName="Gather Insights"
                   name="Gather_Insights-1">
            <appliesTo/>
            <description/>
            <tags/>
            <generator>Informatica Process Designer 11</generator>
            <tempFields>
               <field description="" name="FaultCode" type="string">
                  <options>
                     <option name="required">false</option>
                  </options>
               </field>
               <field description="" name="FaultReason" type="string">
                  <options>
                     <option name="required">false</option>
                  </options>
               </field>
               <field description="" name="Top Customers" type="reference">
                  <options>
                     <option name="referenceTo">$po:MCT-TopCustomers</option>
                  </options>
               </field>
               <field description="" name="Top StockCode" type="reference">
                  <options>
                     <option name="referenceTo">$po:MCT-TopStockCode</option>
                  </options>
               </field>
               <field description="" name="Top Invoice" type="reference">
                  <options>
                     <option name="referenceTo">$po:MCT-TopInvoice</option>
                  </options>
               </field>
            </tempFields>
            <notes/>
            <deployment suspendOnFault="false" tracingLevel="verbose">
               <rest/>
            </deployment>
            <flow id="a">
               <start id="b">
                  <link id="jsaf98yl" targetId="jsaf98y5"/>
               </start>
               <container id="jsaf98y5" type="parallel">
                  <title>Insights</title>
                  <flow id="jsaf98y6">
                     <eventContainer id="jsaf98y7">
                        <service id="jsaf98y8">
                           <title>Top Customers</title>
                           <serviceName>ICSExecuteDataTask</serviceName>
                           <serviceGUID/>
                           <serviceInput>
                              <parameter name="Wait for Task to Complete" source="constant" updatable="true">true</parameter>
                              <parameter name="Max Wait" source="constant" updatable="true">86400</parameter>
                              <parameter name="Task Name" source="constant" updatable="true">MCT_TopCustomers</parameter>
                              <parameter name="GUID" source="constant" updatable="true">79jBkrjeZhIe2DUISsJkwD</parameter>
                              <parameter name="Task Type" source="constant" updatable="true">MCT</parameter>
                              <parameter name="Has Inout Parameters" source="constant" updatable="true">false</parameter>
                              <parameter name="taskField" source="nested">
                                 <operation source="field" to="MCT-TopCustomers">temp.Top Customers</operation>
                              </parameter>
                           </serviceInput>
                           <serviceOutput>
                              <operation source="field" to="temp.Top Customers/output">Success Source Rows</operation>
                              <operation source="field" to="temp.Top Customers/output/Object_Name">Object Name</operation>
                              <operation source="field" to="temp.Top Customers/output/Run_Id">Run Id</operation>
                              <operation source="field" to="temp.Top Customers/output/Log_Id">Log Id</operation>
                              <operation source="field" to="temp.Top Customers/output/Task_Status">Task Status</operation>
                              <operation source="field" to="temp.Top Customers/output/Success_Source_Rows">Success Source Rows</operation>
                              <operation source="field" to="temp.Top Customers/output/Failed_Source_Rows">Failed Source Rows</operation>
                              <operation source="field" to="temp.Top Customers/output/Success_Target_Rows">Success Target Rows</operation>
                              <operation source="field" to="temp.Top Customers/output/Failed_Target_Rows">Failed Target Rows</operation>
                              <operation source="field" to="temp.Top Customers/output/Start_Time">Start Time</operation>
                              <operation source="field" to="temp.Top Customers/output/End_Time">End Time</operation>
                              <operation source="field" to="temp.Top Customers/output/Error_Message">Error Message</operation>
                           </serviceOutput>
                        </service>
                        <events>
                           <catch faultField="temp.Top Customers/fault"
                                  id="j9ttlqgn"
                                  interrupting="true"
                                  name="error">
                              <suspend/>
                           </catch>
                           <catch faultField="temp.Top Customers/fault"
                                  id="j9ttlqgo"
                                  interrupting="true"
                                  name="warning"/>
                        </events>
                     </eventContainer>
                     <link id="jsaf98yi" targetId="jsaf98y5" type="containerLink"/>
                  </flow>
                  <flow id="jsaf98y9">
                     <eventContainer id="jsaf98ya">
                        <service id="jsaf98yb">
                           <title>Top StockCode</title>
                           <serviceName>ICSExecuteDataTask</serviceName>
                           <serviceGUID/>
                           <serviceInput>
                              <parameter name="Wait for Task to Complete" source="constant" updatable="true">true</parameter>
                              <parameter name="Max Wait" source="constant" updatable="true">86400</parameter>
                              <parameter name="Task Name" source="constant" updatable="true">MCT_TopStockCode</parameter>
                              <parameter name="GUID" source="constant" updatable="true">2h2oNtDY4whhIYXg7SGEie</parameter>
                              <parameter name="Task Type" source="constant" updatable="true">MCT</parameter>
                              <parameter name="Has Inout Parameters" source="constant" updatable="true">false</parameter>
                              <parameter name="taskField" source="nested">
                                 <operation source="field" to="MCT-TopStockCode">temp.Top StockCode</operation>
                              </parameter>
                           </serviceInput>
                           <serviceOutput>
                              <operation source="field" to="temp.Top StockCode/output">Success Source Rows</operation>
                              <operation source="field" to="temp.Top StockCode/output/Object_Name">Object Name</operation>
                              <operation source="field" to="temp.Top StockCode/output/Run_Id">Run Id</operation>
                              <operation source="field" to="temp.Top StockCode/output/Log_Id">Log Id</operation>
                              <operation source="field" to="temp.Top StockCode/output/Task_Status">Task Status</operation>
                              <operation source="field" to="temp.Top StockCode/output/Success_Source_Rows">Success Source Rows</operation>
                              <operation source="field" to="temp.Top StockCode/output/Failed_Source_Rows">Failed Source Rows</operation>
                              <operation source="field" to="temp.Top StockCode/output/Success_Target_Rows">Success Target Rows</operation>
                              <operation source="field" to="temp.Top StockCode/output/Failed_Target_Rows">Failed Target Rows</operation>
                              <operation source="field" to="temp.Top StockCode/output/Start_Time">Start Time</operation>
                              <operation source="field" to="temp.Top StockCode/output/End_Time">End Time</operation>
                              <operation source="field" to="temp.Top StockCode/output/Error_Message">Error Message</operation>
                           </serviceOutput>
                        </service>
                        <events>
                           <catch faultField="temp.Top StockCode/fault"
                                  id="j9ttlqgx"
                                  interrupting="true"
                                  name="error">
                              <suspend/>
                           </catch>
                           <catch faultField="temp.Top StockCode/fault"
                                  id="j9ttlqgy"
                                  interrupting="true"
                                  name="warning"/>
                        </events>
                     </eventContainer>
                     <link id="jsaf98yj" targetId="jsaf98y5" type="containerLink"/>
                  </flow>
                  <flow id="jsaf98yc">
                     <eventContainer id="jsaf98yd">
                        <service id="jsaf98ye">
                           <title>Top Invoice</title>
                           <serviceName>ICSExecuteDataTask</serviceName>
                           <serviceGUID/>
                           <serviceInput>
                              <parameter name="Wait for Task to Complete" source="constant" updatable="true">true</parameter>
                              <parameter name="Max Wait" source="constant" updatable="true">86400</parameter>
                              <parameter name="Task Name" source="constant" updatable="true">MCT_TopInvoice</parameter>
                              <parameter name="GUID" source="constant" updatable="true">4XKeUi7wTcdjiIpWUeH3Ks</parameter>
                              <parameter name="Task Type" source="constant" updatable="true">MCT</parameter>
                              <parameter name="Has Inout Parameters" source="constant" updatable="true">false</parameter>
                              <parameter name="taskField" source="nested">
                                 <operation source="field" to="MCT-TopInvoice">temp.Top Invoice</operation>
                              </parameter>
                           </serviceInput>
                           <serviceOutput>
                              <operation source="field" to="temp.Top Invoice/output">Success Source Rows</operation>
                              <operation source="field" to="temp.Top Invoice/output/Object_Name">Object Name</operation>
                              <operation source="field" to="temp.Top Invoice/output/Run_Id">Run Id</operation>
                              <operation source="field" to="temp.Top Invoice/output/Log_Id">Log Id</operation>
                              <operation source="field" to="temp.Top Invoice/output/Task_Status">Task Status</operation>
                              <operation source="field" to="temp.Top Invoice/output/Success_Source_Rows">Success Source Rows</operation>
                              <operation source="field" to="temp.Top Invoice/output/Failed_Source_Rows">Failed Source Rows</operation>
                              <operation source="field" to="temp.Top Invoice/output/Success_Target_Rows">Success Target Rows</operation>
                              <operation source="field" to="temp.Top Invoice/output/Failed_Target_Rows">Failed Target Rows</operation>
                              <operation source="field" to="temp.Top Invoice/output/Start_Time">Start Time</operation>
                              <operation source="field" to="temp.Top Invoice/output/End_Time">End Time</operation>
                              <operation source="field" to="temp.Top Invoice/output/Error_Message">Error Message</operation>
                           </serviceOutput>
                        </service>
                        <events>
                           <catch faultField="temp.Top Invoice/fault"
                                  id="j9ttlqh9"
                                  interrupting="true"
                                  name="error">
                              <suspend/>
                           </catch>
                           <catch faultField="temp.Top Invoice/fault"
                                  id="j9ttlqha"
                                  interrupting="true"
                                  name="warning"/>
                        </events>
                     </eventContainer>
                     <link id="jsaf98yk" targetId="jsaf98y5" type="containerLink"/>
                  </flow>
                  <link id="jsaf98yf" targetId="jsaf98y6" type="containerLink"/>
                  <link id="jsaf98yg" targetId="jsaf98y9" type="containerLink"/>
                  <link id="jsaf98zj" targetId="jsaf98zi"/>
                  <link id="jsaf98yh" targetId="jsaf98yc" type="containerLink"/>
               </container>
               <end id="jsaf98zi">
                  <title>End</title>
               </end>
            </flow>
            <dependencies>
               <processObject xmlns="http://schemas.active-endpoints.com/appmodules/screenflow/2011/06/avosHostEnvironment.xsd"
                              displayName="MCT-TopCustomers"
                              isByCopy="true"
                              name="MCT-TopCustomers">
                  <description/>
                  <tags/>
                  <detail>
                     <field label="Output Parameters" name="output" type="reference"/>
                     <field label="Fault" name="fault" type="reference"/>
                  </detail>
               </processObject>
               <processObject xmlns="http://schemas.active-endpoints.com/appmodules/screenflow/2011/06/avosHostEnvironment.xsd"
                              displayName="MCT-TopStockCode"
                              isByCopy="true"
                              name="MCT-TopStockCode">
                  <description/>
                  <tags/>
                  <detail>
                     <field label="Output Parameters" name="output" type="reference"/>
                     <field label="Fault" name="fault" type="reference"/>
                  </detail>
               </processObject>
               <processObject xmlns="http://schemas.active-endpoints.com/appmodules/screenflow/2011/06/avosHostEnvironment.xsd"
                              displayName="MCT-TopInvoice"
                              isByCopy="true"
                              name="MCT-TopInvoice">
                  <description/>
                  <tags/>
                  <detail>
                     <field label="Output Parameters" name="output" type="reference"/>
                     <field label="Fault" name="fault" type="reference"/>
                  </detail>
               </processObject>
            </dependencies>
         </taskflow>
      </types1:Entry>
      <types1:GUID>hnA2Um4YBEFgW0NTML89m9</types1:GUID>
      <types1:DisplayName>Gather Insights</types1:DisplayName>
   </types1:Item>
   <types1:CurrentServerDateTime>2019-10-24T11:07:05.858Z</types1:CurrentServerDateTime>
</aetgt:getResponse>
