{"EntryId":{"$t":"nTxqPVEQrXhNUdy-gt-643696-2018-09-13T18:51:27.217Z::svc.xml"},"Name":{"$t":"FedEx_Tracking_API"},"MimeType":{"$t":"application\/xml+businesssconnector"},"Description":{"$t":"The Service Connector that enables Package Tracking. Credentials are provided in the Connection."},"AppliesTo":{},"Tags":{},"VersionLabel":{"$t":"1.0"},"State":{"$t":"CURRENT"},"ProcessGroup":{},"CreatedBy":{"$t":"gstasko@svccon.com"},"CreationDate":{"$t":"2018-09-13T18:51:27Z"},"ModifiedBy":{},"PublicationStatus":{"$t":"unpublished"},"AutosaveExists":{"$t":"false"},"Entry":{"businessConnector":{"agentOnly":"false","debug":"false","displayName":"FedEx Tracking API","label":"","name":"FedEx_Tracking_API","uuid":"0190bb03-22a8-44bf-a0a0-26b2b744719f","xmlns":"http:\/\/schemas.informatica.com\/socrates\/data-services\/2014\/05\/business-connector-model.xsd","xmlns$aetgt":"http:\/\/schemas.active-endpoints.com\/appmodules\/repository\/2010\/10\/avrepository.xsd","description":{"$t":"The Service Connector that enables Package Tracking. Credentials are provided in the Connection.\n\n"},"tags":{},"connectionAttributes":{"xmlns":"http:\/\/schemas.informatica.com\/appmodules\/screenflow\/2014\/04\/avosConnectors.xsd","connectionAttribute":[{"description":"","masked":"false","name":"AccountNumber","required":"true","testWith":"510087941","type":"string"},{"description":"","masked":"false","name":"MeterNumber","required":"true","testWith":"118639359","type":"string"},{"description":"","masked":"false","name":"Key","required":"true","testWith":"RGmQsFPdzZUcFys7","type":"string"},{"description":"","masked":"false","name":"Password","required":"true","testWith":"pT7JKXQVW45NeZgpqkDIndijX","type":"string"}]},"actions":{"action":{"category":"","failOnError":"true","forSearch":"false","label":"Get FedEx package status","maxRedirects":"100","name":"Get FedEx package status","preemptiveAuth":"true","responseEncoding":"","description":{},"input":{"parameter":{"label":"Tracking Number","name":"TrackingNumber","required":"false","testWith":"782248807624","type":"string"}},"binding":{"restSimpleBinding":{"multiUsing":"semicolonSeparated","url":"https:\/\/wsbeta.fedex.com:443\/web-services\/track","verb":"POST","httpHeaders":{"header":[{"name":"Content-Type","$t":"text\/html"},{"name":"SOAPAction"}]},"body":{"$t":"<soapenv:Envelope xmlns:soapenv=\"http:\/\/schemas.xmlsoap.org\/soap\/envelope\/\" xmlns:v14=\"http:\/\/fedex.com\/ws\/track\/v14\">\n   <soapenv:Header\/>\n   <soapenv:Body>\n      <v14:TrackRequest>\n         <v14:WebAuthenticationDetail>\n            <v14:UserCredential>\n               <v14:Key>{$Key}<\/v14:Key>\n               <v14:Password>{$Password}<\/v14:Password>\n            <\/v14:UserCredential>\n         <\/v14:WebAuthenticationDetail>\n         <v14:ClientDetail>\n            <v14:AccountNumber>{$AccountNumber}<\/v14:AccountNumber>\n            <v14:MeterNumber>{$MeterNumber}<\/v14:MeterNumber>\n            <v14:Localization>\n               <v14:LanguageCode>EN<\/v14:LanguageCode>\n               <v14:LocaleCode>us<\/v14:LocaleCode>\n            <\/v14:Localization>\n         <\/v14:ClientDetail>\n         <v14:TransactionDetail>\n            <v14:CustomerTransactionId>Basic_TrackRequest_q0_Internal<\/v14:CustomerTransactionId>\n            <v14:Localization>\n               <v14:LanguageCode>EN<\/v14:LanguageCode>\n               <v14:LocaleCode>us<\/v14:LocaleCode>\n            <\/v14:Localization>\n         <\/v14:TransactionDetail>\n         <v14:Version>\n            <v14:ServiceId>trck<\/v14:ServiceId>\n            <v14:Major>14<\/v14:Major>\n            <v14:Intermediate>0<\/v14:Intermediate>\n            <v14:Minor>0<\/v14:Minor>\n         <\/v14:Version>\n         <v14:SelectionDetails>\n            <v14:CarrierCode>FDXE<\/v14:CarrierCode>\n            <v14:PackageIdentifier>\n               <v14:Type>TRACKING_NUMBER_OR_DOORTAG<\/v14:Type>\n               <v14:Value>{$TrackingNumber}<\/v14:Value>\n            <\/v14:PackageIdentifier>\n         <\/v14:SelectionDetails>\n      <\/v14:TrackRequest>\n   <\/soapenv:Body>\n<\/soapenv:Envelope>"}}},"output":{"field":[{"description":"","name":"Delivery Status","property":"EventDescription","type":"string"},{"description":"","name":"City","property":"City","type":"string"},{"description":"","name":"Comments","property":"ReasonDescription","type":"string"},{"description":"","name":"State","property":"StateOrProvinceCode","type":"string"},{"description":"","name":"Zip Code","property":"PostalCode","type":"string"},{"description":"","name":"Date and Time Delivered","property":"Timestamp","type":"string"},{"description":"","entireResponse":"true","name":"Entire Response","type":"string"},{"description":"","name":"OperatingCompanyOrCarrierDescription","property":"OperatingCompanyOrCarrierDescription","type":"string"},{"description":"","name":"Service Type","property":"Service Type","type":"string"}]}}},"objects":{}}},"GUID":{"$t":"71OZofgLTKfeeKqFOL6rw6"},"DisplayName":{"$t":"FedEx Tracking API"}}