{
  "name" : "job-1539289664893",
  "sourceOrgId" : "aDdeKzHZEoQdwATn5hMqI8",
  "sourceOrgName" : "CAI Service Connectors",
  "exportedObjects" : [ {
    "objectGuid" : "0Fwx7p7fZkjje2PcAJQJgn",
    "objectName" : "FedEx-Tracking-API-Actions",
    "objectType" : "AI_CONNECTION",
    "path" : "/Explore/Fedex",
    "metadata" : {
      "modelVersion" : {
        "major" : 1,
        "minor" : 0
      },
      "repoInfo" : {
        "repoHandle" : "AggdpIO3M4WwOC2-gt-643704-2018-09-13T18:51:27.425Z::conn.xml"
      },
      "objectRefs" : [ "71OZofgLTKfeeKqFOL6rw6" ],
      "contextAttributes" : null,
      "additionalInfo" : {
        "description" : "The Connection built upon the Fedex Service Connector.",
        "contentType" : "application/json; charset=utf-8",
        "documentState" : "INVALID"
      },
      "objectExistence" : "WITH_DEPENDENCIES"
    }
  }, {
    "objectGuid" : "71OZofgLTKfeeKqFOL6rw6",
    "objectName" : "FedEx Tracking API",
    "objectType" : "AI_SERVICE_CONNECTOR",
    "path" : "/Explore/Fedex",
    "metadata" : {
      "modelVersion" : {
        "major" : 1,
        "minor" : 0
      },
      "repoInfo" : {
        "repoHandle" : "nTxqPVEQrXhNUdy-gt-643696-2018-09-13T18:51:27.217Z::svc.xml"
      },
      "objectRefs" : [ ],
      "contextAttributes" : null,
      "additionalInfo" : {
        "description" : "The Service Connector that enables Package Tracking. Credentials are provided in the Connection.",
        "contentType" : "application/json; charset=utf-8",
        "documentState" : "VALID"
      },
      "objectExistence" : "WITH_DEPENDENCIES"
    }
  }, {
    "objectGuid" : "gDfNPQ2DQqVfnRWzVP4zUR",
    "objectName" : "Get Fedex Package Status",
    "objectType" : "PROCESS",
    "path" : "/Explore/Fedex",
    "metadata" : {
      "modelVersion" : {
        "major" : 1,
        "minor" : 0
      },
      "repoInfo" : {
        "repoHandle" : "Nx46hyifPNzUzeA-gt-3080165-2018-09-13T18:51:27.635Z::pd.xml"
      },
      "objectRefs" : [ "0Fwx7p7fZkjje2PcAJQJgn" ],
      "contextAttributes" : null,
      "additionalInfo" : {
        "description" : "A simple process to demonstrate invoking the Fedex tracking API by invoking the process with a package tracking number and returning status information. \n \nNo authentication is required.\n\nThis does NOT test for invalid numbers being entered.",
        "contentType" : "application/json; charset=utf-8",
        "documentState" : "VALID"
      },
      "objectExistence" : "WITH_DEPENDENCIES"
    }
  }, {
    "objectGuid" : "9DYJFI8zl4LhaOcMX3Xpef",
    "objectName" : "Fedex",
    "objectType" : "Project",
    "path" : "/Explore",
    "metadata" : {
      "modelVersion" : {
        "major" : 0,
        "minor" : 0
      },
      "repoInfo" : null,
      "objectRefs" : [ ],
      "contextAttributes" : [ ],
      "additionalInfo" : {
        "description" : "The Fedex Service Connector, Connection, and sample Process for inclusion in the Service Connector Library.",
        "contentType" : "Binary",
        "documentState" : "COMPLETE"
      },
      "objectExistence" : "WITHOUT_DEPENDENCIES"
    }
  } ]
}