objectPath,objectName,objectType,id
/Explore/TestSDLC/Process Objects,ExportAssetList,PROCESS_OBJECT,3ygSehArZUjjASS3XCVT8D
/Explore/TestSDLC,Login to IICS,PROCESS,0lMjLAteBKXb0qnHj5J7Sq
/Explore/SDLC,Service Connectors,Folder,9qGx1cMPu4Mfearye8j2GX
/Explore,SDLC,Project,3qreLbJTGSlgBCNaxQK1IR
/Explore/TestSDLC,Process Objects,Folder,1iJTv2T0dwGeBmlqTJFT4f
/Explore/TestSDLC/Process Objects,ExportAsset,PROCESS_OBJECT,8ApOEf9vQMTe4QTKeISFcx
/Explore/TestSDLC/Test,Test2,PROCESS_OBJECT,41ZeKs2z0qOjS2XV5mD5iI
/Explore/SDLC,Connections,Folder,6SghdM8evclhdefwVIRZGc
/Explore/TestSDLC/TestFolder,Process1,PROCESS,0AhfnhE4aTzksnYdr80ASa
/Explore/TestSDLC/Test,TestPO,PROCESS_OBJECT,005WBvn7CoJb5tF5PdScgh
/Explore/TestSDLC,TestFolder,Folder,9Pli5oYsS6hk3qE1VycOMO
/Explore/TestSDLC,Test,Folder,1pMsuRbKf1Qhl7JQ3z3gOu
/Explore/SDLC/Service Connectors,Git Contents API,AI_SERVICE_CONNECTOR,95YZ2KyEpBwg0tG9JVif8i
/Explore/TestSDLC,ServiceConnector1,AI_SERVICE_CONNECTOR,6LwNDeldZoldgwxPnYOo2u
/Explore/TestSDLC,SDLC,PROCESS,6i43mSXqS6ikKio3p1ejgb
/Explore/TestSDLC/TestFolder,Connection1,AI_CONNECTION,6ulEZAkgqC4eklDj5IFlkX
/Explore/TestSDLC/Test,Export from IICS,PROCESS,8uj5ebZpQi6gjTWkYR8z4N
/Explore/TestSDLC/TestFolder,ProcessObject1,PROCESS_OBJECT,0WsyPkoGU7JhuMsq0x8UMf
/Explore/TestSDLC,Export from IICS,PROCESS,0Q5fv41zeVekumZCjqsM43
/Explore/SDLC/Connections,IICS-REST-API-actions,AI_CONNECTION,8aOwbKjI2W7gAcny4H27ew
/Explore,TestSDLC,Project,feAJtiOC7E1laKUwVp0Uom
/Explore/TestSDLC/Process Objects,ServiceConnector1,AI_SERVICE_CONNECTOR,aU32x6EK5sLdtFI95oXO6u
/Explore/TestSDLC/Test,AmazonS3,AI_CONNECTION,aSwupfwe7RklrRyUqwN9e0
/Explore/TestSDLC/Processes,Export Cloud Assets,PROCESS,55fVmElN0GxiQt4tUK6Qq0
/Explore/SDLC/Connections,Git-Contents-API-actions,AI_CONNECTION,1euhYbqBxD5irXalrP3xeg
/Explore/TestSDLC,Processes,Folder,12qilE0Hlkxjzbu25BIUS4