objectPath,objectName,objectType,id
/Explore/Marketo,Marketo-Authentication-API-actions,AI_CONNECTION,2P2N7ZGVRkFirGpIkfcis2
/Explore,Marketo,Project,6rycCFvDOUVc6RbUxra64q
/Explore/Marketo,Marketo Lead Retrieval by ID,PROCESS,2DYOo9RX64QgDWyQPAtYGJ
/Explore/Marketo,Marketo Asset API,AI_SERVICE_CONNECTOR,7oFgne2UvtrbkaSzCiDM0J
/Explore/Marketo,Marketo-Lead-Database-API-actions,AI_CONNECTION,5g5xGJ3ZAMzjXtdW5D8P6K
/Explore/Marketo,Marketo-Asset-API-actions,AI_CONNECTION,9QZLozCgr04cAWnQbORdKo
/Explore/Marketo,Marketo Get Folder Metadata,PROCESS,742otZbgk20lRHZarbOFcW
/Explore/Marketo,Marketo Authentication API,AI_SERVICE_CONNECTOR,15U7kJzHBTQjR1h8HTxeac
/Explore/Marketo,Marketo Lead Database API,AI_SERVICE_CONNECTOR,k7tZkzu5YiGjrsPgPvEjq2