objectPath,objectName,objectType,id
/Explore/SDLC,SCM Import from Git,PROCESS,9j569Y3hbAfiI87Nwrz2y1
/Explore/SDLC/Connections,Git-Contents-API-actions,AI_CONNECTION,1euhYbqBxD5irXalrP3xeg
/Explore/SDLC,Service Connectors,Folder,9qGx1cMPu4Mfearye8j2GX
/Explore,SDLC,Project,3qreLbJTGSlgBCNaxQK1IR
/Explore/SDLC/Service Connectors,Git Contents API,AI_SERVICE_CONNECTOR,95YZ2KyEpBwg0tG9JVif8i
/Explore/SDLC,SCM Export to Git,PROCESS,etWz1BcWXKWbJvO5gNaPa6
/Explore/SDLC/Connections,IICS-REST-API-actions,AI_CONNECTION,8aOwbKjI2W7gAcny4H27ew
/Explore/SDLC/Service Connectors,IICS REST API,AI_SERVICE_CONNECTOR,azoo16JYIMEgaZ8xsBhHOJ
/Explore/SDLC,Connections,Folder,6SghdM8evclhdefwVIRZGc