{
  "name" : "job-1531459950503",
  "sourceOrgId" : "6w10pMc8bwmkGpCQs9xkSM",
  "sourceOrgName" : "IICS iPaaS",
  "exportedObjects" : [ {
    "objectGuid" : "9j569Y3hbAfiI87Nwrz2y1",
    "objectName" : "SCM Import from Git",
    "objectType" : "PROCESS",
    "path" : "/Explore/SDLC",
    "metadata" : {
      "modelVersion" : {
        "major" : 1,
        "minor" : 0
      },
      "repoInfo" : {
        "repoHandle" : "BfWWCSHbf13ErhN-gt-13752-2018-07-13T04:26:32.448Z::pd.xml"
      },
      "objectRefs" : [ "1euhYbqBxD5irXalrP3xeg", "8aOwbKjI2W7gAcny4H27ew" ],
      "contextAttributes" : null,
      "additionalInfo" : {
        "description" : "This process implements partial Source Code Management. It checks out the Cloud Assets Export file from Git using Git Contents API and imports them into IICS using IICS REST API.",
        "contentType" : "application/json; charset=utf-8",
        "documentState" : "VALID"
      },
      "objectExistence" : "WITH_DEPENDENCIES"
    }
  }, {
    "objectGuid" : "1euhYbqBxD5irXalrP3xeg",
    "objectName" : "Git-Contents-API-actions",
    "objectType" : "AI_CONNECTION",
    "path" : "/Explore/SDLC/Connections",
    "metadata" : {
      "modelVersion" : {
        "major" : 1,
        "minor" : 0
      },
      "repoInfo" : {
        "repoHandle" : "lCCKpNz6HKoJBUh-gt-10168-2018-07-12T10:10:36.186Z::conn.xml"
      },
      "objectRefs" : [ "95YZ2KyEpBwg0tG9JVif8i" ],
      "contextAttributes" : null,
      "additionalInfo" : {
        "description" : "",
        "contentType" : "application/json; charset=utf-8",
        "documentState" : "VALID"
      },
      "objectExistence" : "WITH_DEPENDENCIES"
    }
  }, {
    "objectGuid" : "9qGx1cMPu4Mfearye8j2GX",
    "objectName" : "Service Connectors",
    "objectType" : "Folder",
    "path" : "/Explore/SDLC",
    "metadata" : {
      "modelVersion" : {
        "major" : 0,
        "minor" : 0
      },
      "repoInfo" : null,
      "objectRefs" : [ ],
      "contextAttributes" : [ ],
      "additionalInfo" : {
        "description" : "",
        "contentType" : "Binary",
        "documentState" : "COMPLETE"
      },
      "objectExistence" : "WITHOUT_DEPENDENCIES"
    }
  }, {
    "objectGuid" : "3qreLbJTGSlgBCNaxQK1IR",
    "objectName" : "SDLC",
    "objectType" : "Project",
    "path" : "/Explore",
    "metadata" : {
      "modelVersion" : {
        "major" : 0,
        "minor" : 0
      },
      "repoInfo" : null,
      "objectRefs" : [ ],
      "contextAttributes" : [ ],
      "additionalInfo" : {
        "description" : "Example: SDLC using export/import and Git",
        "contentType" : "Binary",
        "documentState" : "COMPLETE"
      },
      "objectExistence" : "WITHOUT_DEPENDENCIES"
    }
  }, {
    "objectGuid" : "95YZ2KyEpBwg0tG9JVif8i",
    "objectName" : "Git Contents API",
    "objectType" : "AI_SERVICE_CONNECTOR",
    "path" : "/Explore/SDLC/Service Connectors",
    "metadata" : {
      "modelVersion" : {
        "major" : 1,
        "minor" : 0
      },
      "repoInfo" : {
        "repoHandle" : "UkdypKwKBqRi92q-gt-10935-2018-07-12T05:50:27.49Z::svc.xml"
      },
      "objectRefs" : [ ],
      "contextAttributes" : null,
      "additionalInfo" : {
        "description" : "This service connectors provides actions for Git Contents API. Refer https://developer.github.com/v3/repos/contents/",
        "contentType" : "application/json; charset=utf-8",
        "documentState" : "VALID"
      },
      "objectExistence" : "WITH_DEPENDENCIES"
    }
  }, {
    "objectGuid" : "etWz1BcWXKWbJvO5gNaPa6",
    "objectName" : "SCM Export to Git",
    "objectType" : "PROCESS",
    "path" : "/Explore/SDLC",
    "metadata" : {
      "modelVersion" : {
        "major" : 1,
        "minor" : 0
      },
      "repoInfo" : {
        "repoHandle" : "7eLyCnNZPD4ARW8-gt-87021-2018-07-13T03:53:24.938Z::pd.xml"
      },
      "objectRefs" : [ "1euhYbqBxD5irXalrP3xeg", "8aOwbKjI2W7gAcny4H27ew" ],
      "contextAttributes" : null,
      "additionalInfo" : {
        "description" : "This process implements partial Source Code Management. It exports the Cloud Assets using IICS REST API and checks them in Git using Git Contents API.",
        "contentType" : "application/json; charset=utf-8",
        "documentState" : "VALID"
      },
      "objectExistence" : "WITH_DEPENDENCIES"
    }
  }, {
    "objectGuid" : "8aOwbKjI2W7gAcny4H27ew",
    "objectName" : "IICS-REST-API-actions",
    "objectType" : "AI_CONNECTION",
    "path" : "/Explore/SDLC/Connections",
    "metadata" : {
      "modelVersion" : {
        "major" : 1,
        "minor" : 0
      },
      "repoInfo" : {
        "repoHandle" : "HdqDdvrTdtqSLlB-gt-26331-2018-06-08T08:28:25.548Z::conn.xml"
      },
      "objectRefs" : [ ],
      "contextAttributes" : null,
      "additionalInfo" : {
        "description" : "s",
        "contentType" : "application/json; charset=utf-8",
        "documentState" : "VALID"
      },
      "objectExistence" : "WITH_DEPENDENCIES"
    }
  }, {
    "objectGuid" : "azoo16JYIMEgaZ8xsBhHOJ",
    "objectName" : "IICS REST API",
    "objectType" : "AI_SERVICE_CONNECTOR",
    "path" : "/Explore/SDLC/Service Connectors",
    "metadata" : {
      "modelVersion" : {
        "major" : 1,
        "minor" : 0
      },
      "repoInfo" : {
        "repoHandle" : "7X2FNBeNTYglxbd-gt-25301-2018-06-07T10:23:06.694Z::svc.xml"
      },
      "objectRefs" : [ ],
      "contextAttributes" : null,
      "additionalInfo" : {
        "description" : "This service defines actions to connect to IICS through REST API",
        "contentType" : "application/json; charset=utf-8",
        "documentState" : "VALID"
      },
      "objectExistence" : "WITH_DEPENDENCIES"
    }
  }, {
    "objectGuid" : "6SghdM8evclhdefwVIRZGc",
    "objectName" : "Connections",
    "objectType" : "Folder",
    "path" : "/Explore/SDLC",
    "metadata" : {
      "modelVersion" : {
        "major" : 0,
        "minor" : 0
      },
      "repoInfo" : null,
      "objectRefs" : [ ],
      "contextAttributes" : [ ],
      "additionalInfo" : {
        "description" : "",
        "contentType" : "Binary",
        "documentState" : "COMPLETE"
      },
      "objectExistence" : "WITHOUT_DEPENDENCIES"
    }
  } ]
}