{"EntryId":{"$t":"iUQbgdwUiQLnzYL-gt-1660387-2018-09-05T16:42:30.132Z::pd.xml"},"Name":{"$t":"createXMLConfig-1"},"MimeType":{"$t":"application\/xml+process"},"Description":{},"AppliesTo":{},"Tags":{},"VersionLabel":{"$t":"1.0"},"State":{"$t":"CURRENT"},"ProcessGroup":{},"CreatedBy":{"$t":"smanes@informatica.com.demo.ga"},"CreationDate":{"$t":"2018-09-05T16:42:30Z"},"ModifiedBy":{"$t":"smanes@informatica.com.demo.ga"},"ModificationDate":{"$t":"2018-09-05T16:51:25Z"},"PublicationStatus":{"$t":"unpublished"},"AutosaveExists":{"$t":"false"},"Entry":{"process":{"displayName":"createXMLConfig","name":"createXMLConfig-1","xmlns":"http:\/\/schemas.active-endpoints.com\/appmodules\/screenflow\/2010\/10\/avosScreenflow.xsd","xmlns$aetgt":"http:\/\/schemas.active-endpoints.com\/appmodules\/repository\/2010\/10\/avrepository.xsd","xmlns$list":"urn:activevos:spi:list:functions","appliesTo":{},"description":{},"tags":{},"generator":{"$t":"Informatica Process Designer 9"},"input":{"parameter":{"description":"","name":"inp_user","required":"true","type":"reference","options":{"option":[{"name":"referenceTo","$t":"$po:User"},{"name":"required","$t":"false"},{"name":"isCopy","$t":"true"},{"name":"guid","$t":"8VZKmnawV4wePqJEgJTvuJ"}]}}},"notes":{},"deployment":{"suspendOnFault":"false","tracingLevel":"none","rest":{}},"flow":{"id":"a","start":{"id":"b","link":{"id":"jjg9vgkg","targetId":"jjg9vgkf"}},"assignment":{"id":"jjg9vgkf","title":{"$t":"Assignment 1"},"link":{"id":"jjg9vgkh","targetId":"c"}},"end":{"id":"c"}}}},"GUID":{"$t":"2FkMj1iLHgSgID63Eb9s0A"},"DisplayName":{"$t":"createXMLConfig"}}