{"EntryId":{"$t":"rfQHhwq9bdsreK8-gt-326454-2018-09-05T16:43:08.828Z::po.xml"},"Name":{"$t":"User-1"},"MimeType":{"$t":"application\/xml+processobject"},"Description":{},"AppliesTo":{},"Tags":{},"VersionLabel":{"$t":"1.0"},"State":{"$t":"CURRENT"},"ProcessGroup":{},"CreatedBy":{"$t":"smanes@informatica.com.demo.ga"},"CreationDate":{"$t":"2018-09-05T16:43:09Z"},"ModifiedBy":{"$t":"smanes@informatica.com.demo.ga"},"ModificationDate":{"$t":"2018-09-05T16:51:25Z"},"PublicationStatus":{"$t":"unpublished"},"AutosaveExists":{"$t":"false"},"Entry":{"processObject":{"displayName":"User","isByCopy":"true","name":"User-1","xmlns":"http:\/\/schemas.active-endpoints.com\/appmodules\/screenflow\/2011\/06\/avosHostEnvironment.xsd","xmlns$aetgt":"http:\/\/schemas.active-endpoints.com\/appmodules\/repository\/2010\/10\/avrepository.xsd","description":{},"tags":{},"detail":{"field":[{"label":"userName","name":"userName","type":"string"},{"label":"password","name":"password","type":"string"}]}}},"GUID":{"$t":"8DK5XcSk5VodaXRRrISOsp"},"DisplayName":{"$t":"User"}}