<aetgt:getResponse xmlns:aetgt="http://schemas.active-endpoints.com/appmodules/repository/2010/10/avrepository.xsd"
                   xmlns:types1="http://schemas.active-endpoints.com/appmodules/repository/2010/10/avrepository.xsd">
   <types1:Item>
      <types1:EntryId>clS3wOLIFvukNXH-gt-2559566-2019-02-13T15:39:04.304Z::conn.xml</types1:EntryId>
      <types1:Name>connOracle-new</types1:Name>
      <types1:ParentFlowIds>CJfTBbcgp5OjG4a-gt-539599-2019-02-13T17:36:08.845Z::pd.xml</types1:ParentFlowIds>
      <types1:MimeType>application/xml+connection</types1:MimeType>
      <types1:Description/>
      <types1:AppliesTo/>
      <types1:Tags>.agent:PSVW12PRD1</types1:Tags>
      <types1:VersionLabel>1.0</types1:VersionLabel>
      <types1:State>CURRENT</types1:State>
      <types1:ProcessGroup/>
      <types1:CreatedBy>smanes@informatica.com.demo.ga</types1:CreatedBy>
      <types1:CreationDate>2019-02-13T15:39:04Z</types1:CreationDate>
      <types1:ModifiedBy>smanes@informatica.com.demo.ga</types1:ModifiedBy>
      <types1:ModificationDate>2019-02-13T18:01:15Z</types1:ModificationDate>
      <types1:PublicationStatus>published</types1:PublicationStatus>
      <types1:PublishedBy>smanes@informatica.com.demo.ga</types1:PublishedBy>
      <types1:PublicationDate>2019-02-26T20:10:44Z</types1:PublicationDate>
      <types1:PublishedContributionId>project:/rt.connection/connOracle-new/connOracle-new.conn.xml</types1:PublishedContributionId>
      <types1:AutosaveExists>false</types1:AutosaveExists>
      <types1:Entry>
         <connection xmlns="http://schemas.informatica.com/socrates/data-services/2014/04/avosConnections.xsd"
                     displayName="connOracle-new"
                     label="connOracle-new"
                     name="connOracle-new">
            <description/>
            <tags>.agent:PSVW12PRD1</tags>
            <agent>PSVW12PRD1</agent>
            <attributes>
               <attribute encrypted="false"
                          name="JDBC Connection URL"
                          value="jdbc:oracle:thin:@//PSVW12PRD1:1521/XE"/>
               <attribute encrypted="false"
                          name="JDBC Jar Directory"
                          value="C:\Program Files\Informatica Cloud Secure Agent\apps\process-engine\ext"/>
               <attribute encrypted="false" name="JDBC Driver Class Name" value=""/>
               <attribute encrypted="false" name="Schema" value=""/>
               <attribute encrypted="false" name="Username" value="demo"/>
               <attribute encrypted="true" name="Password" value=""/>
               <attribute encrypted="false" name="Object Filter" value=""/>
               <attribute encrypted="false" name="TimeZone" value="Default"/>
               <attribute encrypted="false" name="$read-Isolation Level" value="None"/>
               <attribute encrypted="false"
                          name="$read-Override Isolation Level"
                          value="false"/>
               <attribute encrypted="false" name="$read-Pre SQL" value=""/>
               <attribute encrypted="false" name="$read-Post SQL" value=""/>
               <attribute encrypted="false" name="$write-Number of retries" value="5"/>
               <attribute encrypted="false" name="$write-Retry wait period" value="3"/>
               <attribute encrypted="false" name="$write-Pre SQL" value=""/>
               <attribute encrypted="false" name="$write-Post SQL" value=""/>
            </attributes>
            <javaConnector xmlns="http://schemas.informatica.com/appmodules/screenflow/2014/04/avosConnectors.xsd"
                           agentOnly="true"
                           plugin="ICS"
                           supportsConnectionTest="true"
                           supportsDataPreview="true"
                           supportsOData="true"
                           type="GenericJDBCAdapter"
                           uuid="33ec8fc7-dc6d-4d2e-9f6f-a950669a62d1">
               <description>JDBC  Generic Cloud Adapter</description>
            </javaConnector>
         </connection>
      </types1:Entry>
      <types1:GUID>7eSiXp60iSAfPpjUWX1CaF</types1:GUID>
      <types1:DisplayName>connOracle-new</types1:DisplayName>
   </types1:Item>
   <types1:CurrentServerDateTime>2019-03-01T17:41:36.551Z</types1:CurrentServerDateTime>
</aetgt:getResponse>
