<aetgt:getResponse xmlns:aetgt="http://schemas.active-endpoints.com/appmodules/repository/2010/10/avrepository.xsd"
                   xmlns:types1="http://schemas.active-endpoints.com/appmodules/repository/2010/10/avrepository.xsd">
   <types1:Item>
      <types1:EntryId>CJfTBbcgp5OjG4a-gt-539599-2019-02-13T17:36:08.845Z::pd.xml</types1:EntryId>
      <types1:Name>DynamicMCTCreate</types1:Name>
      <types1:MimeType>application/xml+process</types1:MimeType>
      <types1:Description/>
      <types1:AppliesTo/>
      <types1:Tags/>
      <types1:VersionLabel>1.0</types1:VersionLabel>
      <types1:State>CURRENT</types1:State>
      <types1:ProcessGroup/>
      <types1:CreatedBy>smanes@informatica.com.demo.ga</types1:CreatedBy>
      <types1:CreationDate>2019-02-13T17:36:09Z</types1:CreationDate>
      <types1:ModifiedBy>smanes@informatica.com.demo.ga</types1:ModifiedBy>
      <types1:ModificationDate>2019-03-01T14:28:38Z</types1:ModificationDate>
      <types1:PublicationStatus>published</types1:PublicationStatus>
      <types1:PublishedBy>smanes@informatica.com.demo.ga</types1:PublishedBy>
      <types1:PublicationDate>2019-03-01T14:28:41Z</types1:PublicationDate>
      <types1:PublishedContributionId>project:/spi.DynamicMCTCreate/DynamicMCTCreate.pd.xml</types1:PublishedContributionId>
      <types1:AutosaveExists>false</types1:AutosaveExists>
      <types1:Entry>
         <process xmlns="http://schemas.active-endpoints.com/appmodules/screenflow/2010/10/avosScreenflow.xsd"
                  xmlns:list="urn:activevos:spi:list:functions"
                  displayName="DynamicMCTCreate"
                  name="DynamicMCTCreate">
            <appliesTo/>
            <description/>
            <tags/>
            <generator>Informatica Process Designer 10</generator>
            <output>
               <field description="" name="o_dbrecords" type="objectlist">
                  <options>
                     <option name="referenceTo">connOracle-new:MAPPING_INFO</option>
                     <option hide="true" name="multiSelect">true</option>
                     <option name="required">false</option>
                     <option name="isCopy">true</option>
                     <option name="guid">7eSiXp60iSAfPpjUWX1CaF</option>
                  </options>
               </field>
            </output>
            <tempFields>
               <field description="" name="t_Mapping_Info_list" type="objectlist">
                  <options>
                     <option name="referenceTo">connOracle-new:MAPPING_INFO</option>
                     <option hide="true" name="multiSelect">true</option>
                     <option name="required">false</option>
                     <option name="isCopy">true</option>
                     <option name="guid">7eSiXp60iSAfPpjUWX1CaF</option>
                  </options>
               </field>
               <field description="" name="dbRecord" type="reference">
                  <options>
                     <option name="referenceTo">connOracle-new:MAPPING_INFO</option>
                     <option name="required">false</option>
                     <option name="isCopy">true</option>
                     <option name="guid">7eSiXp60iSAfPpjUWX1CaF</option>
                  </options>
               </field>
            </tempFields>
            <notes/>
            <deployment suspendOnFault="false" tracingLevel="verbose">
               <rest>
                  <allowedUsers>
                     <user>smanes@informatica.com.demo.ga</user>
                  </allowedUsers>
               </rest>
            </deployment>
            <flow id="a">
               <start id="b">
                  <link id="jsm6kn3j" targetId="jsm6kn3i"/>
               </start>
               <assignment id="jsm6kn3i">
                  <title>Assignment to t_Mapping_Info_list, o_dbrecords</title>
                  <operation source="list" to="temp.t_Mapping_Info_list">
                     <query from="connOracle-new:MAPPING_INFO">
                        <where>APP = 'DB2'</where>
                     </query>
                  </operation>
                  <operation source="list" to="output.o_dbrecords">
                     <query from="connOracle-new:MAPPING_INFO">
                        <where>APP = 'DB2'</where>
                     </query>
                  </operation>
                  <link id="jsm7ihfw" targetId="jsm7ihfv"/>
               </assignment>
               <assignment id="jsm7ihfv">
                  <title>Assignment to dbRecord</title>
                  <operation source="formula" to="temp.dbRecord">
                     <expression language="XQuery">list:head($temp.t_Mapping_Info_list)</expression>
                  </operation>
                  <operation source="formula" to="temp.t_Mapping_Info_list">
                     <expression language="XQuery">list:tail($temp.t_Mapping_Info_list)</expression>
                  </operation>
                  <link id="jsm9ttds" targetId="jsm9ttdr"/>
               </assignment>
               <service id="jsm9ttdr">
                  <title>Login</title>
                  <serviceName>IICS-Rest-API:Login</serviceName>
                  <serviceGUID>8UcL8T8bYxWdlfftHsxQWC</serviceGUID>
                  <serviceInput/>
                  <link id="jsm9ttdz" targetId="jsm9ttdy"/>
               </service>
               <service id="jsm9ttdy">
                  <title>CreateMTTShaw</title>
                  <serviceName>IICS-Rest-API:CreateMTTShaw</serviceName>
                  <serviceGUID>8UcL8T8bYxWdlfftHsxQWC</serviceGUID>
                  <serviceInput>
                     <parameter name="taskName" source="formula">
                        <expression language="XQuery">fn:concat('mct_shaw_demo_',$temp.dbRecord[1]/FIL)</expression>
                     </parameter>
                     <parameter name="icsSessionID" source="field" updatable="true">output.icsSessionID</parameter>
                     <parameter name="srcObject" source="field" updatable="true">temp.dbRecord[1]/SRCOBJ</parameter>
                     <parameter name="tgtObject" source="field" updatable="true">temp.dbRecord[1]/TGTOBJ</parameter>
                     <parameter name="funcval" source="field" updatable="true">temp.dbRecord[1]/MD5</parameter>
                     <parameter name="filter" source="field" updatable="true">temp.dbRecord[1]/FIL</parameter>
                  </serviceInput>
                  <link id="jsm9ttec" targetId="jsm9tteb"/>
               </service>
               <service id="jsm9tteb">
                  <title>startJob</title>
                  <serviceName>IICS-Rest-API:startJob</serviceName>
                  <serviceGUID>8UcL8T8bYxWdlfftHsxQWC</serviceGUID>
                  <serviceInput>
                     <parameter name="serverUrl" source="formula">
                        <expression language="XQuery">$output.serverURL </expression>
                     </parameter>
                     <parameter name="taskName" source="formula">
                        <expression language="XQuery">$output.taskName </expression>
                     </parameter>
                     <parameter name="InfaSessionId" source="formula">
                        <expression language="XQuery">$output.icsSessionID </expression>
                     </parameter>
                     <parameter name="taskType" source="constant">MTT</parameter>
                     <parameter name="@type" source="constant">job</parameter>
                  </serviceInput>
                  <link id="jsm9tted" targetId="jsm7ihdj"/>
               </service>
               <container id="jsm7ihdj" type="exclusive">
                  <title>DB Records exist?</title>
                  <flow id="jsm7ihdn">
                     <jumpTo id="jsm7sbj8">
                        <link id="jsm7sbj9" targetId="jsm7ihfv"/>
                     </jumpTo>
                  </flow>
                  <flow id="jsm7ihdq">
                     <link id="jsm7ihdr" targetId="jsm7ihdj" type="containerLink"/>
                  </flow>
                  <link id="jsm7ihdm" targetId="jsm7ihdn" type="containerLink">
                     <condition source="formula">
                        <function name="not-empty">
                           <arg name="field">{$temp.t_Mapping_Info_list}</arg>
                        </function>
                     </condition>
                  </link>
                  <link id="jsm7ihdp" targetId="jsm7ihdq" type="containerLink">
                     <condition source="formula">
                        <function name="empty">
                           <arg name="field">{$temp.t_Mapping_Info_list}</arg>
                        </function>
                     </condition>
                  </link>
                  <link id="jsm7ihf3" targetId="c"/>
               </container>
               <end id="c"/>
            </flow>
         </process>
      </types1:Entry>
      <types1:GUID>40r9Hyi8SM7kNmYtSlsX8H</types1:GUID>
      <types1:DisplayName>DynamicMCTCreate</types1:DisplayName>
   </types1:Item>
   <types1:CurrentServerDateTime>2019-03-01T17:41:37.082Z</types1:CurrentServerDateTime>
</aetgt:getResponse>
