<aetgt:getResponse xmlns:aetgt="http://schemas.active-endpoints.com/appmodules/repository/2010/10/avrepository.xsd"
                   xmlns:types1="http://schemas.active-endpoints.com/appmodules/repository/2010/10/avrepository.xsd">
   <types1:Item>
      <types1:EntryId>T53nQciSrZMSPfX-gt-15400-2018-11-28T15:25:35.734Z::pd.xml</types1:EntryId>
      <types1:Name>FileWriter</types1:Name>
      <types1:MimeType>application/xml+process</types1:MimeType>
      <types1:Description/>
      <types1:AppliesTo/>
      <types1:Tags>.anonymous</types1:Tags>
      <types1:VersionLabel>1.0</types1:VersionLabel>
      <types1:State>CURRENT</types1:State>
      <types1:ProcessGroup/>
      <types1:CreatedBy>smanes@informatica.com.demo.ga</types1:CreatedBy>
      <types1:CreationDate>2018-11-28T15:25:36Z</types1:CreationDate>
      <types1:ModifiedBy>smanes@informatica.com.demo.ga</types1:ModifiedBy>
      <types1:ModificationDate>2018-11-28T15:49:35Z</types1:ModificationDate>
      <types1:PublicationStatus>published</types1:PublicationStatus>
      <types1:PublishedBy>smanes@informatica.com.demo.ga</types1:PublishedBy>
      <types1:PublicationDate>2018-11-28T15:49:43Z</types1:PublicationDate>
      <types1:PublishedContributionId>project:/spi.FileWriter/FileWriter.pd.xml</types1:PublishedContributionId>
      <types1:AutosaveExists>false</types1:AutosaveExists>
      <types1:Entry>
         <process xmlns="http://schemas.active-endpoints.com/appmodules/screenflow/2010/10/avosScreenflow.xsd"
                  xmlns:list="urn:activevos:spi:list:functions"
                  displayName="FileWriter"
                  name="FileWriter">
            <appliesTo/>
            <description/>
            <tags>.anonymous</tags>
            <generator>Informatica Process Designer 9</generator>
            <input>
               <parameter description="" name="i_error" type="string">
                  <options>
                     <option name="required">false</option>
                  </options>
               </parameter>
            </input>
            <output>
               <field description="" name="o_fileTask" type="reference">
                  <options>
                     <option name="referenceTo">LocalFiles-1:FileWriteTask</option>
                     <option name="required">false</option>
                     <option name="isCopy">true</option>
                     <option name="guid">lozIfwE2miIf6N5ckuDaej</option>
                  </options>
               </field>
            </output>
            <tempFields>
               <field description="" name="t_str" type="string">
                  <options>
                     <option name="required">false</option>
                  </options>
               </field>
            </tempFields>
            <notes/>
            <deployment suspendOnFault="false" tracingLevel="none">
               <rest>
                  <allowAnonymousAccess/>
               </rest>
            </deployment>
            <flow id="a">
               <start id="b">
                  <link id="jp1bmqcl" targetId="jp1bmqck"/>
               </start>
               <assignment id="jp1bmqck">
                  <title>Assignment to t_str</title>
                  <operation source="constant" to="temp.t_str">Error has occured</operation>
                  <link id="jp1bmqcm" targetId="jp1bmqc4"/>
               </assignment>
               <assignment id="jp1bmqc4">
                  <title>Assignment to File name, Plain File Content etc.</title>
                  <operation source="constant" to="output.o_fileTask[1]/fileName">test.txt</operation>
                  <operation source="field" to="output.o_fileTask[1]/content">temp.t_str</operation>
                  <operation source="constant" to="output.o_fileTask[1]/format">PlainText</operation>
                  <link id="jp1bmqcb" targetId="jp1bmqca"/>
               </assignment>
               <service id="jp1bmqca">
                  <title>FileWriter</title>
                  <serviceName>LocalFiles-1:FileWriter</serviceName>
                  <serviceGUID>lozIfwE2miIf6N5ckuDaej</serviceGUID>
                  <serviceInput>
                     <parameter name="fileWriteTask" source="field" updatable="true">output.o_fileTask</parameter>
                  </serviceInput>
                  <link id="jp1bmqcc" targetId="c"/>
               </service>
               <end id="c"/>
            </flow>
         </process>
      </types1:Entry>
      <types1:GUID>8DtdVzILDi4d77DXSj7V4q</types1:GUID>
      <types1:DisplayName>FileWriter</types1:DisplayName>
   </types1:Item>
   <types1:CurrentServerDateTime>2019-03-01T17:41:36.795Z</types1:CurrentServerDateTime>
</aetgt:getResponse>
