<aetgt:getResponse xmlns:aetgt="http://schemas.active-endpoints.com/appmodules/repository/2010/10/avrepository.xsd"
                   xmlns:types1="http://schemas.active-endpoints.com/appmodules/repository/2010/10/avrepository.xsd">
   <types1:Item>
      <types1:EntryId>PFJ7XhFtybduaa-gt-2008364-2018-09-07T16:26:36.667Z::tf.xml</types1:EntryId>
      <types1:Name>TestSchedule</types1:Name>
      <types1:MimeType>application/xml+taskflow</types1:MimeType>
      <types1:Description/>
      <types1:AppliesTo/>
      <types1:Tags/>
      <types1:VersionLabel>1.0</types1:VersionLabel>
      <types1:State>CURRENT</types1:State>
      <types1:ProcessGroup/>
      <types1:CreatedBy>smanes@informatica.com.demo.ga</types1:CreatedBy>
      <types1:CreationDate>2018-09-07T16:26:36Z</types1:CreationDate>
      <types1:ModifiedBy>smanes@informatica.com.demo.ga</types1:ModifiedBy>
      <types1:ModificationDate>2019-03-01T16:49:10Z</types1:ModificationDate>
      <types1:PublicationStatus>unpublished</types1:PublicationStatus>
      <types1:AutosaveExists>false</types1:AutosaveExists>
      <types1:Entry>
         <taskflow xmlns="http://schemas.active-endpoints.com/appmodules/screenflow/2010/10/avosScreenflow.xsd"
                   xmlns:list="urn:activevos:spi:list:functions"
                   displayName="TestSchedule"
                   name="TestSchedule">
            <appliesTo/>
            <description/>
            <tags/>
            <generator>Informatica Process Designer 9</generator>
            <input>
               <parameter description="" name="Data Task 1" type="reference">
                  <options>
                     <option name="referenceTo">$po:TestSchedule1</option>
                  </options>
               </parameter>
               <parameter description="" name="Data Task 2" type="reference">
                  <options>
                     <option name="referenceTo">$po:TestSchedule2</option>
                  </options>
               </parameter>
            </input>
            <notes/>
            <deployment suspendOnFault="true" tracingLevel="verbose">
               <rest/>
            </deployment>
            <flow id="a">
               <start id="b">
                  <link id="jlgtqbur" targetId="jlgtqbv4"/>
               </start>
               <eventContainer id="jlgtqbv4">
                  <service id="jlgtqbuq">
                     <title>Data Task 1</title>
                     <serviceName>ICSExecuteDataTask</serviceName>
                     <serviceInput>
                        <parameter name="Wait for Task to Complete" source="constant" updatable="true">true</parameter>
                        <parameter name="Max Wait" source="constant" updatable="true">86400</parameter>
                        <parameter name="Task Name" source="constant" updatable="true">TestSchedule1</parameter>
                        <parameter name="GUID" source="constant" updatable="true">5ZlCOI0766hbvd7i1mxpiu</parameter>
                        <parameter name="Task Type" source="constant" updatable="true">SAAS_DSS</parameter>
                        <parameter name="Has Inout Parameters" source="constant" updatable="true">false</parameter>
                        <parameter name="taskField" source="nested">
                           <operation source="field" to="TestSchedule1">input.Data Task 1</operation>
                        </parameter>
                     </serviceInput>
                     <serviceOutput>
                        <operation source="field" to="input.Data Task 1/output">Success Source Rows</operation>
                        <operation source="field" to="input.Data Task 1/output/Object_Name">Object Name</operation>
                        <operation source="field" to="input.Data Task 1/output/Run_Id">Run Id</operation>
                        <operation source="field" to="input.Data Task 1/output/Log_Id">Log Id</operation>
                        <operation source="field" to="input.Data Task 1/output/Task_Status">Task Status</operation>
                        <operation source="field" to="input.Data Task 1/output/Success_Source_Rows">Success Source Rows</operation>
                        <operation source="field" to="input.Data Task 1/output/Failed_Source_Rows">Failed Source Rows</operation>
                        <operation source="field" to="input.Data Task 1/output/Success_Target_Rows">Success Target Rows</operation>
                        <operation source="field" to="input.Data Task 1/output/Failed_Target_Rows">Failed Target Rows</operation>
                        <operation source="field" to="input.Data Task 1/output/Start_Time">Start Time</operation>
                        <operation source="field" to="input.Data Task 1/output/End_Time">End Time</operation>
                        <operation source="field" to="input.Data Task 1/output/Error_Message">Error Message</operation>
                     </serviceOutput>
                  </service>
                  <link id="jlgtqbux" targetId="jlgtqbvb"/>
                  <events>
                     <catch faultField="input.Data Task 1/fault"
                            id="jlgtqbv2"
                            interrupting="true"
                            name="error">
                        <suspend/>
                     </catch>
                     <catch faultField="input.Data Task 1/fault"
                            id="jlgtqbv3"
                            interrupting="true"
                            name="warning"/>
                  </events>
               </eventContainer>
               <eventContainer id="jlgtqbvb">
                  <service id="jlgtqbuw">
                     <title>Data Task 2</title>
                     <serviceName>ICSExecuteDataTask</serviceName>
                     <serviceInput>
                        <parameter name="Wait for Task to Complete" source="constant" updatable="true">true</parameter>
                        <parameter name="Max Wait" source="constant" updatable="true">86400</parameter>
                        <parameter name="Task Name" source="constant" updatable="true">TestSchedule2</parameter>
                        <parameter name="GUID" source="constant" updatable="true">1B97DJOGMtMiPAzPuc8ZS1</parameter>
                        <parameter name="Task Type" source="constant" updatable="true">MCT</parameter>
                        <parameter name="Has Inout Parameters" source="constant" updatable="true">false</parameter>
                        <parameter name="taskField" source="nested">
                           <operation source="field" to="TestSchedule2">input.Data Task 2</operation>
                        </parameter>
                     </serviceInput>
                     <serviceOutput>
                        <operation source="field" to="input.Data Task 2/output">Success Source Rows</operation>
                        <operation source="field" to="input.Data Task 2/output/Object_Name">Object Name</operation>
                        <operation source="field" to="input.Data Task 2/output/Run_Id">Run Id</operation>
                        <operation source="field" to="input.Data Task 2/output/Log_Id">Log Id</operation>
                        <operation source="field" to="input.Data Task 2/output/Task_Status">Task Status</operation>
                        <operation source="field" to="input.Data Task 2/output/Success_Source_Rows">Success Source Rows</operation>
                        <operation source="field" to="input.Data Task 2/output/Failed_Source_Rows">Failed Source Rows</operation>
                        <operation source="field" to="input.Data Task 2/output/Success_Target_Rows">Success Target Rows</operation>
                        <operation source="field" to="input.Data Task 2/output/Failed_Target_Rows">Failed Target Rows</operation>
                        <operation source="field" to="input.Data Task 2/output/Start_Time">Start Time</operation>
                        <operation source="field" to="input.Data Task 2/output/End_Time">End Time</operation>
                        <operation source="field" to="input.Data Task 2/output/Error_Message">Error Message</operation>
                     </serviceOutput>
                  </service>
                  <link id="jlgtqbuy" targetId="c"/>
                  <events>
                     <catch faultField="input.Data Task 2/fault"
                            id="jlgtqbv9"
                            interrupting="true"
                            name="error">
                        <suspend/>
                     </catch>
                     <catch faultField="input.Data Task 2/fault"
                            id="jlgtqbva"
                            interrupting="true"
                            name="warning"/>
                  </events>
               </eventContainer>
               <end id="c"/>
            </flow>
            <dependencies>
               <processObject xmlns="http://schemas.active-endpoints.com/appmodules/screenflow/2011/06/avosHostEnvironment.xsd"
                              displayName="TestSchedule1"
                              isByCopy="true"
                              name="TestSchedule1">
                  <description/>
                  <tags/>
                  <detail>
                     <field label="Output Parameters" name="output" type="reference"/>
                     <field label="Fault" name="fault" type="reference"/>
                  </detail>
               </processObject>
               <processObject xmlns="http://schemas.active-endpoints.com/appmodules/screenflow/2011/06/avosHostEnvironment.xsd"
                              displayName="TestSchedule2"
                              isByCopy="true"
                              name="TestSchedule2">
                  <description/>
                  <tags/>
                  <detail>
                     <field label="Output Parameters" name="output" type="reference"/>
                     <field label="Fault" name="fault" type="reference"/>
                  </detail>
               </processObject>
            </dependencies>
         </taskflow>
      </types1:Entry>
      <types1:GUID>1l7EWxq1Sbif169AsCtpIL</types1:GUID>
      <types1:DisplayName>TestSchedule</types1:DisplayName>
   </types1:Item>
   <types1:CurrentServerDateTime>2019-03-01T17:41:44.224Z</types1:CurrentServerDateTime>
</aetgt:getResponse>
