objectPath,objectName,objectType,id
/Explore,SDLC,Project,gSMKbIpdXECjSkE9aKUQ6S
/Explore/SDLC/Connections,Git-Contents-API-actions,AI_CONNECTION,8jRzOupAseJfbqdA3PHqqG
/Explore/SDLC,SCM Export to Git,PROCESS,20opXTmR2iiifhjdGPwrEc
/Explore/SDLC,Connections,Folder,4htzp6SiRqXiOLY1znxoAG
/Explore/SDLC/Connections,IICS-REST-API-actions,AI_CONNECTION,1sV4HmNDyqfdE8CMkuit6g
/Explore/SDLC,SCM Import from Git,PROCESS,5Tlzl8kEAcRgQPbLfUgucq
/Explore/SDLC,Service Connectors,Folder,8Tq57qbTJjdcX6titdP20H
/Explore/SDLC/Service Connectors,Git Contents API,AI_SERVICE_CONNECTOR,4Prhq8tLPJBkfvdE7I63qu
/Explore/SDLC/Service Connectors,IICS REST API,AI_SERVICE_CONNECTOR,3cnfB0eNQckggnbo8AamG3