{
  "name" : "job-1536165129909",
  "sourceOrgId" : "2S2se050l7re3QWkJp9SwV",
  "sourceOrgName" : "Informatica",
  "exportedObjects" : [ {
    "objectGuid" : "gSMKbIpdXECjSkE9aKUQ6S",
    "objectName" : "SDLC",
    "objectType" : "Project",
    "path" : "/Explore",
    "metadata" : {
      "modelVersion" : {
        "major" : 0,
        "minor" : 0
      },
      "repoInfo" : null,
      "objectRefs" : [ ],
      "contextAttributes" : [ ],
      "additionalInfo" : {
        "description" : "Example: SDLC using export/import and Git",
        "contentType" : "Binary",
        "documentState" : "COMPLETE"
      },
      "objectExistence" : "WITHOUT_DEPENDENCIES"
    }
  }, {
    "objectGuid" : "8jRzOupAseJfbqdA3PHqqG",
    "objectName" : "Git-Contents-API-actions",
    "objectType" : "AI_CONNECTION",
    "path" : "/Explore/SDLC/Connections",
    "metadata" : {
      "modelVersion" : {
        "major" : 1,
        "minor" : 0
      },
      "repoInfo" : {
        "repoHandle" : "bdreAFLK2D86Cjq-gt-57749-2018-07-17T20:31:03.402Z::conn.xml"
      },
      "objectRefs" : [ ],
      "contextAttributes" : null,
      "additionalInfo" : {
        "description" : "",
        "contentType" : "application/json; charset=utf-8",
        "documentState" : "VALID"
      },
      "objectExistence" : "WITH_DEPENDENCIES"
    }
  }, {
    "objectGuid" : "20opXTmR2iiifhjdGPwrEc",
    "objectName" : "SCM Export to Git",
    "objectType" : "PROCESS",
    "path" : "/Explore/SDLC",
    "metadata" : {
      "modelVersion" : {
        "major" : 1,
        "minor" : 0
      },
      "repoInfo" : {
        "repoHandle" : "77duD2L5SeE1KoJ-gt-57189-2018-07-17T20:31:03.694Z::pd.xml"
      },
      "objectRefs" : [ "8jRzOupAseJfbqdA3PHqqG", "1sV4HmNDyqfdE8CMkuit6g" ],
      "contextAttributes" : null,
      "additionalInfo" : {
        "description" : "This process implements partial Source Code Management. It exports the Cloud Assets using IICS REST API and checks them in Git using Git Contents API.",
        "contentType" : "application/json; charset=utf-8",
        "documentState" : "VALID"
      },
      "objectExistence" : "WITH_DEPENDENCIES"
    }
  }, {
    "objectGuid" : "4htzp6SiRqXiOLY1znxoAG",
    "objectName" : "Connections",
    "objectType" : "Folder",
    "path" : "/Explore/SDLC",
    "metadata" : {
      "modelVersion" : {
        "major" : 0,
        "minor" : 0
      },
      "repoInfo" : null,
      "objectRefs" : [ ],
      "contextAttributes" : [ ],
      "additionalInfo" : {
        "description" : "",
        "contentType" : "Binary",
        "documentState" : "COMPLETE"
      },
      "objectExistence" : "WITHOUT_DEPENDENCIES"
    }
  }, {
    "objectGuid" : "1sV4HmNDyqfdE8CMkuit6g",
    "objectName" : "IICS-REST-API-actions",
    "objectType" : "AI_CONNECTION",
    "path" : "/Explore/SDLC/Connections",
    "metadata" : {
      "modelVersion" : {
        "major" : 1,
        "minor" : 0
      },
      "repoInfo" : {
        "repoHandle" : "hFIMeINciZBpDUQ-gt-140730-2018-07-17T20:31:02.812Z::conn.xml"
      },
      "objectRefs" : [ ],
      "contextAttributes" : null,
      "additionalInfo" : {
        "description" : "s",
        "contentType" : "application/json; charset=utf-8",
        "documentState" : "VALID"
      },
      "objectExistence" : "WITH_DEPENDENCIES"
    }
  }, {
    "objectGuid" : "5Tlzl8kEAcRgQPbLfUgucq",
    "objectName" : "SCM Import from Git",
    "objectType" : "PROCESS",
    "path" : "/Explore/SDLC",
    "metadata" : {
      "modelVersion" : {
        "major" : 1,
        "minor" : 0
      },
      "repoInfo" : {
        "repoHandle" : "PsxKlFmVSciY3Ax-gt-57199-2018-07-17T20:31:03.767Z::pd.xml"
      },
      "objectRefs" : [ "8jRzOupAseJfbqdA3PHqqG", "1sV4HmNDyqfdE8CMkuit6g" ],
      "contextAttributes" : null,
      "additionalInfo" : {
        "description" : "This process implements partial Source Code Management. It checks out the Cloud Assets Export file from Git using Git Contents API and imports them into IICS using IICS REST API.",
        "contentType" : "application/json; charset=utf-8",
        "documentState" : "VALID"
      },
      "objectExistence" : "WITH_DEPENDENCIES"
    }
  }, {
    "objectGuid" : "8Tq57qbTJjdcX6titdP20H",
    "objectName" : "Service Connectors",
    "objectType" : "Folder",
    "path" : "/Explore/SDLC",
    "metadata" : {
      "modelVersion" : {
        "major" : 0,
        "minor" : 0
      },
      "repoInfo" : null,
      "objectRefs" : [ ],
      "contextAttributes" : [ ],
      "additionalInfo" : {
        "description" : "",
        "contentType" : "Binary",
        "documentState" : "COMPLETE"
      },
      "objectExistence" : "WITHOUT_DEPENDENCIES"
    }
  }, {
    "objectGuid" : "4Prhq8tLPJBkfvdE7I63qu",
    "objectName" : "Git Contents API",
    "objectType" : "AI_SERVICE_CONNECTOR",
    "path" : "/Explore/SDLC/Service Connectors",
    "metadata" : {
      "modelVersion" : {
        "major" : 1,
        "minor" : 0
      },
      "repoInfo" : {
        "repoHandle" : "UnZw7zsZvEIAkRt-gt-140722-2018-07-17T20:31:02.774Z::svc.xml"
      },
      "objectRefs" : [ ],
      "contextAttributes" : null,
      "additionalInfo" : {
        "description" : "This service connectors provides actions for Git Contents API. Refer https://developer.github.com/v3/repos/contents/",
        "contentType" : "application/json; charset=utf-8",
        "documentState" : "VALID"
      },
      "objectExistence" : "WITH_DEPENDENCIES"
    }
  }, {
    "objectGuid" : "3cnfB0eNQckggnbo8AamG3",
    "objectName" : "IICS REST API",
    "objectType" : "AI_SERVICE_CONNECTOR",
    "path" : "/Explore/SDLC/Service Connectors",
    "metadata" : {
      "modelVersion" : {
        "major" : 1,
        "minor" : 0
      },
      "repoInfo" : {
        "repoHandle" : "OOVGuDoWn2sqeEr-gt-140738-2018-07-17T20:31:02.965Z::svc.xml"
      },
      "objectRefs" : [ ],
      "contextAttributes" : null,
      "additionalInfo" : {
        "description" : "This service defines actions to connect to IICS through REST API",
        "contentType" : "application/json; charset=utf-8",
        "documentState" : "VALID"
      },
      "objectExistence" : "WITH_DEPENDENCIES"
    }
  } ]
}