{"EntryId":{"$t":"AggdpIO3M4WwOC2-gt-643704-2018-09-13T18:51:27.425Z::conn.xml"},"Name":{"$t":"FedEx-Tracking-API-Actions"},"ParentFlowIds":{"$t":"Nx46hyifPNzUzeA-gt-3080165-2018-09-13T18:51:27.635Z::pd.xml"},"MimeType":{"$t":"application\/xml+connection"},"Description":{"$t":"The Connection built upon the Fedex Service Connector."},"AppliesTo":{},"Tags":{},"VersionLabel":{"$t":"1.0"},"State":{"$t":"CURRENT"},"ProcessGroup":{},"CreatedBy":{"$t":"gstasko@svccon.com"},"CreationDate":{"$t":"2018-09-13T18:51:27Z"},"ModifiedBy":{},"PublicationStatus":{"$t":"unpublished"},"AutosaveExists":{"$t":"false"},"Entry":{"connection":{"displayName":"FedEx-Tracking-API-Actions","label":"FedEx-Tracking-API-Actions","name":"FedEx-Tracking-API-Actions","xmlns":"http:\/\/schemas.informatica.com\/socrates\/data-services\/2014\/04\/avosConnections.xsd","xmlns$aetgt":"http:\/\/schemas.active-endpoints.com\/appmodules\/repository\/2010\/10\/avrepository.xsd","description":{"$t":"The Connection built upon the Fedex Service Connector."},"tags":{},"agent":{},"attributes":{"attribute":[{"encrypted":"false","name":"AccountNumber","value":""},{"encrypted":"false","name":"MeterNumber","value":""},{"encrypted":"false","name":"Key","value":""},{"encrypted":"false","name":"Password","value":""}]},"businessConnector":{"agentOnly":"false","connectorPath":"project:\/rt.connector\/FedEx_Tracking_API\/FedEx_Tracking_API_svcDef.xml","guid":"71OZofgLTKfeeKqFOL6rw6","name":"FedEx_Tracking_API","supportsConnectionTest":"false","uuid":"0190bb03-22a8-44bf-a0a0-26b2b744719f","xmlns":"http:\/\/schemas.informatica.com\/appmodules\/screenflow\/2014\/04\/avosConnectors.xsd","description":{"$t":"The Service Connector that enables Package Tracking. Credentials are provided in the Connection.\n\n"}}}},"GUID":{"$t":"0Fwx7p7fZkjje2PcAJQJgn"},"DisplayName":{"$t":"FedEx-Tracking-API-Actions"}}