{"EntryId":{"$t":"Ki0lHww43dtQR6k-gt-2321676-2018-09-06T13:08:05.592Z::tf.xml"},"Name":{"$t":"TF_trigger"},"MimeType":{"$t":"application\/xml+taskflow"},"Description":{},"AppliesTo":{},"Tags":{},"VersionLabel":{"$t":"1.0"},"State":{"$t":"CURRENT"},"ProcessGroup":{},"CreatedBy":{"$t":"mjoseph@dibootcamp.infaips.com"},"CreationDate":{"$t":"2018-09-06T13:08:05Z"},"ModifiedBy":{"$t":"mjoseph@dibootcamp.infaips.com"},"ModificationDate":{"$t":"2018-09-12T13:08:34Z"},"PublicationStatus":{"$t":"unpublished"},"AutosaveExists":{"$t":"false"},"Entry":{"taskflow":{"displayName":"TF_trigger","name":"TF_trigger","xmlns":"http:\/\/schemas.active-endpoints.com\/appmodules\/screenflow\/2010\/10\/avosScreenflow.xsd","xmlns$aetgt":"http:\/\/schemas.active-endpoints.com\/appmodules\/repository\/2010\/10\/avrepository.xsd","xmlns$list":"urn:activevos:spi:list:functions","appliesTo":{},"description":{},"tags":{},"generator":{"$t":"Informatica Process Designer 9"},"input":{"parameter":[{"description":"","name":"Data Task 1","type":"reference","options":{"option":{"name":"referenceTo","$t":"$po:DSS-check-file"}}},{"description":"","name":"Data Task 2","type":"reference","options":{"option":{"name":"referenceTo","$t":"$po:mct-PDO-Ora"}}}]},"notes":{},"deployment":{"suspendOnFault":"true","tracingLevel":"verbose","rest":{}},"flow":{"id":"a","start":{"id":"b","link":{"id":"jlqky17l","targetId":"jlqky17t"}},"eventContainer":{"id":"jlqky17t","service":{"id":"jlqky17k","title":{"$t":"Data Task 1"},"serviceName":{"$t":"ICSExecuteDataTask"},"serviceInput":{"parameter":[{"name":"Wait for Task to Complete","source":"constant","updatable":"true","$t":"true"},{"name":"Max Wait","source":"constant","updatable":"true","$t":"86400"},{"name":"Task Name","source":"constant","updatable":"true","$t":"DSS_check_file"},{"name":"GUID","source":"constant","updatable":"true","$t":"c8ewPuf1v4idQ6NA6YN3Yu"},{"name":"Task Type","source":"constant","updatable":"true","$t":"SAAS_DSS"},{"name":"Has Inout Parameters","source":"constant","updatable":"true","$t":"false"},{"name":"taskField","source":"nested","operation":{"source":"field","to":"DSS-check-file","$t":"input.Data Task 1"}}]},"serviceOutput":{"operation":[{"source":"field","to":"input.Data Task 1\/output","$t":"Success Source Rows"},{"source":"field","to":"input.Data Task 1\/output\/Object_Name","$t":"Object Name"},{"source":"field","to":"input.Data Task 1\/output\/Run_Id","$t":"Run Id"},{"source":"field","to":"input.Data Task 1\/output\/Log_Id","$t":"Log Id"},{"source":"field","to":"input.Data Task 1\/output\/Task_Status","$t":"Task Status"},{"source":"field","to":"input.Data Task 1\/output\/Success_Source_Rows","$t":"Success Source Rows"},{"source":"field","to":"input.Data Task 1\/output\/Failed_Source_Rows","$t":"Failed Source Rows"},{"source":"field","to":"input.Data Task 1\/output\/Success_Target_Rows","$t":"Success Target Rows"},{"source":"field","to":"input.Data Task 1\/output\/Failed_Target_Rows","$t":"Failed Target Rows"},{"source":"field","to":"input.Data Task 1\/output\/Start_Time","$t":"Start Time"},{"source":"field","to":"input.Data Task 1\/output\/End_Time","$t":"End Time"},{"source":"field","to":"input.Data Task 1\/output\/Error_Message","$t":"Error Message"}]}},"link":{"id":"jlqky17z","targetId":"jlqky17y"},"events":{"catch":[{"faultField":"input.Data Task 1\/fault","id":"jlqky17r","interrupting":"true","name":"error","suspend":{}},{"faultField":"input.Data Task 1\/fault","id":"jlqky17s","interrupting":"true","name":"warning"}]}},"container":{"id":"jlqky17y","type":"exclusive","title":{"$t":"Decision 1"},"flow":[{"id":"jlqky182","eventContainer":{"id":"jlz5tqsh","service":{"id":"jlqky18l","title":{"$t":"Data Task 2"},"serviceName":{"$t":"ICSExecuteDataTask"},"serviceInput":{"parameter":[{"name":"Wait for Task to Complete","source":"constant","updatable":"true","$t":"true"},{"name":"Max Wait","source":"constant","updatable":"true","$t":"86400"},{"name":"Task Name","source":"constant","updatable":"true","$t":"mct_PDO_Ora"},{"name":"GUID","source":"constant","updatable":"true","$t":"6weKPLx0fEEbL7vlfnRX8h"},{"name":"Task Type","source":"constant","updatable":"true","$t":"MCT"},{"name":"Has Inout Parameters","source":"constant","updatable":"true","$t":"false"},{"name":"taskField","source":"nested","operation":{"source":"field","to":"mct-PDO-Ora","$t":"input.Data Task 2"}}]},"serviceOutput":{"operation":[{"source":"field","to":"input.Data Task 2\/output","$t":"Success Source Rows"},{"source":"field","to":"input.Data Task 2\/output\/Object_Name","$t":"Object Name"},{"source":"field","to":"input.Data Task 2\/output\/Run_Id","$t":"Run Id"},{"source":"field","to":"input.Data Task 2\/output\/Log_Id","$t":"Log Id"},{"source":"field","to":"input.Data Task 2\/output\/Task_Status","$t":"Task Status"},{"source":"field","to":"input.Data Task 2\/output\/Success_Source_Rows","$t":"Success Source Rows"},{"source":"field","to":"input.Data Task 2\/output\/Failed_Source_Rows","$t":"Failed Source Rows"},{"source":"field","to":"input.Data Task 2\/output\/Success_Target_Rows","$t":"Success Target Rows"},{"source":"field","to":"input.Data Task 2\/output\/Failed_Target_Rows","$t":"Failed Target Rows"},{"source":"field","to":"input.Data Task 2\/output\/Start_Time","$t":"Start Time"},{"source":"field","to":"input.Data Task 2\/output\/End_Time","$t":"End Time"},{"source":"field","to":"input.Data Task 2\/output\/Error_Message","$t":"Error Message"}]}},"events":{"catch":[{"faultField":"input.Data Task 2\/fault","id":"jlz5tqsf","interrupting":"true","name":"error","suspend":{}},{"faultField":"input.Data Task 2\/fault","id":"jlz5tqsg","interrupting":"true","name":"warning"}]}},"link":{"id":"jlqky183","targetId":"jlqky17y","type":"containerLink"}},{"id":"jlqky185","link":{"id":"jlqky186","targetId":"jlqky17y","type":"containerLink"}}],"link":[{"id":"jlqky181","targetId":"jlqky182","type":"containerLink","condition":{"source":"formula","function":{"name":"string-equals","arg":[{"name":"left","$t":"{$input.DataTask1[1]\/output[1]\/Task_Status}"},{"name":"right","$t":"1"}]}}},{"id":"jlqky184","targetId":"jlqky185","type":"containerLink"},{"id":"jlqky180","targetId":"c"}]},"end":{"id":"c"}},"dependencies":{"processObject":[{"displayName":"DSS-check-file","isByCopy":"true","name":"DSS-check-file","xmlns":"http:\/\/schemas.active-endpoints.com\/appmodules\/screenflow\/2011\/06\/avosHostEnvironment.xsd","description":{},"tags":{},"detail":{"field":[{"label":"Output Parameters","name":"output","type":"reference"},{"label":"Fault","name":"fault","type":"reference"}]}},{"displayName":"mct-PDO-Ora","isByCopy":"true","name":"mct-PDO-Ora","xmlns":"http:\/\/schemas.active-endpoints.com\/appmodules\/screenflow\/2011\/06\/avosHostEnvironment.xsd","description":{},"tags":{},"detail":{"field":[{"label":"Output Parameters","name":"output","type":"reference"},{"label":"Fault","name":"fault","type":"reference"}]}}]}}},"GUID":{"$t":"kK5NEIt3222kWej4d62U4Q"},"DisplayName":{"$t":"TF_trigger"}}