{
  "name" : "job-1536336800119",
  "sourceOrgId" : "2S2se050l7re3QWkJp9SwV",
  "sourceOrgName" : "Informatica",
  "exportedObjects" : [ {
    "objectGuid" : "24ukUf5Bxkudwu5ywzoyeY",
    "objectName" : "ReliableLoginConn",
    "objectType" : "Connection",
    "path" : "/SYS",
    "metadata" : {
      "modelVersion" : {
        "major" : 0,
        "minor" : 0
      },
      "repoInfo" : {
        "repoHandle" : "01002K0B000000000007"
      },
      "objectRefs" : [ "dkosBpL944ikT6hf0KPwkE" ],
      "contextAttributes" : [ {
        "name" : "id",
        "value" : "@1"
      } ],
      "additionalInfo" : {
        "description" : null,
        "contentType" : "JSON",
        "documentState" : "COMPLETE"
      },
      "objectExistence" : "WITH_DEPENDENCIES"
    }
  }, {
    "objectGuid" : "1aoD2jExzwulNrf25j5fqF",
    "objectName" : "dss_trial",
    "objectType" : "DSS",
    "path" : "/Explore/Sukhman_Project",
    "metadata" : {
      "modelVersion" : {
        "major" : 0,
        "minor" : 0
      },
      "repoInfo" : {
        "repoHandle" : "01002K0I000000000005"
      },
      "objectRefs" : [ "6BYEdnHLRlUgyuzmxAB9Wy", "6kuYJOQ7tyxkCgEfzywYUK" ],
      "contextAttributes" : [ {
        "name" : "id",
        "value" : "@1"
      } ],
      "additionalInfo" : {
        "description" : "",
        "contentType" : "JSON",
        "documentState" : "VALID"
      },
      "objectExistence" : "WITH_DEPENDENCIES"
    }
  }, {
    "objectGuid" : "2yVTC071gSvhLoQgTromKf",
    "objectName" : "sfcon-infa",
    "objectType" : "Connection",
    "path" : "/SYS",
    "metadata" : {
      "modelVersion" : {
        "major" : 0,
        "minor" : 0
      },
      "repoInfo" : {
        "repoHandle" : "01002K0B000000000003"
      },
      "objectRefs" : [ "dkosBpL944ikT6hf0KPwkE" ],
      "contextAttributes" : [ {
        "name" : "id",
        "value" : "@1"
      } ],
      "additionalInfo" : {
        "description" : null,
        "contentType" : "JSON",
        "documentState" : "COMPLETE"
      },
      "objectExistence" : "WITH_DEPENDENCIES"
    }
  }, {
    "objectGuid" : "4CxYZ8y58Spl6UXJaSUawx",
    "objectName" : "Mapping1",
    "objectType" : "DTEMPLATE",
    "path" : "/Explore/Sukhman_Project",
    "metadata" : {
      "modelVersion" : {
        "major" : 0,
        "minor" : 0
      },
      "repoInfo" : {
        "repoHandle" : "01002K17000000000004"
      },
      "objectRefs" : [ "1G2fTKGHB7ZknMZnTWFLEJ" ],
      "contextAttributes" : [ {
        "name" : "id",
        "value" : "@1"
      } ],
      "additionalInfo" : {
        "description" : "",
        "contentType" : "JSON",
        "documentState" : "VALID"
      },
      "objectExistence" : "WITH_DEPENDENCIES"
    }
  }, {
    "objectGuid" : "0ZcqkfTzaLiftXGeaDJn2V",
    "objectName" : "mct_GetWorkOrderStatus",
    "objectType" : "MTT",
    "path" : "/Explore/Sukhman_Project",
    "metadata" : {
      "modelVersion" : {
        "major" : 0,
        "minor" : 0
      },
      "repoInfo" : {
        "repoHandle" : "01002K0Z000000000003"
      },
      "objectRefs" : [ "dkosBpL944ikT6hf0KPwkE", "6kuYJOQ7tyxkCgEfzywYUK", "1RbXBVvZv1DlTTShmHt6IM" ],
      "contextAttributes" : [ {
        "name" : "id",
        "value" : "@1"
      } ],
      "additionalInfo" : {
        "description" : "",
        "contentType" : "JSON",
        "documentState" : "VALID"
      },
      "objectExistence" : "WITH_DEPENDENCIES"
    }
  }, {
    "objectGuid" : "9sGQMpWp9EDhsqgXaJsMOF",
    "objectName" : "Orcl_Lookup_connected_override",
    "objectType" : "DTEMPLATE",
    "path" : "/Explore/Sukhman_Project",
    "metadata" : {
      "modelVersion" : {
        "major" : 0,
        "minor" : 0
      },
      "repoInfo" : {
        "repoHandle" : "01002K1700000000000I"
      },
      "objectRefs" : [ "6M5n4Cs9ozgkBhT5F1cwQw", "5RREzGaEN0GdxywBqJbHuT" ],
      "contextAttributes" : [ {
        "name" : "id",
        "value" : "@1"
      } ],
      "additionalInfo" : {
        "description" : "",
        "contentType" : "JSON",
        "documentState" : "VALID"
      },
      "objectExistence" : "WITH_DEPENDENCIES"
    }
  }, {
    "objectGuid" : "9RHzERHY0CTdS48IjZtCOP",
    "objectName" : "TestSchedule2",
    "objectType" : "DTEMPLATE",
    "path" : "/Explore/Sukhman_Project",
    "metadata" : {
      "modelVersion" : {
        "major" : 0,
        "minor" : 0
      },
      "repoInfo" : {
        "repoHandle" : "01002K1700000000000O"
      },
      "objectRefs" : [ "6M5n4Cs9ozgkBhT5F1cwQw" ],
      "contextAttributes" : [ {
        "name" : "id",
        "value" : "@1"
      } ],
      "additionalInfo" : {
        "description" : "",
        "contentType" : "JSON",
        "documentState" : "VALID"
      },
      "objectExistence" : "WITH_DEPENDENCIES"
    }
  }, {
    "objectGuid" : "9gyjnz1Bo8vjTNSkNfqd8N",
    "objectName" : "TestSchedule",
    "objectType" : "WORKFLOW",
    "path" : "/Explore/Sukhman_Project",
    "metadata" : {
      "modelVersion" : {
        "major" : 0,
        "minor" : 0
      },
      "repoInfo" : {
        "repoHandle" : "01002K0N000000000002"
      },
      "objectRefs" : [ "5ZlCOI0766hbvd7i1mxpiu", "1B97DJOGMtMiPAzPuc8ZS1" ],
      "contextAttributes" : [ {
        "name" : "id",
        "value" : "@1"
      } ],
      "additionalInfo" : {
        "description" : null,
        "contentType" : "JSON",
        "documentState" : "VALID"
      },
      "objectExistence" : "WITH_DEPENDENCIES"
    }
  }, {
    "objectGuid" : "1giaqEo8DYOfVklz5EgAGH",
    "objectName" : "schema_REMS",
    "objectType" : "HSCHEMA",
    "path" : "/Explore/Sukhman_Project/UCSD",
    "metadata" : {
      "modelVersion" : {
        "major" : 0,
        "minor" : 0
      },
      "repoInfo" : {
        "repoHandle" : "01002K36000000000002"
      },
      "objectRefs" : [ ],
      "contextAttributes" : [ {
        "name" : "id",
        "value" : "@1"
      } ],
      "additionalInfo" : {
        "description" : "",
        "contentType" : "JSON",
        "documentState" : "VALID"
      },
      "objectExistence" : "WITH_DEPENDENCIES"
    }
  }, {
    "objectGuid" : "jDgVIXcJkoDewlBh1zKc6m",
    "objectName" : "bs_Rel_Login",
    "objectType" : "BSERVICE",
    "path" : "/Explore/Sukhman_Project",
    "metadata" : {
      "modelVersion" : {
        "major" : 0,
        "minor" : 0
      },
      "repoInfo" : {
        "repoHandle" : "01002K27000000000003"
      },
      "objectRefs" : [ "24ukUf5Bxkudwu5ywzoyeY" ],
      "contextAttributes" : [ {
        "name" : "id",
        "value" : "@1"
      }, {
        "name" : "01002K28000000000003",
        "value" : "jDgVIXcJkoDewlBh1zKc6m@GetAccessToken"
      } ],
      "additionalInfo" : {
        "description" : "",
        "contentType" : "JSON",
        "documentState" : "VALID"
      },
      "objectExistence" : "WITH_DEPENDENCIES"
    }
  }, {
    "objectGuid" : "0MNZwhBPK5Dji9qhL6azAx",
    "objectName" : "mct_ParamTestShellOut_new",
    "objectType" : "MTT",
    "path" : "/Explore/Sukhman_Project/GreenDot",
    "metadata" : {
      "modelVersion" : {
        "major" : 0,
        "minor" : 0
      },
      "repoInfo" : {
        "repoHandle" : "01002K0Z00000000000L"
      },
      "objectRefs" : [ "6M5n4Cs9ozgkBhT5F1cwQw", "1G2fTKGHB7ZknMZnTWFLEJ", "dkosBpL944ikT6hf0KPwkE", "9DyGMnebeYPbD70yDdjtIr" ],
      "contextAttributes" : [ {
        "name" : "id",
        "value" : "@1"
      } ],
      "additionalInfo" : {
        "description" : "for testing in-out params persistentce",
        "contentType" : "JSON",
        "documentState" : "VALID"
      },
      "objectExistence" : "WITH_DEPENDENCIES"
    }
  }, {
    "objectGuid" : "kxglaNBKW8rdmFs7YbeEc6",
    "objectName" : "Orcl_Lookup",
    "objectType" : "DTEMPLATE",
    "path" : "/Explore/Sukhman_Project",
    "metadata" : {
      "modelVersion" : {
        "major" : 0,
        "minor" : 0
      },
      "repoInfo" : {
        "repoHandle" : "01002K1700000000000E"
      },
      "objectRefs" : [ "6M5n4Cs9ozgkBhT5F1cwQw", "5RREzGaEN0GdxywBqJbHuT" ],
      "contextAttributes" : [ {
        "name" : "id",
        "value" : "@1"
      } ],
      "additionalInfo" : {
        "description" : "",
        "contentType" : "JSON",
        "documentState" : "VALID"
      },
      "objectExistence" : "WITH_DEPENDENCIES"
    }
  }, {
    "objectGuid" : "9bBUgCawfEKeRqBL1n2j2S",
    "objectName" : "mct_ParamTestShellOut",
    "objectType" : "MTT",
    "path" : "/Explore/Sukhman_Project",
    "metadata" : {
      "modelVersion" : {
        "major" : 0,
        "minor" : 0
      },
      "repoInfo" : {
        "repoHandle" : "01002K0Z00000000000G"
      },
      "objectRefs" : [ "6M5n4Cs9ozgkBhT5F1cwQw", "1G2fTKGHB7ZknMZnTWFLEJ", "dkosBpL944ikT6hf0KPwkE", "9DyGMnebeYPbD70yDdjtIr" ],
      "contextAttributes" : [ {
        "name" : "id",
        "value" : "@1"
      } ],
      "additionalInfo" : {
        "description" : "",
        "contentType" : "JSON",
        "documentState" : "VALID"
      },
      "objectExistence" : "WITH_DEPENDENCIES"
    }
  }, {
    "objectGuid" : "gRL4s8PNf2Je3ftZkTdHQN",
    "objectName" : "Orcl_Lookup_connected_override",
    "objectType" : "DTEMPLATE",
    "path" : "/Explore/Sukhman_Project/GreenDot",
    "metadata" : {
      "modelVersion" : {
        "major" : 0,
        "minor" : 0
      },
      "repoInfo" : {
        "repoHandle" : "01002K1700000000000J"
      },
      "objectRefs" : [ "6M5n4Cs9ozgkBhT5F1cwQw", "5RREzGaEN0GdxywBqJbHuT" ],
      "contextAttributes" : [ {
        "name" : "id",
        "value" : "@1"
      } ],
      "additionalInfo" : {
        "description" : "",
        "contentType" : "JSON",
        "documentState" : "VALID"
      },
      "objectExistence" : "WITH_DEPENDENCIES"
    }
  }, {
    "objectGuid" : "5x7WsBpQFqlk1LZL5ejoY5",
    "objectName" : "Sukhman_Project",
    "objectType" : "Project",
    "path" : "/Explore",
    "metadata" : {
      "modelVersion" : {
        "major" : 0,
        "minor" : 0
      },
      "repoInfo" : null,
      "objectRefs" : [ ],
      "contextAttributes" : [ ],
      "additionalInfo" : {
        "description" : "",
        "contentType" : "Binary",
        "documentState" : "COMPLETE"
      },
      "objectExistence" : "WITHOUT_DEPENDENCIES"
    }
  }, {
    "objectGuid" : "9QH7jOlk6SugEGQlD3gE4Q",
    "objectName" : "Orcl_Lookup_sql",
    "objectType" : "DTEMPLATE",
    "path" : "/Explore/Sukhman_Project",
    "metadata" : {
      "modelVersion" : {
        "major" : 0,
        "minor" : 0
      },
      "repoInfo" : {
        "repoHandle" : "01002K1700000000000F"
      },
      "objectRefs" : [ "6M5n4Cs9ozgkBhT5F1cwQw", "5RREzGaEN0GdxywBqJbHuT" ],
      "contextAttributes" : [ {
        "name" : "id",
        "value" : "@1"
      } ],
      "additionalInfo" : {
        "description" : "",
        "contentType" : "JSON",
        "documentState" : "VALID"
      },
      "objectExistence" : "WITH_DEPENDENCIES"
    }
  }, {
    "objectGuid" : "2YuwtiozVe4luhXlwq1zGK",
    "objectName" : "ParamTestCopy",
    "objectType" : "DTEMPLATE",
    "path" : "/Explore/Sukhman_Project",
    "metadata" : {
      "modelVersion" : {
        "major" : 0,
        "minor" : 0
      },
      "repoInfo" : {
        "repoHandle" : "01002K1700000000000B"
      },
      "objectRefs" : [ "6M5n4Cs9ozgkBhT5F1cwQw", "1G2fTKGHB7ZknMZnTWFLEJ" ],
      "contextAttributes" : [ {
        "name" : "id",
        "value" : "@1"
      } ],
      "additionalInfo" : {
        "description" : "",
        "contentType" : "JSON",
        "documentState" : "VALID"
      },
      "objectExistence" : "WITH_DEPENDENCIES"
    }
  }, {
    "objectGuid" : "9DyGMnebeYPbD70yDdjtIr",
    "objectName" : "ParamTestShellOut",
    "objectType" : "DTEMPLATE",
    "path" : "/Explore/Sukhman_Project",
    "metadata" : {
      "modelVersion" : {
        "major" : 0,
        "minor" : 0
      },
      "repoInfo" : {
        "repoHandle" : "01002K1700000000000D"
      },
      "objectRefs" : [ "6M5n4Cs9ozgkBhT5F1cwQw", "1G2fTKGHB7ZknMZnTWFLEJ" ],
      "contextAttributes" : [ {
        "name" : "id",
        "value" : "@1"
      } ],
      "additionalInfo" : {
        "description" : "",
        "contentType" : "JSON",
        "documentState" : "VALID"
      },
      "objectExistence" : "WITH_DEPENDENCIES"
    }
  }, {
    "objectGuid" : "dDxPcVnY5Gfc74CwrNLmoS",
    "objectName" : "mct_GetwoorkOrder_new_sfdc",
    "objectType" : "MTT",
    "path" : "/Explore/Sukhman_Project",
    "metadata" : {
      "modelVersion" : {
        "major" : 0,
        "minor" : 0
      },
      "repoInfo" : {
        "repoHandle" : "01002K0Z000000000006"
      },
      "objectRefs" : [ "24ukUf5Bxkudwu5ywzoyeY", "70nCTgFdkedcJzLtrMvz0Q", "2yVTC071gSvhLoQgTromKf", "dkosBpL944ikT6hf0KPwkE", "27CqD4aDGDxde6j6WS0ec7" ],
      "contextAttributes" : [ {
        "name" : "id",
        "value" : "@1"
      } ],
      "additionalInfo" : {
        "description" : "",
        "contentType" : "JSON",
        "documentState" : "VALID"
      },
      "objectExistence" : "WITH_DEPENDENCIES"
    }
  }, {
    "objectGuid" : "7yXfhBeI1Emd8y6f9F4AQM",
    "objectName" : "mct_GetWorkOrderStatus_new_SFDC",
    "objectType" : "MTT",
    "path" : "/Explore/Sukhman_Project",
    "metadata" : {
      "modelVersion" : {
        "major" : 0,
        "minor" : 0
      },
      "repoInfo" : {
        "repoHandle" : "01002K0Z000000000004"
      },
      "objectRefs" : [ "24ukUf5Bxkudwu5ywzoyeY", "70nCTgFdkedcJzLtrMvz0Q", "2yVTC071gSvhLoQgTromKf", "dkosBpL944ikT6hf0KPwkE", "27CqD4aDGDxde6j6WS0ec7" ],
      "contextAttributes" : [ {
        "name" : "id",
        "value" : "@1"
      } ],
      "additionalInfo" : {
        "description" : "",
        "contentType" : "JSON",
        "documentState" : "VALID"
      },
      "objectExistence" : "WITH_DEPENDENCIES"
    }
  }, {
    "objectGuid" : "7uASa1QVHMHjyQyPd7yReE",
    "objectName" : "m_ucsd_xml_parser",
    "objectType" : "DTEMPLATE",
    "path" : "/Explore/Sukhman_Project/UCSD",
    "metadata" : {
      "modelVersion" : {
        "major" : 0,
        "minor" : 0
      },
      "repoInfo" : {
        "repoHandle" : "01002K1700000000000P"
      },
      "objectRefs" : [ "6M5n4Cs9ozgkBhT5F1cwQw", "1giaqEo8DYOfVklz5EgAGH" ],
      "contextAttributes" : [ {
        "name" : "id",
        "value" : "@1"
      } ],
      "additionalInfo" : {
        "description" : "",
        "contentType" : "JSON",
        "documentState" : "VALID"
      },
      "objectExistence" : "WITH_DEPENDENCIES"
    }
  }, {
    "objectGuid" : "7wWrvrQ59n6dPqMIxf8YIC",
    "objectName" : "Orcl_Lookup_sql_override",
    "objectType" : "DTEMPLATE",
    "path" : "/Explore/Sukhman_Project",
    "metadata" : {
      "modelVersion" : {
        "major" : 0,
        "minor" : 0
      },
      "repoInfo" : {
        "repoHandle" : "01002K1700000000000G"
      },
      "objectRefs" : [ "6M5n4Cs9ozgkBhT5F1cwQw", "5RREzGaEN0GdxywBqJbHuT" ],
      "contextAttributes" : [ {
        "name" : "id",
        "value" : "@1"
      } ],
      "additionalInfo" : {
        "description" : "",
        "contentType" : "JSON",
        "documentState" : "VALID"
      },
      "objectExistence" : "WITH_DEPENDENCIES"
    }
  }, {
    "objectGuid" : "5RREzGaEN0GdxywBqJbHuT",
    "objectName" : "localOrclXE",
    "objectType" : "Connection",
    "path" : "/SYS",
    "metadata" : {
      "modelVersion" : {
        "major" : 0,
        "minor" : 0
      },
      "repoInfo" : {
        "repoHandle" : "01002K0B00000000000B"
      },
      "objectRefs" : [ "dkosBpL944ikT6hf0KPwkE" ],
      "contextAttributes" : [ {
        "name" : "id",
        "value" : "@1"
      } ],
      "additionalInfo" : {
        "description" : null,
        "contentType" : "JSON",
        "documentState" : "COMPLETE"
      },
      "objectExistence" : "WITH_DEPENDENCIES"
    }
  }, {
    "objectGuid" : "1l7EWxq1Sbif169AsCtpIL",
    "objectName" : "TestSchedule",
    "objectType" : "TASKFLOW",
    "path" : "/Explore/Sukhman_Project",
    "metadata" : {
      "modelVersion" : {
        "major" : 1,
        "minor" : 0
      },
      "repoInfo" : {
        "repoHandle" : "MfOC2XZPnE29Em2-gt-2393595-2018-09-07T15:16:37.617Z::tf.xml"
      },
      "objectRefs" : [ "5ZlCOI0766hbvd7i1mxpiu", "1B97DJOGMtMiPAzPuc8ZS1" ],
      "contextAttributes" : null,
      "additionalInfo" : {
        "description" : "",
        "contentType" : "application/json; charset=utf-8",
        "documentState" : "VALID"
      },
      "objectExistence" : "WITH_DEPENDENCIES"
    }
  }, {
    "objectGuid" : "4hgCDeuKmAMc3go6UXrXM9",
    "objectName" : "mct_GetWorkOrderStatus_new_test",
    "objectType" : "MTT",
    "path" : "/Explore/Sukhman_Project",
    "metadata" : {
      "modelVersion" : {
        "major" : 0,
        "minor" : 0
      },
      "repoInfo" : {
        "repoHandle" : "01002K0Z000000000002"
      },
      "objectRefs" : [ "dkosBpL944ikT6hf0KPwkE", "6kuYJOQ7tyxkCgEfzywYUK", "07owhYvwn4tk2nDuiqTPER" ],
      "contextAttributes" : [ {
        "name" : "id",
        "value" : "@1"
      } ],
      "additionalInfo" : {
        "description" : "",
        "contentType" : "JSON",
        "documentState" : "VALID"
      },
      "objectExistence" : "WITH_DEPENDENCIES"
    }
  }, {
    "objectGuid" : "8VZKmnawV4wePqJEgJTvuJ",
    "objectName" : "User",
    "objectType" : "PROCESS_OBJECT",
    "path" : "/Explore/Sukhman_Project/Xifin",
    "metadata" : {
      "modelVersion" : {
        "major" : 1,
        "minor" : 0
      },
      "repoInfo" : {
        "repoHandle" : "rtRuImXycotFgpK-gt-134915-2018-07-10T22:34:16.288Z::po.xml"
      },
      "objectRefs" : [ ],
      "contextAttributes" : null,
      "additionalInfo" : {
        "description" : "",
        "contentType" : "application/json; charset=utf-8",
        "documentState" : "VALID"
      },
      "objectExistence" : "WITH_DEPENDENCIES"
    }
  }, {
    "objectGuid" : "70nCTgFdkedcJzLtrMvz0Q",
    "objectName" : "m_GetWorkOrderStatus_new_sfdc",
    "objectType" : "DTEMPLATE",
    "path" : "/Explore/Sukhman_Project",
    "metadata" : {
      "modelVersion" : {
        "major" : 0,
        "minor" : 0
      },
      "repoInfo" : {
        "repoHandle" : "01002K17000000000008"
      },
      "objectRefs" : [ "24ukUf5Bxkudwu5ywzoyeY", "2yVTC071gSvhLoQgTromKf", "27CqD4aDGDxde6j6WS0ec7" ],
      "contextAttributes" : [ {
        "name" : "id",
        "value" : "@1"
      } ],
      "additionalInfo" : {
        "description" : "",
        "contentType" : "JSON",
        "documentState" : "VALID"
      },
      "objectExistence" : "WITH_DEPENDENCIES"
    }
  }, {
    "objectGuid" : "3PjfwIaIjFXgk3sBnhQNoV",
    "objectName" : "m_src_rel",
    "objectType" : "DTEMPLATE",
    "path" : "/Explore/Sukhman_Project",
    "metadata" : {
      "modelVersion" : {
        "major" : 0,
        "minor" : 0
      },
      "repoInfo" : {
        "repoHandle" : "01002K17000000000005"
      },
      "objectRefs" : [ "24ukUf5Bxkudwu5ywzoyeY", "6kuYJOQ7tyxkCgEfzywYUK" ],
      "contextAttributes" : [ {
        "name" : "id",
        "value" : "@1"
      } ],
      "additionalInfo" : {
        "description" : "",
        "contentType" : "JSON",
        "documentState" : "VALID"
      },
      "objectExistence" : "WITH_DEPENDENCIES"
    }
  }, {
    "objectGuid" : "1G2fTKGHB7ZknMZnTWFLEJ",
    "objectName" : "test-sfdc",
    "objectType" : "Connection",
    "path" : "/SYS",
    "metadata" : {
      "modelVersion" : {
        "major" : 0,
        "minor" : 0
      },
      "repoInfo" : {
        "repoHandle" : "01002K0B000000000004"
      },
      "objectRefs" : [ "dkosBpL944ikT6hf0KPwkE" ],
      "contextAttributes" : [ {
        "name" : "id",
        "value" : "@1"
      } ],
      "additionalInfo" : {
        "description" : null,
        "contentType" : "JSON",
        "documentState" : "COMPLETE"
      },
      "objectExistence" : "WITH_DEPENDENCIES"
    }
  }, {
    "objectGuid" : "dkosBpL944ikT6hf0KPwkE",
    "objectName" : "PSVW12PRD1",
    "objectType" : "AgentGroup",
    "path" : "/SYS",
    "metadata" : {
      "modelVersion" : {
        "major" : 0,
        "minor" : 0
      },
      "repoInfo" : {
        "repoHandle" : "01002K25000000000002"
      },
      "objectRefs" : [ ],
      "contextAttributes" : [ {
        "name" : "id",
        "value" : "@1"
      } ],
      "additionalInfo" : {
        "description" : null,
        "contentType" : "JSON",
        "documentState" : "VALID"
      },
      "objectExistence" : "WITH_DEPENDENCIES"
    }
  }, {
    "objectGuid" : "27CqD4aDGDxde6j6WS0ec7",
    "objectName" : "bs_rel_Order_Status",
    "objectType" : "BSERVICE",
    "path" : "/Explore/Sukhman_Project",
    "metadata" : {
      "modelVersion" : {
        "major" : 0,
        "minor" : 0
      },
      "repoInfo" : {
        "repoHandle" : "01002K27000000000002"
      },
      "objectRefs" : [ "8HKI1QJFY8dcJ0BxikH583" ],
      "contextAttributes" : [ {
        "name" : "id",
        "value" : "@1"
      }, {
        "name" : "01002K28000000000002",
        "value" : "27CqD4aDGDxde6j6WS0ec7@GetOrderStatus"
      } ],
      "additionalInfo" : {
        "description" : "",
        "contentType" : "JSON",
        "documentState" : "VALID"
      },
      "objectExistence" : "WITH_DEPENDENCIES"
    }
  }, {
    "objectGuid" : "1RbXBVvZv1DlTTShmHt6IM",
    "objectName" : "m_GetWorkOrderStatus_linetem",
    "objectType" : "DTEMPLATE",
    "path" : "/Explore/Sukhman_Project",
    "metadata" : {
      "modelVersion" : {
        "major" : 0,
        "minor" : 0
      },
      "repoInfo" : {
        "repoHandle" : "01002K17000000000006"
      },
      "objectRefs" : [ "6kuYJOQ7tyxkCgEfzywYUK" ],
      "contextAttributes" : [ {
        "name" : "id",
        "value" : "@1"
      } ],
      "additionalInfo" : {
        "description" : "",
        "contentType" : "JSON",
        "documentState" : "VALID"
      },
      "objectExistence" : "WITH_DEPENDENCIES"
    }
  }, {
    "objectGuid" : "6M5n4Cs9ozgkBhT5F1cwQw",
    "objectName" : "ff_local",
    "objectType" : "Connection",
    "path" : "/SYS",
    "metadata" : {
      "modelVersion" : {
        "major" : 0,
        "minor" : 0
      },
      "repoInfo" : {
        "repoHandle" : "01002K0B000000000002"
      },
      "objectRefs" : [ "dkosBpL944ikT6hf0KPwkE" ],
      "contextAttributes" : [ {
        "name" : "id",
        "value" : "@1"
      } ],
      "additionalInfo" : {
        "description" : null,
        "contentType" : "JSON",
        "documentState" : "COMPLETE"
      },
      "objectExistence" : "WITH_DEPENDENCIES"
    }
  }, {
    "objectGuid" : "5ZlCOI0766hbvd7i1mxpiu",
    "objectName" : "TestSchedule1",
    "objectType" : "DSS",
    "path" : "/Explore/Sukhman_Project",
    "metadata" : {
      "modelVersion" : {
        "major" : 0,
        "minor" : 0
      },
      "repoInfo" : {
        "repoHandle" : "01002K0I000000000007"
      },
      "objectRefs" : [ "6M5n4Cs9ozgkBhT5F1cwQw" ],
      "contextAttributes" : [ {
        "name" : "id",
        "value" : "@1"
      } ],
      "additionalInfo" : {
        "description" : "",
        "contentType" : "JSON",
        "documentState" : "VALID"
      },
      "objectExistence" : "WITH_DEPENDENCIES"
    }
  }, {
    "objectGuid" : "6BYEdnHLRlUgyuzmxAB9Wy",
    "objectName" : "IntegrationDB",
    "objectType" : "Connection",
    "path" : "/SYS",
    "metadata" : {
      "modelVersion" : {
        "major" : 0,
        "minor" : 0
      },
      "repoInfo" : {
        "repoHandle" : "01002K0B000000000006"
      },
      "objectRefs" : [ "dkosBpL944ikT6hf0KPwkE" ],
      "contextAttributes" : [ {
        "name" : "id",
        "value" : "@1"
      } ],
      "additionalInfo" : {
        "description" : "Connection to Oracle database ITGd.",
        "contentType" : "JSON",
        "documentState" : "COMPLETE"
      },
      "objectExistence" : "WITH_DEPENDENCIES"
    }
  }, {
    "objectGuid" : "6kuYJOQ7tyxkCgEfzywYUK",
    "objectName" : "SNA-CONS2",
    "objectType" : "Connection",
    "path" : "/SYS",
    "metadata" : {
      "modelVersion" : {
        "major" : 0,
        "minor" : 0
      },
      "repoInfo" : {
        "repoHandle" : "01002K0B000000000008"
      },
      "objectRefs" : [ "dkosBpL944ikT6hf0KPwkE" ],
      "contextAttributes" : [ {
        "name" : "id",
        "value" : "@1"
      } ],
      "additionalInfo" : {
        "description" : null,
        "contentType" : "JSON",
        "documentState" : "COMPLETE"
      },
      "objectExistence" : "WITH_DEPENDENCIES"
    }
  }, {
    "objectGuid" : "ihPkM2S2UEihf8xogqru8m",
    "objectName" : "mct_paramTest",
    "objectType" : "MTT",
    "path" : "/Explore/Sukhman_Project",
    "metadata" : {
      "modelVersion" : {
        "major" : 0,
        "minor" : 0
      },
      "repoInfo" : {
        "repoHandle" : "01002K0Z000000000009"
      },
      "objectRefs" : [ "6M5n4Cs9ozgkBhT5F1cwQw", "1G2fTKGHB7ZknMZnTWFLEJ", "dkosBpL944ikT6hf0KPwkE", "4Cz2xHoIq8LfFi5f2BfFOW" ],
      "contextAttributes" : [ {
        "name" : "id",
        "value" : "@1"
      } ],
      "additionalInfo" : {
        "description" : "",
        "contentType" : "JSON",
        "documentState" : "VALID"
      },
      "objectExistence" : "WITH_DEPENDENCIES"
    }
  }, {
    "objectGuid" : "1B97DJOGMtMiPAzPuc8ZS1",
    "objectName" : "TestSchedule2",
    "objectType" : "MTT",
    "path" : "/Explore/Sukhman_Project",
    "metadata" : {
      "modelVersion" : {
        "major" : 0,
        "minor" : 0
      },
      "repoInfo" : {
        "repoHandle" : "01002K0Z00000000000N"
      },
      "objectRefs" : [ "6M5n4Cs9ozgkBhT5F1cwQw", "dkosBpL944ikT6hf0KPwkE", "9RHzERHY0CTdS48IjZtCOP" ],
      "contextAttributes" : [ {
        "name" : "id",
        "value" : "@1"
      } ],
      "additionalInfo" : {
        "description" : "",
        "contentType" : "JSON",
        "documentState" : "VALID"
      },
      "objectExistence" : "WITH_DEPENDENCIES"
    }
  }, {
    "objectGuid" : "8HKI1QJFY8dcJ0BxikH583",
    "objectName" : "ReliableGetOrderStatus",
    "objectType" : "Connection",
    "path" : "/SYS",
    "metadata" : {
      "modelVersion" : {
        "major" : 0,
        "minor" : 0
      },
      "repoInfo" : {
        "repoHandle" : "01002K0B000000000005"
      },
      "objectRefs" : [ "dkosBpL944ikT6hf0KPwkE" ],
      "contextAttributes" : [ {
        "name" : "id",
        "value" : "@1"
      } ],
      "additionalInfo" : {
        "description" : null,
        "contentType" : "JSON",
        "documentState" : "COMPLETE"
      },
      "objectExistence" : "WITH_DEPENDENCIES"
    }
  }, {
    "objectGuid" : "a9vo1xLi8bHixnSw9NTeIT",
    "objectName" : "mct_ParamTest_final",
    "objectType" : "MTT",
    "path" : "/Explore/Sukhman_Project/GreenDot",
    "metadata" : {
      "modelVersion" : {
        "major" : 0,
        "minor" : 0
      },
      "repoInfo" : {
        "repoHandle" : "01002K0Z00000000000B"
      },
      "objectRefs" : [ "6M5n4Cs9ozgkBhT5F1cwQw", "1G2fTKGHB7ZknMZnTWFLEJ", "dkosBpL944ikT6hf0KPwkE", "4Cz2xHoIq8LfFi5f2BfFOW" ],
      "contextAttributes" : [ {
        "name" : "id",
        "value" : "@1"
      } ],
      "additionalInfo" : {
        "description" : "",
        "contentType" : "JSON",
        "documentState" : "VALID"
      },
      "objectExistence" : "WITH_DEPENDENCIES"
    }
  }, {
    "objectGuid" : "6YIQOPRzT6XlJYtK2rALkU",
    "objectName" : "Orcl_Lookup_sql_override",
    "objectType" : "DTEMPLATE",
    "path" : "/Explore/Sukhman_Project/GreenDot",
    "metadata" : {
      "modelVersion" : {
        "major" : 0,
        "minor" : 0
      },
      "repoInfo" : {
        "repoHandle" : "01002K1700000000000K"
      },
      "objectRefs" : [ "6M5n4Cs9ozgkBhT5F1cwQw", "5RREzGaEN0GdxywBqJbHuT" ],
      "contextAttributes" : [ {
        "name" : "id",
        "value" : "@1"
      } ],
      "additionalInfo" : {
        "description" : "",
        "contentType" : "JSON",
        "documentState" : "VALID"
      },
      "objectExistence" : "WITH_DEPENDENCIES"
    }
  }, {
    "objectGuid" : "7MBp2bGF3MNdr0HigemFSk",
    "objectName" : "Xifin",
    "objectType" : "Folder",
    "path" : "/Explore/Sukhman_Project",
    "metadata" : {
      "modelVersion" : {
        "major" : 0,
        "minor" : 0
      },
      "repoInfo" : null,
      "objectRefs" : [ ],
      "contextAttributes" : [ ],
      "additionalInfo" : {
        "description" : "",
        "contentType" : "Binary",
        "documentState" : "COMPLETE"
      },
      "objectExistence" : "WITHOUT_DEPENDENCIES"
    }
  }, {
    "objectGuid" : "6uOy6NBwH1vjayxq6KYbWw",
    "objectName" : "ICS_Taskflows",
    "objectType" : "Folder",
    "path" : "/Explore/Sukhman_Project",
    "metadata" : {
      "modelVersion" : {
        "major" : 0,
        "minor" : 0
      },
      "repoInfo" : null,
      "objectRefs" : [ ],
      "contextAttributes" : [ ],
      "additionalInfo" : {
        "description" : "",
        "contentType" : "Binary",
        "documentState" : "COMPLETE"
      },
      "objectExistence" : "WITHOUT_DEPENDENCIES"
    }
  }, {
    "objectGuid" : "07owhYvwn4tk2nDuiqTPER",
    "objectName" : "m_GetWorkOrderStatus_new_test",
    "objectType" : "DTEMPLATE",
    "path" : "/Explore/Sukhman_Project",
    "metadata" : {
      "modelVersion" : {
        "major" : 0,
        "minor" : 0
      },
      "repoInfo" : {
        "repoHandle" : "01002K17000000000007"
      },
      "objectRefs" : [ "6kuYJOQ7tyxkCgEfzywYUK" ],
      "contextAttributes" : [ {
        "name" : "id",
        "value" : "@1"
      } ],
      "additionalInfo" : {
        "description" : "",
        "contentType" : "JSON",
        "documentState" : "VALID"
      },
      "objectExistence" : "WITH_DEPENDENCIES"
    }
  }, {
    "objectGuid" : "9PZTsfINO64e9MxliTMBMT",
    "objectName" : "mct_test_new",
    "objectType" : "MTT",
    "path" : "/Explore/Sukhman_Project",
    "metadata" : {
      "modelVersion" : {
        "major" : 0,
        "minor" : 0
      },
      "repoInfo" : {
        "repoHandle" : "01002K0Z000000000005"
      },
      "objectRefs" : [ "24ukUf5Bxkudwu5ywzoyeY", "70nCTgFdkedcJzLtrMvz0Q", "2yVTC071gSvhLoQgTromKf", "dkosBpL944ikT6hf0KPwkE", "27CqD4aDGDxde6j6WS0ec7" ],
      "contextAttributes" : [ {
        "name" : "id",
        "value" : "@1"
      } ],
      "additionalInfo" : {
        "description" : "",
        "contentType" : "JSON",
        "documentState" : "VALID"
      },
      "objectExistence" : "WITH_DEPENDENCIES"
    }
  }, {
    "objectGuid" : "19bGcu6LwB9b2CpLZ6mPEn",
    "objectName" : "UCSD",
    "objectType" : "Folder",
    "path" : "/Explore/Sukhman_Project",
    "metadata" : {
      "modelVersion" : {
        "major" : 0,
        "minor" : 0
      },
      "repoInfo" : null,
      "objectRefs" : [ ],
      "contextAttributes" : [ ],
      "additionalInfo" : {
        "description" : "",
        "contentType" : "Binary",
        "documentState" : "COMPLETE"
      },
      "objectExistence" : "WITHOUT_DEPENDENCIES"
    }
  }, {
    "objectGuid" : "7ZSyV8NmqcNjkDMcqfVZgX",
    "objectName" : "E2TProcess",
    "objectType" : "PROCESS",
    "path" : "/Explore/Sukhman_Project",
    "metadata" : {
      "modelVersion" : {
        "major" : 1,
        "minor" : 0
      },
      "repoInfo" : {
        "repoHandle" : "wVMZlNaaabdvhxi-gt-34889-2018-07-16T21:24:49.357Z::pd.xml"
      },
      "objectRefs" : [ ],
      "contextAttributes" : null,
      "additionalInfo" : {
        "description" : "",
        "contentType" : "application/json; charset=utf-8",
        "documentState" : "INVALID"
      },
      "objectExistence" : "WITH_DEPENDENCIES"
    }
  }, {
    "objectGuid" : "4Cz2xHoIq8LfFi5f2BfFOW",
    "objectName" : "ParamTest",
    "objectType" : "DTEMPLATE",
    "path" : "/Explore/Sukhman_Project",
    "metadata" : {
      "modelVersion" : {
        "major" : 0,
        "minor" : 0
      },
      "repoInfo" : {
        "repoHandle" : "01002K1700000000000A"
      },
      "objectRefs" : [ "6M5n4Cs9ozgkBhT5F1cwQw", "1G2fTKGHB7ZknMZnTWFLEJ" ],
      "contextAttributes" : [ {
        "name" : "id",
        "value" : "@1"
      } ],
      "additionalInfo" : {
        "description" : "",
        "contentType" : "JSON",
        "documentState" : "VALID"
      },
      "objectExistence" : "WITH_DEPENDENCIES"
    }
  }, {
    "objectGuid" : "0Y0vpn09XIKksTf4zrUTU8",
    "objectName" : "GreenDot",
    "objectType" : "Folder",
    "path" : "/Explore/Sukhman_Project",
    "metadata" : {
      "modelVersion" : {
        "major" : 0,
        "minor" : 0
      },
      "repoInfo" : null,
      "objectRefs" : [ ],
      "contextAttributes" : [ ],
      "additionalInfo" : {
        "description" : "Test project",
        "contentType" : "Binary",
        "documentState" : "COMPLETE"
      },
      "objectExistence" : "WITHOUT_DEPENDENCIES"
    }
  } ]
}