<aetgt:getResponse xmlns:aetgt="http://schemas.active-endpoints.com/appmodules/repository/2010/10/avrepository.xsd"
                   xmlns:types1="http://schemas.active-endpoints.com/appmodules/repository/2010/10/avrepository.xsd">
   <types1:Item>
      <types1:EntryId>EXDyvs7xvk0qZF3-gt-2125968-2019-05-20T13:09:40.497Z::tf.xml</types1:EntryId>
      <types1:Name>Taskflow1</types1:Name>
      <types1:MimeType>application/xml+taskflow</types1:MimeType>
      <types1:Description/>
      <types1:AppliesTo/>
      <types1:Tags/>
      <types1:VersionLabel>1.0</types1:VersionLabel>
      <types1:State>CURRENT</types1:State>
      <types1:ProcessGroup/>
      <types1:CreatedBy>cwinn.dev</types1:CreatedBy>
      <types1:CreationDate>2019-05-20T13:09:40Z</types1:CreationDate>
      <types1:ModifiedBy>cwinn.dev</types1:ModifiedBy>
      <types1:ModificationDate>2019-05-20T13:11:33Z</types1:ModificationDate>
      <types1:PublicationStatus>published</types1:PublicationStatus>
      <types1:PublishedBy>cwinn.dev</types1:PublishedBy>
      <types1:PublicationDate>2019-05-20T13:11:57Z</types1:PublicationDate>
      <types1:PublishedContributionId>project:/tf.Taskflow1/Taskflow1.tf.xml</types1:PublishedContributionId>
      <types1:AutosaveExists>false</types1:AutosaveExists>
      <types1:Entry>
         <taskflow xmlns="http://schemas.active-endpoints.com/appmodules/screenflow/2010/10/avosScreenflow.xsd"
                   xmlns:list="urn:activevos:spi:list:functions"
                   displayName="Taskflow1"
                   name="Taskflow1">
            <appliesTo/>
            <description/>
            <tags/>
            <generator>Informatica Process Designer 11</generator>
            <input>
               <parameter description="" name="TargetFiles" type="objectlist">
                  <options>
                     <option name="referenceTo">$po:POC-Task-TestFileProcessor-to-TestFileShare</option>
                     <option hide="true" name="multiSelect">true</option>
                     <option name="required">false</option>
                     <option name="isCopy">true</option>
                     <option name="guid">5TbdHzqoyBqiDlv6kAuME1</option>
                  </options>
               </parameter>
            </input>
            <tempFields>
               <field description=""
                      name="POC_Task_TestFileProcessor_to_TestFileShare"
                      type="reference">
                  <options>
                     <option name="referenceTo">$po:POC-Task-TestFileProcessor-to-TestFileShare</option>
                  </options>
               </field>
               <field description=""
                      name="POC_Task_TestFileShare_To_ADL - Copy 1"
                      type="reference">
                  <options>
                     <option name="referenceTo">$po:POC-Task-TestFileShare-To-ADL---Copy-1</option>
                  </options>
               </field>
            </tempFields>
            <notes/>
            <deployment suspendOnFault="false" tracingLevel="verbose">
               <rest/>
            </deployment>
            <flow id="a">
               <start id="b">
                  <link id="jvwdfeuy" targetId="jvwdfev5"/>
               </start>
               <eventContainer id="jvwdfev5">
                  <service id="jvwdfeux">
                     <title>POC_Task_TestFileProcessor_to_TestFileShare</title>
                     <serviceName>ICSExecuteDataTask</serviceName>
                     <serviceGUID/>
                     <serviceInput>
                        <parameter name="Wait for Task to Complete" source="constant" updatable="true">true</parameter>
                        <parameter name="Max Wait" source="constant" updatable="true">86400</parameter>
                        <parameter name="Task Name" source="constant" updatable="true">POC_Task_TestFileProcessor_to_TestFileShare</parameter>
                        <parameter name="GUID" source="constant" updatable="true">5TbdHzqoyBqiDlv6kAuME1</parameter>
                        <parameter name="Task Type" source="constant" updatable="true">MCT</parameter>
                        <parameter name="Has Inout Parameters" source="constant" updatable="true">false</parameter>
                        <parameter name="taskField" source="nested">
                           <operation source="field" to="POC-Task-TestFileProcessor-to-TestFileShare">temp.POC_Task_TestFileProcessor_to_TestFileShare</operation>
                        </parameter>
                     </serviceInput>
                     <serviceOutput>
                        <operation source="field"
                                   to="temp.POC_Task_TestFileProcessor_to_TestFileShare/output">Success Source Rows</operation>
                        <operation source="field"
                                   to="temp.POC_Task_TestFileProcessor_to_TestFileShare/output/Object_Name">Object Name</operation>
                        <operation source="field"
                                   to="temp.POC_Task_TestFileProcessor_to_TestFileShare/output/Run_Id">Run Id</operation>
                        <operation source="field"
                                   to="temp.POC_Task_TestFileProcessor_to_TestFileShare/output/Log_Id">Log Id</operation>
                        <operation source="field"
                                   to="temp.POC_Task_TestFileProcessor_to_TestFileShare/output/Task_Status">Task Status</operation>
                        <operation source="field"
                                   to="temp.POC_Task_TestFileProcessor_to_TestFileShare/output/Success_Source_Rows">Success Source Rows</operation>
                        <operation source="field"
                                   to="temp.POC_Task_TestFileProcessor_to_TestFileShare/output/Failed_Source_Rows">Failed Source Rows</operation>
                        <operation source="field"
                                   to="temp.POC_Task_TestFileProcessor_to_TestFileShare/output/Success_Target_Rows">Success Target Rows</operation>
                        <operation source="field"
                                   to="temp.POC_Task_TestFileProcessor_to_TestFileShare/output/Failed_Target_Rows">Failed Target Rows</operation>
                        <operation source="field"
                                   to="temp.POC_Task_TestFileProcessor_to_TestFileShare/output/Start_Time">Start Time</operation>
                        <operation source="field"
                                   to="temp.POC_Task_TestFileProcessor_to_TestFileShare/output/End_Time">End Time</operation>
                        <operation source="field"
                                   to="temp.POC_Task_TestFileProcessor_to_TestFileShare/output/Error_Message">Error Message</operation>
                     </serviceOutput>
                  </service>
                  <link id="jvwdfew1" targetId="jvwdfewa"/>
                  <events>
                     <catch faultField="temp.POC_Task_TestFileProcessor_to_TestFileShare/fault"
                            id="jvwdfev3"
                            interrupting="true"
                            name="error">
                        <suspend/>
                     </catch>
                     <catch faultField="temp.POC_Task_TestFileProcessor_to_TestFileShare/fault"
                            id="jvwdfev4"
                            interrupting="true"
                            name="warning"/>
                  </events>
               </eventContainer>
               <eventContainer id="jvwdfewa">
                  <service id="jvwdfew0">
                     <title>POC_Task_TestFileShare_To_ADL - Copy 1</title>
                     <serviceName>ICSExecuteDataTask</serviceName>
                     <serviceGUID/>
                     <serviceInput>
                        <parameter name="Wait for Task to Complete" source="constant" updatable="true">true</parameter>
                        <parameter name="Max Wait" source="constant" updatable="true">86400</parameter>
                        <parameter name="Task Name" source="constant" updatable="true">POC_Task_TestFileShare_To_ADL - Copy 1</parameter>
                        <parameter name="GUID" source="constant" updatable="true">lDXl1HSRQGqhgzFQgMAYim</parameter>
                        <parameter name="Task Type" source="constant" updatable="true">MCT</parameter>
                        <parameter name="Has Inout Parameters" source="constant" updatable="true">false</parameter>
                        <parameter name="taskField" source="nested">
                           <operation source="field" to="POC-Task-TestFileShare-To-ADL---Copy-1">temp.POC_Task_TestFileShare_To_ADL - Copy 1</operation>
                           <operation source="constant"
                                      to="POC-Task-TestFileShare-To-ADL---Copy-1/input[1]/target[1]/AzureDataLake[1]/object">{list:sequence($input.TargetFiles)}</operation>
                        </parameter>
                     </serviceInput>
                     <serviceOutput>
                        <operation source="field" to="temp.POC_Task_TestFileShare_To_ADL - Copy 1/output">Success Source Rows</operation>
                        <operation source="field"
                                   to="temp.POC_Task_TestFileShare_To_ADL - Copy 1/output/Object_Name">Object Name</operation>
                        <operation source="field"
                                   to="temp.POC_Task_TestFileShare_To_ADL - Copy 1/output/Run_Id">Run Id</operation>
                        <operation source="field"
                                   to="temp.POC_Task_TestFileShare_To_ADL - Copy 1/output/Log_Id">Log Id</operation>
                        <operation source="field"
                                   to="temp.POC_Task_TestFileShare_To_ADL - Copy 1/output/Task_Status">Task Status</operation>
                        <operation source="field"
                                   to="temp.POC_Task_TestFileShare_To_ADL - Copy 1/output/Success_Source_Rows">Success Source Rows</operation>
                        <operation source="field"
                                   to="temp.POC_Task_TestFileShare_To_ADL - Copy 1/output/Failed_Source_Rows">Failed Source Rows</operation>
                        <operation source="field"
                                   to="temp.POC_Task_TestFileShare_To_ADL - Copy 1/output/Success_Target_Rows">Success Target Rows</operation>
                        <operation source="field"
                                   to="temp.POC_Task_TestFileShare_To_ADL - Copy 1/output/Failed_Target_Rows">Failed Target Rows</operation>
                        <operation source="field"
                                   to="temp.POC_Task_TestFileShare_To_ADL - Copy 1/output/Start_Time">Start Time</operation>
                        <operation source="field"
                                   to="temp.POC_Task_TestFileShare_To_ADL - Copy 1/output/End_Time">End Time</operation>
                        <operation source="field"
                                   to="temp.POC_Task_TestFileShare_To_ADL - Copy 1/output/Error_Message">Error Message</operation>
                     </serviceOutput>
                  </service>
                  <link id="jvwdfew2" targetId="c"/>
                  <events>
                     <catch faultField="temp.POC_Task_TestFileShare_To_ADL - Copy 1/fault"
                            id="jvwdfew8"
                            interrupting="true"
                            name="error">
                        <suspend/>
                     </catch>
                     <catch faultField="temp.POC_Task_TestFileShare_To_ADL - Copy 1/fault"
                            id="jvwdfew9"
                            interrupting="true"
                            name="warning"/>
                  </events>
               </eventContainer>
               <end id="c"/>
            </flow>
            <dependencies>
               <processObject xmlns="http://schemas.active-endpoints.com/appmodules/screenflow/2011/06/avosHostEnvironment.xsd"
                              displayName="POC-Task-TestFileProcessor-to-TestFileShare"
                              isByCopy="true"
                              name="POC-Task-TestFileProcessor-to-TestFileShare">
                  <description/>
                  <tags/>
                  <detail>
                     <field label="Output Parameters" name="output" type="reference"/>
                     <field label="Fault" name="fault" type="reference"/>
                  </detail>
               </processObject>
               <processObject xmlns="http://schemas.active-endpoints.com/appmodules/screenflow/2011/06/avosHostEnvironment.xsd"
                              displayName="POC-Task-TestFileProcessor-to-TestFileShare-Output"
                              isByCopy="true"
                              name="POC-Task-TestFileProcessor-to-TestFileShare-Output">
                  <description/>
                  <tags/>
                  <detail>
                     <field label="Object Name" name="Object_Name" type="string"/>
                     <field label="Run Id" name="Run_Id" type="int"/>
                     <field label="Log Id" name="Log_Id" type="string"/>
                     <field label="Task Status" name="Task_Status" type="string"/>
                     <field label="Success Source Rows" name="Success_Source_Rows" type="int"/>
                     <field label="Failed Source Rows" name="Failed_Source_Rows" type="int"/>
                     <field label="Success Target Rows" name="Success_Target_Rows" type="int"/>
                     <field label="Failed Target Rows" name="Failed_Target_Rows" type="int"/>
                     <field label="Start Time" name="Start_Time" type="datetime"/>
                     <field label="End Time" name="End_Time" type="datetime"/>
                     <field label="Error Message" name="Error_Message" type="string"/>
                  </detail>
               </processObject>
               <processObject xmlns="http://schemas.active-endpoints.com/appmodules/screenflow/2011/06/avosHostEnvironment.xsd"
                              displayName="POC-Task-TestFileShare-To-ADL"
                              isByCopy="true"
                              name="POC-Task-TestFileShare-To-ADL">
                  <description/>
                  <tags/>
                  <detail>
                     <field label="Output Parameters" name="output" type="reference"/>
                     <field label="Fault" name="fault" type="reference"/>
                  </detail>
               </processObject>
               <processObject xmlns="http://schemas.active-endpoints.com/appmodules/screenflow/2011/06/avosHostEnvironment.xsd"
                              displayName="POC-Task-TestFileShare-To-ADL---Copy-1"
                              isByCopy="true"
                              name="POC-Task-TestFileShare-To-ADL---Copy-1">
                  <description/>
                  <tags/>
                  <detail>
                     <field label="Input Parameters" name="input" type="reference"/>
                     <field label="Output Parameters" name="output" type="reference"/>
                     <field label="Fault" name="fault" type="reference"/>
                  </detail>
               </processObject>
            </dependencies>
         </taskflow>
      </types1:Entry>
      <types1:GUID>8jycs6D1hpzkkpaOpPrVEC</types1:GUID>
      <types1:DisplayName>Taskflow1</types1:DisplayName>
   </types1:Item>
   <types1:CurrentServerDateTime>2019-06-10T21:07:25.094Z</types1:CurrentServerDateTime>
</aetgt:getResponse>
