{
  "name" : "Fedex-Service-ConnectorV1",
  "sourceOrgId" : "aDdeKzHZEoQdwATn5hMqI8",
  "sourceOrgName" : "CAI Service Connectors",
  "exportedObjects" : [ {
    "objectGuid" : "0Am0wOcmfQlfCQ71xcgy8x",
    "objectName" : "FedEx Tracking API",
    "objectType" : "AI_SERVICE_CONNECTOR",
    "path" : "/Explore/Fedex",
    "metadata" : {
      "modelVersion" : {
        "major" : 1,
        "minor" : 0
      },
      "repoInfo" : {
        "repoHandle" : "YrLWEQT53nQciSr-gt-50165-2018-07-30T14:41:29.81Z::svc.xml"
      },
      "objectRefs" : [ ],
      "contextAttributes" : null,
      "additionalInfo" : {
        "description" : "The Service Connector that enables Package Tracking to be done.\n\nEnter your developer credentials in the Actions/Binding/Body for Key, Password, AccountNumber, and MeterNumber",
        "contentType" : "application/json; charset=utf-8",
        "documentState" : "VALID"
      },
      "objectExistence" : "WITH_DEPENDENCIES"
    }
  }, {
    "objectGuid" : "4XjoomA5QSwb34sGTtmgYi",
    "objectName" : "Get Fedex Package Status",
    "objectType" : "PROCESS",
    "path" : "/Explore/Fedex",
    "metadata" : {
      "modelVersion" : {
        "major" : 1,
        "minor" : 0
      },
      "repoInfo" : {
        "repoHandle" : "XAeN7Y3AxtPk7HN-gt-257987-2018-07-30T14:46:46.796Z::pd.xml"
      },
      "objectRefs" : [ "2P5IV4oeNasfl8kFHxzsc3" ],
      "contextAttributes" : null,
      "additionalInfo" : {
        "description" : "A simple process to demonstrate invoking the Fedex tracking API by invoking the process with a package tracking number and returning status information. \n \nNo authentication is required.\n\nThis does NOT test for invalid numbers being entered.",
        "contentType" : "application/json; charset=utf-8",
        "documentState" : "VALID"
      },
      "objectExistence" : "WITH_DEPENDENCIES"
    }
  }, {
    "objectGuid" : "2P5IV4oeNasfl8kFHxzsc3",
    "objectName" : "FedEx-Tracking-API-Actions",
    "objectType" : "AI_CONNECTION",
    "path" : "/Explore/Fedex",
    "metadata" : {
      "modelVersion" : {
        "major" : 1,
        "minor" : 0
      },
      "repoInfo" : {
        "repoHandle" : "HUPAZf5kck8jKBm-gt-50221-2018-07-30T14:41:30.545Z::conn.xml"
      },
      "objectRefs" : [ "0Am0wOcmfQlfCQ71xcgy8x" ],
      "contextAttributes" : null,
      "additionalInfo" : {
        "description" : "The Connection built upon the Fedex Service Connector.",
        "contentType" : "application/json; charset=utf-8",
        "documentState" : "VALID"
      },
      "objectExistence" : "WITH_DEPENDENCIES"
    }
  }, {
    "objectGuid" : "2chCwWJfHObd7d83S8nrOK",
    "objectName" : "Fedex",
    "objectType" : "Project",
    "path" : "/Explore",
    "metadata" : {
      "modelVersion" : {
        "major" : 0,
        "minor" : 0
      },
      "repoInfo" : null,
      "objectRefs" : [ ],
      "contextAttributes" : [ ],
      "additionalInfo" : {
        "description" : "The Fedex Service Connector, Connection, and sample Process for inclusion in the Service Connector Library.",
        "contentType" : "Binary",
        "documentState" : "COMPLETE"
      },
      "objectExistence" : "WITHOUT_DEPENDENCIES"
    }
  } ]
}