{"annotations":[],"baseURI":null,"id":"Projects(lHgaLqUrHsAhj0KtQ0PFKB)","title":null,"associationLinks":[],"navigationLinks":[],"type":"OData.frs.Project","editLink":null,"mediaEditLinks":[],"operations":[],"properties":[{"annotations":[],"valueType":"PRIMITIVE","value":"lHgaLqUrHsAhj0KtQ0PFKB","type":null,"name":"id","null":false,"geospatial":false,"collection":false,"complex":false,"primitive":true,"enum":false},{"annotations":[],"valueType":"PRIMITIVE","value":"Training and POC","type":null,"name":"name","null":false,"geospatial":false,"collection":false,"complex":false,"primitive":true,"enum":false},{"annotations":[],"valueType":"PRIMITIVE","value":"Will use this folder to create training mappings and create mappings for proof of concepts","type":null,"name":"description","null":false,"geospatial":false,"collection":false,"complex":false,"primitive":true,"enum":false},{"annotations":[],"valueType":"PRIMITIVE","value":"lUCzhRLNfUwjrogv9cfy4R","type":null,"name":"owner","null":false,"geospatial":false,"collection":false,"complex":false,"primitive":true,"enum":false},{"annotations":[],"valueType":"PRIMITIVE","value":"lUCzhRLNfUwjrogv9cfy4R","type":null,"name":"createdBy","null":false,"geospatial":false,"collection":false,"complex":false,"primitive":true,"enum":false},{"annotations":[],"valueType":"PRIMITIVE","value":"3t0PsZaB4APfSVbCTGEGWL","type":null,"name":"lastUpdatedBy","null":false,"geospatial":false,"collection":false,"complex":false,"primitive":true,"enum":false},{"annotations":[],"valueType":"PRIMITIVE","value":"3t0PsZaB4APfSVbCTGEGWL","type":null,"name":"lastAccessedBy","null":false,"geospatial":false,"collection":false,"complex":false,"primitive":true,"enum":false},{"annotations":[],"valueType":"PRIMITIVE","value":"2019-04-05T19:21:04.000Z","type":null,"name":"createdTime","null":false,"geospatial":false,"collection":false,"complex":false,"primitive":true,"enum":false},{"annotations":[],"valueType":"PRIMITIVE","value":"2019-05-08T14:52:42.000Z","type":null,"name":"lastUpdatedTime","null":false,"geospatial":false,"collection":false,"complex":false,"primitive":true,"enum":false},{"annotations":[],"valueType":"PRIMITIVE","value":"2020-06-23T14:46:04.000Z","type":null,"name":"lastAccessedTime","null":false,"geospatial":false,"collection":false,"complex":false,"primitive":true,"enum":false},{"annotations":[],"valueType":"PRIMITIVE","value":"2038-01-18T00:00:00.000Z","type":null,"name":"expiresBy","null":false,"geospatial":false,"collection":false,"complex":false,"primitive":true,"enum":false},{"annotations":[],"valueType":"PRIMITIVE","value":"Project","type":null,"name":"documentType","null":false,"geospatial":false,"collection":false,"complex":false,"primitive":true,"enum":false},{"annotations":[],"valueType":"PRIMITIVE","value":"Binary","type":null,"name":"contentType","null":false,"geospatial":false,"collection":false,"complex":false,"primitive":true,"enum":false},{"annotations":[],"valueType":"PRIMITIVE","value":"COMPLETE","type":null,"name":"documentState","null":false,"geospatial":false,"collection":false,"complex":false,"primitive":true,"enum":false},{"annotations":[],"valueType":"PRIMITIVE","value":"org","type":null,"name":"aclRule","null":false,"geospatial":false,"collection":false,"complex":false,"primitive":true,"enum":false},{"annotations":[],"valueType":"PRIMITIVE","value":25,"type":null,"name":"subcontainerCount","null":false,"geospatial":false,"collection":false,"complex":false,"primitive":true,"enum":false},{"annotations":[],"valueType":"COMPLEX","value":null,"type":null,"name":"customAttributes","null":true,"geospatial":false,"collection":false,"complex":true,"primitive":false,"enum":false},{"annotations":[],"valueType":"COMPLEX","value":null,"type":null,"name":"repoInfo","null":true,"geospatial":false,"collection":false,"complex":true,"primitive":false,"enum":false},{"annotations":[],"valueType":"COLLECTION_COMPLEX","value":[{"annotations":[],"baseURI":null,"id":null,"title":null,"associationLinks":[],"navigationLinks":[],"value":[{"annotations":[],"valueType":"PRIMITIVE","value":"7cCn5thwWFLhiZoSosphKL","type":null,"name":"parentId","null":false,"geospatial":false,"collection":false,"complex":false,"primitive":true,"enum":false},{"annotations":[],"valueType":"PRIMITIVE","value":"REG","type":null,"name":"parentName","null":false,"geospatial":false,"collection":false,"complex":false,"primitive":true,"enum":false},{"annotations":[],"valueType":"PRIMITIVE","value":"Space","type":null,"name":"parentType","null":false,"geospatial":false,"collection":false,"complex":false,"primitive":true,"enum":false}],"navigationBindings":[]}],"type":null,"name":"parentInfo","null":false,"geospatial":false,"collection":true,"complex":true,"primitive":false,"enum":false}],"mediaContentSource":null,"mediaContentType":null,"mediaETag":null,"etag":null,"selfLink":null,"mediaEntity":false,"navigationBindings":[]}