<aetgt:getResponse xmlns:aetgt="http://schemas.active-endpoints.com/appmodules/repository/2010/10/avrepository.xsd"
                   xmlns:types1="http://schemas.active-endpoints.com/appmodules/repository/2010/10/avrepository.xsd">
   <types1:Item>
      <types1:EntryId>Ouzg80EKZhHwzZs-gt-456404-2019-05-31T16:22:33.658Z::conn.xml</types1:EntryId>
      <types1:Name>IICS-REST-API-IU</types1:Name>
      <types1:ParentFlowIds>rJ4pbgchwAQlBWl-gt-295580-2019-05-31T16:22:34.275Z::pd.xml,9DoWn2sqeErhNzU-gt-456424-2019-05-31T16:22:33.982Z::pd.xml</types1:ParentFlowIds>
      <types1:MimeType>application/xml+connection</types1:MimeType>
      <types1:Description/>
      <types1:AppliesTo/>
      <types1:Tags/>
      <types1:VersionLabel>1.0</types1:VersionLabel>
      <types1:State>CURRENT</types1:State>
      <types1:ProcessGroup/>
      <types1:CreatedBy>dsabella.dev</types1:CreatedBy>
      <types1:CreationDate>2019-05-31T16:22:34Z</types1:CreationDate>
      <types1:ModifiedBy/>
      <types1:PublicationStatus>unpublished</types1:PublicationStatus>
      <types1:AutosaveExists>false</types1:AutosaveExists>
      <types1:Entry>
         <connection xmlns="http://schemas.informatica.com/socrates/data-services/2014/04/avosConnections.xsd"
                     displayName="IICS-REST-API-IU"
                     label="IICS-REST-API-IU"
                     name="IICS-REST-API-IU">
            <description/>
            <tags/>
            <agent/>
            <attributes>
               <attribute encrypted="false"
                          name="LoginURL"
                          value="https://dm-us.informaticacloud.com/ma/api/v2/user/login"/>
               <attribute encrypted="false" name="Username" value="mpatel@informatica.com"/>
               <attribute encrypted="true" name="Password" value=""/>
            </attributes>
            <businessConnector xmlns="http://schemas.informatica.com/appmodules/screenflow/2014/04/avosConnectors.xsd"
                               agentOnly="false"
                               connectorPath="project:/rt.connector/IICS_RESTV2_IU/IICS_RESTV2_IU_svcDef.xml"
                               guid="ixxpdvddLWaeqxk5o9fqGQ"
                               name="IICS-RESTV2-IU"
                               supportsConnectionTest="false"
                               uuid="1a36ee48-2859-4c86-b5eb-da33bdd16f64">
               <description/>
            </businessConnector>
         </connection>
      </types1:Entry>
      <types1:GUID>ia2G76ocnqoegcEPVV9RCi</types1:GUID>
      <types1:DisplayName>IICS-REST-API-IU</types1:DisplayName>
   </types1:Item>
   <types1:CurrentServerDateTime>2019-06-10T21:29:05.207Z</types1:CurrentServerDateTime>
</aetgt:getResponse>
