<aetgt:getResponse xmlns:aetgt="http://schemas.active-endpoints.com/appmodules/repository/2010/10/avrepository.xsd"
                   xmlns:types1="http://schemas.active-endpoints.com/appmodules/repository/2010/10/avrepository.xsd">
   <types1:Item>
      <types1:EntryId>nXVuslqAOclkZ2s-gt-972813-2019-05-31T16:22:33.219Z::conn.xml</types1:EntryId>
      <types1:Name>jdbc-SQLServerTrainer</types1:Name>
      <types1:ParentFlowIds>rJ4pbgchwAQlBWl-gt-295580-2019-05-31T16:22:34.275Z::pd.xml,9DoWn2sqeErhNzU-gt-456424-2019-05-31T16:22:33.982Z::pd.xml</types1:ParentFlowIds>
      <types1:MimeType>application/xml+connection</types1:MimeType>
      <types1:Description/>
      <types1:AppliesTo/>
      <types1:Tags>.agent:AWS-WIN</types1:Tags>
      <types1:VersionLabel>1.0</types1:VersionLabel>
      <types1:State>CURRENT</types1:State>
      <types1:ProcessGroup/>
      <types1:CreatedBy>dsabella.dev</types1:CreatedBy>
      <types1:CreationDate>2019-05-31T16:22:33Z</types1:CreationDate>
      <types1:ModifiedBy/>
      <types1:PublicationStatus>unpublished</types1:PublicationStatus>
      <types1:AutosaveExists>false</types1:AutosaveExists>
      <types1:Entry>
         <connection xmlns="http://schemas.informatica.com/socrates/data-services/2014/04/avosConnections.xsd"
                     displayName="jdbc-SQLServerTrainer"
                     label="jdbc-SQLServerTrainer"
                     name="jdbc-SQLServerTrainer">
            <description/>
            <tags>.agent:AWS-WIN</tags>
            <agent>AWS-WIN</agent>
            <attributes>
               <attribute encrypted="false"
                          name="JDBC Connection URL"
                          value="jdbc:sqlserver://infatraining.cuqyqq0q4h4i.us-east-1.rds.amazonaws.com:1433;databaseName=MPATEL;sslProtocol=TLSv1.2"/>
               <attribute encrypted="false" name="JDBC Jar Directory" value=""/>
               <attribute encrypted="false" name="JDBC Driver Class Name" value=""/>
               <attribute encrypted="false" name="Schema" value="dbo"/>
               <attribute encrypted="false" name="Username" value="Administrator"/>
               <attribute encrypted="true" name="Password" value=""/>
               <attribute encrypted="false" name="Object Filter" value=""/>
               <attribute encrypted="false" name="TimeZone" value="Default"/>
               <attribute encrypted="false" name="$read-Isolation Level" value="None"/>
               <attribute encrypted="false"
                          name="$read-Override Isolation Level"
                          value="false"/>
               <attribute encrypted="false" name="$write-Number of retries" value="5"/>
               <attribute encrypted="false" name="$write-Retry wait period" value="3"/>
            </attributes>
            <javaConnector xmlns="http://schemas.informatica.com/appmodules/screenflow/2014/04/avosConnectors.xsd"
                           agentOnly="true"
                           plugin="ICS"
                           supportsConnectionTest="true"
                           supportsDataPreview="true"
                           supportsOData="true"
                           type="GenericJDBCAdapter"
                           uuid="33ec8fc7-dc6d-4d2e-9f6f-a950669a62d1">
               <description>JDBC  Generic Cloud Adapter</description>
            </javaConnector>
         </connection>
      </types1:Entry>
      <types1:GUID>1nwnHImefXMbANhfcRRlwV</types1:GUID>
      <types1:DisplayName>jdbc-SQLServerTrainer</types1:DisplayName>
   </types1:Item>
   <types1:CurrentServerDateTime>2019-06-10T21:29:03.968Z</types1:CurrentServerDateTime>
</aetgt:getResponse>
