<aetgt:getResponse xmlns:aetgt="http://schemas.active-endpoints.com/appmodules/repository/2010/10/avrepository.xsd"
                   xmlns:types1="http://schemas.active-endpoints.com/appmodules/repository/2010/10/avrepository.xsd">
   <types1:Item>
      <types1:EntryId>rJ4pbgchwAQlBWl-gt-295580-2019-05-31T16:22:34.275Z::pd.xml</types1:EntryId>
      <types1:Name>Wrapper</types1:Name>
      <types1:MimeType>application/xml+process</types1:MimeType>
      <types1:Description/>
      <types1:AppliesTo/>
      <types1:Tags>.anonymous</types1:Tags>
      <types1:VersionLabel>1.0</types1:VersionLabel>
      <types1:State>CURRENT</types1:State>
      <types1:ProcessGroup/>
      <types1:CreatedBy>dsabella.dev</types1:CreatedBy>
      <types1:CreationDate>2019-05-31T16:22:34Z</types1:CreationDate>
      <types1:ModifiedBy/>
      <types1:PublicationStatus>unpublished</types1:PublicationStatus>
      <types1:AutosaveExists>false</types1:AutosaveExists>
      <types1:Entry>
         <process xmlns="http://schemas.active-endpoints.com/appmodules/screenflow/2010/10/avosScreenflow.xsd"
                  xmlns:list="urn:activevos:spi:list:functions"
                  displayName="Wrapper"
                  name="Wrapper">
            <appliesTo/>
            <description/>
            <tags>.anonymous</tags>
            <generator>Informatica Process Designer 11</generator>
            <tempFields>
               <field description="" name="DBQueryResult" type="objectlist">
                  <options>
                     <option name="referenceTo">jdbc-SQLServerTrainer:iu_config</option>
                     <option hide="true" name="multiSelect">true</option>
                     <option name="required">false</option>
                     <option name="guid">1nwnHImefXMbANhfcRRlwV</option>
                  </options>
               </field>
               <field description="Stores part of the result for concurrency"
                      name="tmpDBQueryResult"
                      type="objectlist">
                  <options>
                     <option name="referenceTo">$po:$any</option>
                     <option hide="true" name="multiSelect">true</option>
                     <option name="required">false</option>
                     <option name="isCopy">true</option>
                  </options>
               </field>
            </tempFields>
            <notes/>
            <deployment suspendOnFault="false" tracingLevel="verbose">
               <rest>
                  <allowAnonymousAccess/>
               </rest>
            </deployment>
            <flow id="a">
               <start id="b">
                  <link id="jw29e3f7" targetId="jw29e3f6"/>
               </start>
               <assignment id="jw29e3f6">
                  <title>QueryDBConfig</title>
                  <operation source="list" to="temp.DBQueryResult">
                     <query from="jdbc-SQLServerTrainer:iu_config"/>
                  </operation>
                  <link id="jw86aete" targetId="jw86aetd"/>
               </assignment>
               <service id="jw86aetd">
                  <title>IICS Login</title>
                  <serviceName>IICS-REST-API-IU:login</serviceName>
                  <serviceGUID>ia2G76ocnqoegcEPVV9RCi</serviceGUID>
                  <serviceInput/>
                  <link id="jw86aetf" targetId="jw2bko6t"/>
               </service>
               <subflow id="jw2bko6t">
                  <title>Main</title>
                  <subflowGUID>47w5QjsCAEhkcWvtfIKD8Y</subflowGUID>
                  <subflowPath>Main</subflowPath>
                  <appliesTo>jdbc-SQLServerTrainer:iu_config</appliesTo>
                  <appliesToDataName source="field">temp.DBQueryResult</appliesToDataName>
                  <runForEach>true</runForEach>
                  <input>
                     <parameter name="ConfigData" source="field" updatable="true">temp.DBQueryResult</parameter>
                     <parameter name="icsSessionId" source="field" updatable="true">output.icSessionId</parameter>
                     <parameter name="icsServerURL" source="field" updatable="true">output.serverUrl</parameter>
                  </input>
                  <outputDef/>
                  <link id="jw2bko6v" targetId="c"/>
               </subflow>
               <end id="c"/>
            </flow>
         </process>
      </types1:Entry>
      <types1:GUID>2OaqywH7jQPebvmY026fya</types1:GUID>
      <types1:DisplayName>Wrapper</types1:DisplayName>
   </types1:Item>
   <types1:CurrentServerDateTime>2019-06-10T21:29:06.459Z</types1:CurrentServerDateTime>
</aetgt:getResponse>
