{"EntryId":{"$t":"2Cv2jop81V4Adyp-gt-157122-2018-06-11T14:16:58.857Z::svc.xml"},"Name":{"$t":"ServiceConnector1"},"MimeType":{"$t":"application\/xml+businesssconnector"},"Description":{},"AppliesTo":{},"Tags":{},"VersionLabel":{"$t":"1.0"},"State":{"$t":"CURRENT"},"ProcessGroup":{},"CreatedBy":{"$t":"sorabh@na1.dm-us.org"},"CreationDate":{"$t":"2018-06-11T14:16:59Z"},"ModifiedBy":{"$t":"sorabh@na1.dm-us.org"},"ModificationDate":{"$t":"2018-07-31T09:55:30Z"},"PublicationStatus":{"$t":"unpublished"},"AutosaveExists":{"$t":"false"},"Entry":{"businessConnector":{"agentOnly":"false","debug":"false","displayName":"ServiceConnector1","label":"","name":"ServiceConnector1","uuid":"b79b5194-b7ff-48dd-b0f1-455211715c78","xmlns":"http:\/\/schemas.informatica.com\/socrates\/data-services\/2014\/05\/business-connector-model.xsd","xmlns$aetgt":"http:\/\/schemas.active-endpoints.com\/appmodules\/repository\/2010\/10\/avrepository.xsd","description":{},"tags":{},"connectionAttributes":{"xmlns":"http:\/\/schemas.informatica.com\/appmodules\/screenflow\/2014\/04\/avosConnectors.xsd","connectionAttribute":[{"description":"Host Name","masked":"false","name":"hostName","required":"true","testWith":"na1.ai.dm-us.informaticacloud.com:443","type":"string"},{"description":"User Name","masked":"false","name":"username","required":"true","testWith":"","type":"string"},{"description":"Password","masked":"true","name":"password","required":"true","testWith":"","type":"string"}]},"actions":{"action":{"category":"","failOnError":"true","forSearch":"false","label":"Process11Operation","maxRedirects":"100","name":"Process11Operation","preemptiveAuth":"true","responseEncoding":"","description":{},"input":{"parameter":{"label":"body","name":"body","required":"true","testWith":"","type":"reference","options":{"option":{"name":"referenceTo","$t":"Process1-1Request"}}}},"binding":{"restSimpleBinding":{"multiUsing":"semicolonSeparated","url":"https:\/\/{$hostName}\/active-bpel\/public\/rt\/6w10pMc8bwmkGpCQs9xkSM\/Process1-1","verb":"POST","httpHeaders":{"header":[{"name":"Content-Type","$t":"application\/json"},{"name":"Accept","$t":"application\/json"}]},"body":{"generateUsing":"UnwrappedJSON","preserveJsonStringFormatting":"false"}}},"output":{"field":{"description":"Successful response","entireResponse":"true","name":"Process11Response","type":"reference","options":{"option":{"name":"referenceTo","$t":"Process1-1Response"}}}}}},"objects":{"processObject":[{"isByCopy":"true","name":"Process11Request","xmlns":"http:\/\/schemas.active-endpoints.com\/appmodules\/screenflow\/2011\/06\/avosHostEnvironment.xsd","description":{},"detail":{"field":{"name":"Input","type":"string"}}},{"isByCopy":"true","name":"Process11Response","xmlns":"http:\/\/schemas.active-endpoints.com\/appmodules\/screenflow\/2011\/06\/avosHostEnvironment.xsd","description":{},"detail":{"field":{"name":"Output","type":"string"}}},{"isByCopy":"true","name":"string","xmlns":"http:\/\/schemas.active-endpoints.com\/appmodules\/screenflow\/2011\/06\/avosHostEnvironment.xsd","description":{},"detail":{"field":{"name":"string","type":"string"}}},{"isByCopy":"true","name":"boolean","xmlns":"http:\/\/schemas.active-endpoints.com\/appmodules\/screenflow\/2011\/06\/avosHostEnvironment.xsd","description":{},"detail":{"field":{"name":"boolean","type":"boolean"}}},{"isByCopy":"true","name":"double","xmlns":"http:\/\/schemas.active-endpoints.com\/appmodules\/screenflow\/2011\/06\/avosHostEnvironment.xsd","description":{},"detail":{"field":{"name":"double","type":"double"}}},{"isByCopy":"true","name":"integer","xmlns":"http:\/\/schemas.active-endpoints.com\/appmodules\/screenflow\/2011\/06\/avosHostEnvironment.xsd","description":{},"detail":{"field":{"name":"integer","type":"int"}}}]}}},"GUID":{"$t":"aU32x6EK5sLdtFI95oXO6u"},"DisplayName":{"$t":"ServiceConnector1"}}