<aetgt:getResponse xmlns:aetgt="http://schemas.active-endpoints.com/appmodules/repository/2010/10/avrepository.xsd"
                   xmlns:types1="http://schemas.active-endpoints.com/appmodules/repository/2010/10/avrepository.xsd">
   <types1:Item>
      <types1:EntryId>rfQHhwq9bdsreK8-gt-326454-2018-09-05T16:43:08.828Z::po.xml</types1:EntryId>
      <types1:Name>User-1</types1:Name>
      <types1:MimeType>application/xml+processobject</types1:MimeType>
      <types1:Description/>
      <types1:AppliesTo/>
      <types1:Tags/>
      <types1:VersionLabel>1.0</types1:VersionLabel>
      <types1:State>CURRENT</types1:State>
      <types1:ProcessGroup/>
      <types1:CreatedBy>smanes@informatica.com.demo.ga</types1:CreatedBy>
      <types1:CreationDate>2018-09-05T16:43:09Z</types1:CreationDate>
      <types1:ModifiedBy>smanes@informatica.com.demo.ga</types1:ModifiedBy>
      <types1:ModificationDate>2019-04-02T15:18:23Z</types1:ModificationDate>
      <types1:PublicationStatus>unpublished</types1:PublicationStatus>
      <types1:AutosaveExists>false</types1:AutosaveExists>
      <types1:Entry>
         <processObject xmlns="http://schemas.active-endpoints.com/appmodules/screenflow/2011/06/avosHostEnvironment.xsd"
                        displayName="User"
                        isByCopy="true"
                        name="User-1">
            <description/>
            <tags/>
            <detail>
               <field label="userName" name="userName" type="string"/>
               <field label="password" name="password" type="string"/>
            </detail>
         </processObject>
      </types1:Entry>
      <types1:GUID>8DK5XcSk5VodaXRRrISOsp</types1:GUID>
      <types1:DisplayName>User</types1:DisplayName>
   </types1:Item>
   <types1:CurrentServerDateTime>2019-04-30T18:22:32.419Z</types1:CurrentServerDateTime>
</aetgt:getResponse>
