<aetgt:getResponse xmlns:aetgt="http://schemas.active-endpoints.com/appmodules/repository/2010/10/avrepository.xsd"
                   xmlns:types1="http://schemas.active-endpoints.com/appmodules/repository/2010/10/avrepository.xsd">
   <types1:Item>
      <types1:EntryId>zTm8lnCmp6oIuQa-gt-27402869-2020-05-15T18:12:14.409Z::conn.xml</types1:EntryId>
      <types1:Name>api-RecordCount-Conn-1</types1:Name>
      <types1:ParentFlowIds>PwLdqcgm8lnCmp6-gt-585907-2020-06-01T20:19:44.666Z::pd.xml,xiggor3rp3yD7ty-gt-515666-2020-05-31T15:10:35.376Z::pd.xml</types1:ParentFlowIds>
      <types1:MimeType>application/xml+connection</types1:MimeType>
      <types1:Description>App connection for "api-RecordCount-Service".</types1:Description>
      <types1:AppliesTo/>
      <types1:Tags>.agent:Linux_IcsaGroup01_Integrations</types1:Tags>
      <types1:VersionLabel>1.0</types1:VersionLabel>
      <types1:State>CURRENT</types1:State>
      <types1:ProcessGroup/>
      <types1:CreatedBy>edis@gmu.edu.sandbox</types1:CreatedBy>
      <types1:CreationDate>2020-05-15T18:12:14Z</types1:CreationDate>
      <types1:ModifiedBy/>
      <types1:PublicationStatus>published</types1:PublicationStatus>
      <types1:PublishedBy>edis@gmu.edu.sandbox</types1:PublishedBy>
      <types1:PublicationDate>2020-05-15T18:16:13Z</types1:PublicationDate>
      <types1:PublishedContributionId>project:/rt.connection/api-RecordCount-Conn-1/api-RecordCount-Conn-1.conn.xml</types1:PublishedContributionId>
      <types1:AutosaveExists>false</types1:AutosaveExists>
      <types1:Entry>
         <connection xmlns="http://schemas.informatica.com/socrates/data-services/2014/04/avosConnections.xsd"
                     displayName="api-RecordCount-Conn"
                     label="api-RecordCount-Conn"
                     name="api-RecordCount-Conn-1">
            <description>App connection for "api-RecordCount-Service".</description>
            <tags>.agent:Linux_IcsaGroup01_Integrations</tags>
            <agent>Linux_IcsaGroup01_Integrations</agent>
            <attributes/>
            <businessConnector xmlns="http://schemas.informatica.com/appmodules/screenflow/2014/04/avosConnectors.xsd"
                               agentOnly="false"
                               connectorPath="project:/rt.connector/api_RecordCount_Service/api_RecordCount_Service_svcDef.xml"
                               guid="5rYFp5C1VWtbTOpKFPTQSs"
                               name="api-RecordCount-Service-1"
                               supportsConnectionTest="false"
                               uuid="a0f4abcb-80ab-4212-84de-f9f495af774c">
               <description>Service to get Record Count from views/tables</description>
            </businessConnector>
         </connection>
      </types1:Entry>
      <types1:GUID>5GCYSrTQOuEbPno9HxzU4y</types1:GUID>
      <types1:DisplayName>api-RecordCount-Conn</types1:DisplayName>
   </types1:Item>
   <types1:CurrentServerDateTime>2020-06-23T19:59:48.145Z</types1:CurrentServerDateTime>
</aetgt:getResponse>
