{"EntryId":{"$t":"paaaa-gt-31779-2018-06-10T13:14:40.245Z::po.xml"},"Name":{"$t":"ExportAsset"},"MimeType":{"$t":"application\/xml+processobject"},"Description":{},"AppliesTo":{},"Tags":{},"VersionLabel":{"$t":"1.0"},"State":{"$t":"CURRENT"},"ProcessGroup":{},"CreatedBy":{"$t":"sorabh@na1.dm-us.org"},"CreationDate":{"$t":"2018-06-10T13:14:40Z"},"ModifiedBy":{},"PublicationStatus":{"$t":"unpublished"},"AutosaveExists":{"$t":"false"},"Entry":{"processObject":{"displayName":"ExportAsset","isByCopy":"true","name":"ExportAsset","xmlns":"http:\/\/schemas.active-endpoints.com\/appmodules\/screenflow\/2011\/06\/avosHostEnvironment.xsd","xmlns$aetgt":"http:\/\/schemas.active-endpoints.com\/appmodules\/repository\/2010\/10\/avrepository.xsd","description":{},"tags":{},"detail":{"field":[{"label":"path","name":"path","type":"string"},{"label":"type","name":"type","type":"string"}]}}},"GUID":{"$t":"8ApOEf9vQMTe4QTKeISFcx"},"DisplayName":{"$t":"ExportAsset"}}