{
  "name" : "job-1531740464721",
  "sourceOrgId" : "6w10pMc8bwmkGpCQs9xkSM",
  "sourceOrgName" : "IICS iPaaS",
  "exportedObjects" : [ {
    "objectGuid" : "3ygSehArZUjjASS3XCVT8D",
    "objectName" : "ExportAssetList",
    "objectType" : "PROCESS_OBJECT",
    "path" : "/Explore/TestSDLC/Process Objects",
    "metadata" : {
      "modelVersion" : {
        "major" : 1,
        "minor" : 0
      },
      "repoInfo" : {
        "repoHandle" : "7LHxkYAOTMneBjr-gt-29605-2018-06-10T13:13:39.94Z::po.xml"
      },
      "objectRefs" : [ ],
      "contextAttributes" : null,
      "additionalInfo" : {
        "description" : "",
        "contentType" : "application/json; charset=utf-8",
        "documentState" : "VALID"
      },
      "objectExistence" : "WITH_DEPENDENCIES"
    }
  }, {
    "objectGuid" : "0lMjLAteBKXb0qnHj5J7Sq",
    "objectName" : "Login to IICS",
    "objectType" : "PROCESS",
    "path" : "/Explore/TestSDLC",
    "metadata" : {
      "modelVersion" : {
        "major" : 1,
        "minor" : 0
      },
      "repoInfo" : {
        "repoHandle" : "Tgaaaa-gt-643059-2018-06-20T11:07:55.728Z::pd.xml"
      },
      "objectRefs" : [ "8aOwbKjI2W7gAcny4H27ew" ],
      "contextAttributes" : null,
      "additionalInfo" : {
        "description" : "",
        "contentType" : "application/json; charset=utf-8",
        "documentState" : "VALID"
      },
      "objectExistence" : "WITH_DEPENDENCIES"
    }
  }, {
    "objectGuid" : "9qGx1cMPu4Mfearye8j2GX",
    "objectName" : "Service Connectors",
    "objectType" : "Folder",
    "path" : "/Explore/SDLC",
    "metadata" : {
      "modelVersion" : {
        "major" : 0,
        "minor" : 0
      },
      "repoInfo" : null,
      "objectRefs" : [ ],
      "contextAttributes" : [ ],
      "additionalInfo" : {
        "description" : "",
        "contentType" : "Binary",
        "documentState" : "COMPLETE"
      },
      "objectExistence" : "WITHOUT_DEPENDENCIES"
    }
  }, {
    "objectGuid" : "3qreLbJTGSlgBCNaxQK1IR",
    "objectName" : "SDLC",
    "objectType" : "Project",
    "path" : "/Explore",
    "metadata" : {
      "modelVersion" : {
        "major" : 0,
        "minor" : 0
      },
      "repoInfo" : null,
      "objectRefs" : [ ],
      "contextAttributes" : [ ],
      "additionalInfo" : {
        "description" : "Example: SDLC using export/import and Git",
        "contentType" : "Binary",
        "documentState" : "COMPLETE"
      },
      "objectExistence" : "WITHOUT_DEPENDENCIES"
    }
  }, {
    "objectGuid" : "1iJTv2T0dwGeBmlqTJFT4f",
    "objectName" : "Process Objects",
    "objectType" : "Folder",
    "path" : "/Explore/TestSDLC",
    "metadata" : {
      "modelVersion" : {
        "major" : 0,
        "minor" : 0
      },
      "repoInfo" : null,
      "objectRefs" : [ ],
      "contextAttributes" : [ ],
      "additionalInfo" : {
        "description" : "",
        "contentType" : "Binary",
        "documentState" : "COMPLETE"
      },
      "objectExistence" : "WITHOUT_DEPENDENCIES"
    }
  }, {
    "objectGuid" : "8ApOEf9vQMTe4QTKeISFcx",
    "objectName" : "ExportAsset",
    "objectType" : "PROCESS_OBJECT",
    "path" : "/Explore/TestSDLC/Process Objects",
    "metadata" : {
      "modelVersion" : {
        "major" : 1,
        "minor" : 0
      },
      "repoInfo" : {
        "repoHandle" : "paaaa-gt-31779-2018-06-10T13:14:40.245Z::po.xml"
      },
      "objectRefs" : [ ],
      "contextAttributes" : null,
      "additionalInfo" : {
        "description" : "",
        "contentType" : "application/json; charset=utf-8",
        "documentState" : "VALID"
      },
      "objectExistence" : "WITH_DEPENDENCIES"
    }
  }, {
    "objectGuid" : "41ZeKs2z0qOjS2XV5mD5iI",
    "objectName" : "Test2",
    "objectType" : "PROCESS_OBJECT",
    "path" : "/Explore/TestSDLC/Test",
    "metadata" : {
      "modelVersion" : {
        "major" : 1,
        "minor" : 0
      },
      "repoInfo" : {
        "repoHandle" : "RtycotFgpKi9zhF-gt-379386-2018-06-25T11:35:37.702Z::po.xml"
      },
      "objectRefs" : [ ],
      "contextAttributes" : null,
      "additionalInfo" : {
        "description" : "",
        "contentType" : "application/json; charset=utf-8",
        "documentState" : "VALID"
      },
      "objectExistence" : "WITH_DEPENDENCIES"
    }
  }, {
    "objectGuid" : "6SghdM8evclhdefwVIRZGc",
    "objectName" : "Connections",
    "objectType" : "Folder",
    "path" : "/Explore/SDLC",
    "metadata" : {
      "modelVersion" : {
        "major" : 0,
        "minor" : 0
      },
      "repoInfo" : null,
      "objectRefs" : [ ],
      "contextAttributes" : [ ],
      "additionalInfo" : {
        "description" : "",
        "contentType" : "Binary",
        "documentState" : "COMPLETE"
      },
      "objectExistence" : "WITHOUT_DEPENDENCIES"
    }
  }, {
    "objectGuid" : "0AhfnhE4aTzksnYdr80ASa",
    "objectName" : "Process1",
    "objectType" : "PROCESS",
    "path" : "/Explore/TestSDLC/TestFolder",
    "metadata" : {
      "modelVersion" : {
        "major" : 1,
        "minor" : 0
      },
      "repoInfo" : {
        "repoHandle" : "vHWOMzeHbcjqbdp-gt-48122-2018-06-14T04:29:52.354Z::pd.xml"
      },
      "objectRefs" : [ ],
      "contextAttributes" : null,
      "additionalInfo" : {
        "description" : "",
        "contentType" : "application/json; charset=utf-8",
        "documentState" : "VALID"
      },
      "objectExistence" : "WITH_DEPENDENCIES"
    }
  }, {
    "objectGuid" : "005WBvn7CoJb5tF5PdScgh",
    "objectName" : "TestPO",
    "objectType" : "PROCESS_OBJECT",
    "path" : "/Explore/TestSDLC/Test",
    "metadata" : {
      "modelVersion" : {
        "major" : 1,
        "minor" : 0
      },
      "repoInfo" : {
        "repoHandle" : "iWlwUiQLnzYLnzY-gt-313057-2018-06-25T11:35:07.613Z::po.xml"
      },
      "objectRefs" : [ ],
      "contextAttributes" : null,
      "additionalInfo" : {
        "description" : "",
        "contentType" : "application/json; charset=utf-8",
        "documentState" : "VALID"
      },
      "objectExistence" : "WITH_DEPENDENCIES"
    }
  }, {
    "objectGuid" : "9Pli5oYsS6hk3qE1VycOMO",
    "objectName" : "TestFolder",
    "objectType" : "Folder",
    "path" : "/Explore/TestSDLC",
    "metadata" : {
      "modelVersion" : {
        "major" : 0,
        "minor" : 0
      },
      "repoInfo" : null,
      "objectRefs" : [ ],
      "contextAttributes" : [ ],
      "additionalInfo" : {
        "description" : "",
        "contentType" : "Binary",
        "documentState" : "COMPLETE"
      },
      "objectExistence" : "WITHOUT_DEPENDENCIES"
    }
  }, {
    "objectGuid" : "1pMsuRbKf1Qhl7JQ3z3gOu",
    "objectName" : "Test",
    "objectType" : "Folder",
    "path" : "/Explore/TestSDLC",
    "metadata" : {
      "modelVersion" : {
        "major" : 0,
        "minor" : 0
      },
      "repoInfo" : null,
      "objectRefs" : [ ],
      "contextAttributes" : [ ],
      "additionalInfo" : {
        "description" : "",
        "contentType" : "Binary",
        "documentState" : "COMPLETE"
      },
      "objectExistence" : "WITHOUT_DEPENDENCIES"
    }
  }, {
    "objectGuid" : "95YZ2KyEpBwg0tG9JVif8i",
    "objectName" : "Git Contents API",
    "objectType" : "AI_SERVICE_CONNECTOR",
    "path" : "/Explore/SDLC/Service Connectors",
    "metadata" : {
      "modelVersion" : {
        "major" : 1,
        "minor" : 0
      },
      "repoInfo" : {
        "repoHandle" : "UkdypKwKBqRi92q-gt-10935-2018-07-12T05:50:27.49Z::svc.xml"
      },
      "objectRefs" : [ ],
      "contextAttributes" : null,
      "additionalInfo" : {
        "description" : "This service connectors provides actions for Git Contents API. Refer https://developer.github.com/v3/repos/contents/",
        "contentType" : "application/json; charset=utf-8",
        "documentState" : "VALID"
      },
      "objectExistence" : "WITH_DEPENDENCIES"
    }
  }, {
    "objectGuid" : "6LwNDeldZoldgwxPnYOo2u",
    "objectName" : "ServiceConnector1",
    "objectType" : "AI_SERVICE_CONNECTOR",
    "path" : "/Explore/TestSDLC",
    "metadata" : {
      "modelVersion" : {
        "major" : 1,
        "minor" : 0
      },
      "repoInfo" : {
        "repoHandle" : "Icn6Hbf13ErhNzU-gt-400599-2018-06-14T04:28:55.557Z::svc.xml"
      },
      "objectRefs" : [ ],
      "contextAttributes" : null,
      "additionalInfo" : {
        "description" : "",
        "contentType" : "application/json; charset=utf-8",
        "documentState" : "INVALID"
      },
      "objectExistence" : "WITH_DEPENDENCIES"
    }
  }, {
    "objectGuid" : "6i43mSXqS6ikKio3p1ejgb",
    "objectName" : "SDLC",
    "objectType" : "PROCESS",
    "path" : "/Explore/TestSDLC",
    "metadata" : {
      "modelVersion" : {
        "major" : 1,
        "minor" : 0
      },
      "repoInfo" : {
        "repoHandle" : "OOVGuDoWn2sqeEr-gt-323687-2018-06-20T11:12:41.653Z::pd.xml"
      },
      "objectRefs" : [ "0lMjLAteBKXb0qnHj5J7Sq", "8aOwbKjI2W7gAcny4H27ew" ],
      "contextAttributes" : null,
      "additionalInfo" : {
        "description" : "",
        "contentType" : "application/json; charset=utf-8",
        "documentState" : "VALID"
      },
      "objectExistence" : "WITH_DEPENDENCIES"
    }
  }, {
    "objectGuid" : "6ulEZAkgqC4eklDj5IFlkX",
    "objectName" : "Connection1",
    "objectType" : "AI_CONNECTION",
    "path" : "/Explore/TestSDLC/TestFolder",
    "metadata" : {
      "modelVersion" : {
        "major" : 1,
        "minor" : 0
      },
      "repoInfo" : {
        "repoHandle" : "V7Z06NYcmYsGuDo-gt-15960-2018-06-14T04:29:19.761Z::conn.xml"
      },
      "objectRefs" : [ ],
      "contextAttributes" : null,
      "additionalInfo" : {
        "description" : "",
        "contentType" : "application/json; charset=utf-8",
        "documentState" : "INVALID"
      },
      "objectExistence" : "WITH_DEPENDENCIES"
    }
  }, {
    "objectGuid" : "8uj5ebZpQi6gjTWkYR8z4N",
    "objectName" : "Export from IICS",
    "objectType" : "PROCESS",
    "path" : "/Explore/TestSDLC/Test",
    "metadata" : {
      "modelVersion" : {
        "major" : 1,
        "minor" : 0
      },
      "repoInfo" : {
        "repoHandle" : "1jlMfVMTonQYWeI-gt-146782-2018-06-21T08:40:16.849Z::pd.xml"
      },
      "objectRefs" : [ "8aOwbKjI2W7gAcny4H27ew" ],
      "contextAttributes" : null,
      "additionalInfo" : {
        "description" : "",
        "contentType" : "application/json; charset=utf-8",
        "documentState" : "VALID"
      },
      "objectExistence" : "WITH_DEPENDENCIES"
    }
  }, {
    "objectGuid" : "0WsyPkoGU7JhuMsq0x8UMf",
    "objectName" : "ProcessObject1",
    "objectType" : "PROCESS_OBJECT",
    "path" : "/Explore/TestSDLC/TestFolder",
    "metadata" : {
      "modelVersion" : {
        "major" : 1,
        "minor" : 0
      },
      "repoInfo" : {
        "repoHandle" : "txGomUhGdwOLIFv-gt-230035-2018-06-14T04:29:34.322Z::po.xml"
      },
      "objectRefs" : [ ],
      "contextAttributes" : null,
      "additionalInfo" : {
        "description" : "",
        "contentType" : "application/json; charset=utf-8",
        "documentState" : "VALID"
      },
      "objectExistence" : "WITH_DEPENDENCIES"
    }
  }, {
    "objectGuid" : "0Q5fv41zeVekumZCjqsM43",
    "objectName" : "Export from IICS",
    "objectType" : "PROCESS",
    "path" : "/Explore/TestSDLC",
    "metadata" : {
      "modelVersion" : {
        "major" : 1,
        "minor" : 0
      },
      "repoInfo" : {
        "repoHandle" : "cmYsGuDoWn2sqeE-gt-663877-2018-06-21T05:02:04.42Z::pd.xml"
      },
      "objectRefs" : [ "8aOwbKjI2W7gAcny4H27ew" ],
      "contextAttributes" : null,
      "additionalInfo" : {
        "description" : "",
        "contentType" : "application/json; charset=utf-8",
        "documentState" : "INVALID"
      },
      "objectExistence" : "WITH_DEPENDENCIES"
    }
  }, {
    "objectGuid" : "8aOwbKjI2W7gAcny4H27ew",
    "objectName" : "IICS-REST-API-actions",
    "objectType" : "AI_CONNECTION",
    "path" : "/Explore/SDLC/Connections",
    "metadata" : {
      "modelVersion" : {
        "major" : 1,
        "minor" : 0
      },
      "repoInfo" : {
        "repoHandle" : "HdqDdvrTdtqSLlB-gt-26331-2018-06-08T08:28:25.548Z::conn.xml"
      },
      "objectRefs" : [ ],
      "contextAttributes" : null,
      "additionalInfo" : {
        "description" : "s",
        "contentType" : "application/json; charset=utf-8",
        "documentState" : "VALID"
      },
      "objectExistence" : "WITH_DEPENDENCIES"
    }
  }, {
    "objectGuid" : "feAJtiOC7E1laKUwVp0Uom",
    "objectName" : "TestSDLC",
    "objectType" : "Project",
    "path" : "/Explore",
    "metadata" : {
      "modelVersion" : {
        "major" : 0,
        "minor" : 0
      },
      "repoInfo" : null,
      "objectRefs" : [ ],
      "contextAttributes" : [ ],
      "additionalInfo" : {
        "description" : "",
        "contentType" : "Binary",
        "documentState" : "COMPLETE"
      },
      "objectExistence" : "WITHOUT_DEPENDENCIES"
    }
  }, {
    "objectGuid" : "aU32x6EK5sLdtFI95oXO6u",
    "objectName" : "ServiceConnector1",
    "objectType" : "AI_SERVICE_CONNECTOR",
    "path" : "/Explore/TestSDLC/Process Objects",
    "metadata" : {
      "modelVersion" : {
        "major" : 1,
        "minor" : 0
      },
      "repoInfo" : {
        "repoHandle" : "2Cv2jop81V4Adyp-gt-157122-2018-06-11T14:16:58.857Z::svc.xml"
      },
      "objectRefs" : [ ],
      "contextAttributes" : null,
      "additionalInfo" : {
        "description" : "",
        "contentType" : "application/json; charset=utf-8",
        "documentState" : "VALID"
      },
      "objectExistence" : "WITH_DEPENDENCIES"
    }
  }, {
    "objectGuid" : "aSwupfwe7RklrRyUqwN9e0",
    "objectName" : "AmazonS3",
    "objectType" : "AI_CONNECTION",
    "path" : "/Explore/TestSDLC/Test",
    "metadata" : {
      "modelVersion" : {
        "major" : 1,
        "minor" : 0
      },
      "repoInfo" : {
        "repoHandle" : "02XZPnE29Em2kVN-gt-162883-2018-06-27T10:29:59.984Z::conn.xml"
      },
      "objectRefs" : [ ],
      "contextAttributes" : null,
      "additionalInfo" : {
        "description" : "",
        "contentType" : "application/json; charset=utf-8",
        "documentState" : "VALID"
      },
      "objectExistence" : "WITH_DEPENDENCIES"
    }
  }, {
    "objectGuid" : "55fVmElN0GxiQt4tUK6Qq0",
    "objectName" : "Export Cloud Assets",
    "objectType" : "PROCESS",
    "path" : "/Explore/TestSDLC/Processes",
    "metadata" : {
      "modelVersion" : {
        "major" : 1,
        "minor" : 0
      },
      "repoInfo" : {
        "repoHandle" : "xR6Eaaaaaaaaaaa-gt-119205-2018-06-07T10:34:03.638Z::pd.xml"
      },
      "objectRefs" : [ "1euhYbqBxD5irXalrP3xeg", "8aOwbKjI2W7gAcny4H27ew" ],
      "contextAttributes" : null,
      "additionalInfo" : {
        "description" : "",
        "contentType" : "application/json; charset=utf-8",
        "documentState" : "VALID"
      },
      "objectExistence" : "WITH_DEPENDENCIES"
    }
  }, {
    "objectGuid" : "1euhYbqBxD5irXalrP3xeg",
    "objectName" : "Git-Contents-API-actions",
    "objectType" : "AI_CONNECTION",
    "path" : "/Explore/SDLC/Connections",
    "metadata" : {
      "modelVersion" : {
        "major" : 1,
        "minor" : 0
      },
      "repoInfo" : {
        "repoHandle" : "lCCKpNz6HKoJBUh-gt-10168-2018-07-12T10:10:36.186Z::conn.xml"
      },
      "objectRefs" : [ "95YZ2KyEpBwg0tG9JVif8i" ],
      "contextAttributes" : null,
      "additionalInfo" : {
        "description" : "",
        "contentType" : "application/json; charset=utf-8",
        "documentState" : "VALID"
      },
      "objectExistence" : "WITH_DEPENDENCIES"
    }
  }, {
    "objectGuid" : "12qilE0Hlkxjzbu25BIUS4",
    "objectName" : "Processes",
    "objectType" : "Folder",
    "path" : "/Explore/TestSDLC",
    "metadata" : {
      "modelVersion" : {
        "major" : 0,
        "minor" : 0
      },
      "repoInfo" : null,
      "objectRefs" : [ ],
      "contextAttributes" : [ ],
      "additionalInfo" : {
        "description" : "",
        "contentType" : "Binary",
        "documentState" : "COMPLETE"
      },
      "objectExistence" : "WITHOUT_DEPENDENCIES"
    }
  } ]
}