{
  "name" : "job-1536165810559",
  "sourceOrgId" : "2S2se050l7re3QWkJp9SwV",
  "sourceOrgName" : "Informatica",
  "exportedObjects" : [ {
    "objectGuid" : "4OaiZuxDgR8lDrDPg264YY",
    "objectName" : "XifinProject",
    "objectType" : "Project",
    "path" : "/Explore",
    "metadata" : {
      "modelVersion" : {
        "major" : 0,
        "minor" : 0
      },
      "repoInfo" : null,
      "objectRefs" : [ ],
      "contextAttributes" : [ ],
      "additionalInfo" : {
        "description" : "",
        "contentType" : "Binary",
        "documentState" : "COMPLETE"
      },
      "objectExistence" : "WITHOUT_DEPENDENCIES"
    }
  }, {
    "objectGuid" : "8VZKmnawV4wePqJEgJTvuJ",
    "objectName" : "User",
    "objectType" : "PROCESS_OBJECT",
    "path" : "/Explore/Sukhman_Project/Xifin",
    "metadata" : {
      "modelVersion" : {
        "major" : 1,
        "minor" : 0
      },
      "repoInfo" : {
        "repoHandle" : "rtRuImXycotFgpK-gt-134915-2018-07-10T22:34:16.288Z::po.xml"
      },
      "objectRefs" : [ ],
      "contextAttributes" : null,
      "additionalInfo" : {
        "description" : "",
        "contentType" : "application/json; charset=utf-8",
        "documentState" : "VALID"
      },
      "objectExistence" : "WITH_DEPENDENCIES"
    }
  }, {
    "objectGuid" : "9o0bjrkl41pkp7vRMkQDgh",
    "objectName" : "localFilesCAI",
    "objectType" : "AI_CONNECTION",
    "path" : "/Explore/XifinProject",
    "metadata" : {
      "modelVersion" : {
        "major" : 1,
        "minor" : 0
      },
      "repoInfo" : {
        "repoHandle" : "RuuB3uopz4KhPVE-gt-445583-2018-09-05T16:42:49.702Z::conn.xml"
      },
      "objectRefs" : [ ],
      "contextAttributes" : null,
      "additionalInfo" : {
        "description" : "",
        "contentType" : null,
        "documentState" : "VALID"
      },
      "objectExistence" : "WITH_DEPENDENCIES"
    }
  }, {
    "objectGuid" : "5x7WsBpQFqlk1LZL5ejoY5",
    "objectName" : "Sukhman_Project",
    "objectType" : "Project",
    "path" : "/Explore",
    "metadata" : {
      "modelVersion" : {
        "major" : 0,
        "minor" : 0
      },
      "repoInfo" : null,
      "objectRefs" : [ ],
      "contextAttributes" : [ ],
      "additionalInfo" : {
        "description" : "",
        "contentType" : "Binary",
        "documentState" : "COMPLETE"
      },
      "objectExistence" : "WITHOUT_DEPENDENCIES"
    }
  }, {
    "objectGuid" : "8DK5XcSk5VodaXRRrISOsp",
    "objectName" : "User",
    "objectType" : "PROCESS_OBJECT",
    "path" : "/Explore/XifinProject",
    "metadata" : {
      "modelVersion" : {
        "major" : 1,
        "minor" : 0
      },
      "repoInfo" : {
        "repoHandle" : "rfQHhwq9bdsreK8-gt-326454-2018-09-05T16:43:08.828Z::po.xml"
      },
      "objectRefs" : [ ],
      "contextAttributes" : null,
      "additionalInfo" : {
        "description" : "",
        "contentType" : null,
        "documentState" : "VALID"
      },
      "objectExistence" : "WITH_DEPENDENCIES"
    }
  }, {
    "objectGuid" : "7MBp2bGF3MNdr0HigemFSk",
    "objectName" : "Xifin",
    "objectType" : "Folder",
    "path" : "/Explore/Sukhman_Project",
    "metadata" : {
      "modelVersion" : {
        "major" : 0,
        "minor" : 0
      },
      "repoInfo" : null,
      "objectRefs" : [ ],
      "contextAttributes" : [ ],
      "additionalInfo" : {
        "description" : "",
        "contentType" : "Binary",
        "documentState" : "COMPLETE"
      },
      "objectExistence" : "WITHOUT_DEPENDENCIES"
    }
  }, {
    "objectGuid" : "2FkMj1iLHgSgID63Eb9s0A",
    "objectName" : "createXMLConfig",
    "objectType" : "PROCESS",
    "path" : "/Explore/XifinProject",
    "metadata" : {
      "modelVersion" : {
        "major" : 1,
        "minor" : 0
      },
      "repoInfo" : {
        "repoHandle" : "iUQbgdwUiQLnzYL-gt-1660387-2018-09-05T16:42:30.132Z::pd.xml"
      },
      "objectRefs" : [ "8VZKmnawV4wePqJEgJTvuJ" ],
      "contextAttributes" : null,
      "additionalInfo" : {
        "description" : "",
        "contentType" : null,
        "documentState" : "INVALID"
      },
      "objectExistence" : "WITH_DEPENDENCIES"
    }
  } ]
}