objectPath,objectName,objectType,id
/SYS,Ann,AgentGroup,7nI7564VJpufiPeEDXkug1
/Explore/MJ,mct_test_partition_param,MTT,jnI9yKaY70TczBoMyhw0ms
/Explore/MJ,MJ1,Folder,erGLEK4qqADkKxCYAIkd2k
/Explore/MJ,m_SF_dups_process,DTEMPLATE,0xNdthDmSO7kanXKPsQ0cs
/SYS,FF_Ann,Connection,969DWvxFK02gUG7c4EcTkW
/Explore/MJ/MJ1,Validate_PO,PROCESS,8JHksy219WZislxaZvApOg
/Explore/MJ,mct_Read_Sybase_Data_DD_Driver,MTT,2UceQRDgaKPdBsgVrv9Zat
/Explore/MJ,m_SYB_ORA_lkp,DTEMPLATE,4HjmGGOFRXccCpG5GhUoUA
/SYS,AWS_Redshift_v1,Connection,2vm1sJ19cACcfTzIYUn5MB
/SYS,PMTargetFileDir,Connection,aKoI06RvJRygnm9J6eiVW5
/Explore/MJ,DRS_SF_to_Ora,DRS,70agF05MfqaiSRNFBH4EaQ
/Explore/MJ,m_SCD_II,DTEMPLATE,2VCIGuKZ4a4broHTckkJuX
/Explore/MJ,m_syb_partition_read,DTEMPLATE,9MEg7yjRIawkDIyecN698s
/Explore/MJ/MJ1,cn-Val-PO,AI_CONNECTION,92S8bo3NHbrdljLqHWcsis
/SYS,SFDC_Sriram,Connection,dop6p0vGAcKhan6Bzb3P4I
/SYS,SYBASE_ASE,Connection,dbEirRd5TMfdPzUDFRVHAa
/Explore/MJ,m_SF_to_SYBASE,DTEMPLATE,aC4rufYPOskftkq2zP1Heg
/Explore/MJ,DSS_check_file,DSS,c8ewPuf1v4idQ6NA6YN3Yu
/Explore/MJ,mct_test_partition,MTT,497eMSJ5Io7chY5B1yN9an
/Explore/MJ,m_join_RS,DTEMPLATE,a36GABj0Pytki4KWkW3hAu
/Explore/MJ,mplt_convert_bin_str_decode,MAPPLET,25H28g95OG2kn46UUlSIQt
/SYS,Oracle_TWC-AWS-RawVault_RV_DEV,Connection,c9fNH6C5kowkMiqiefMWK7
/Explore,MJ,Project,dxIQAIB7g4UcH0lHMwtaKH
/SYS,Sybase_TWIST_REPORTS_TEST,Connection,4ZBq0Dh97G5hxVPRJ0LDYA
/Explore/MJ,mct_SYB_ORA,MTT,iUJvURmbwC9fdUlX1w6l0D
/Explore/MJ,m_RawVault_CC_Fund_INC,DTEMPLATE,93hszXrLGAghfNN2TMlQ4I
/Explore/MJ,m_RawVault_CC_Claim_Attendance_INC,DTEMPLATE,74QGWuehgkRkMJyHZLfPWd
/SYS,SF_Ann,Connection,9qlNAXfjFPclw0GYo2Miqm
/Explore/MJ,m_RS_lkp,DTEMPLATE,gg0Y3IRTWYFiCdwLyQhpIu
/Explore/MJ,m_Read_Sybase_Data_DD_PC,DTEMPLATE,5rNTGa0iiJigjtEDhEzFqy
/Explore/MJ,DSS_SF_Account_FF,DSS,5cPa2Hf0d0af5JflDCnfG1
/Explore/MJ,mct_syb_partition_read_gen_param,MTT,1gnmkCNchegddsVWuhgoCZ
/Explore/MJ,m_PDO_Ora,DTEMPLATE,3L1dPpxblkAbjKeBrihgm2
/Explore/MJ,m_convert_bin_str,DTEMPLATE,gZqjA9UUiC7f69XeAMaQgm
/Explore/MJ,TF_trigger,TASKFLOW,kK5NEIt3222kWej4d62U4Q
/Explore/MJ/MJ1,sc_validate_postal_code,AI_SERVICE_CONNECTOR,4C8Q0s8xEWNeQz1jxOZZEu
/SYS,Oracle_TWC-4SV-KEPLER_RV_DEV,Connection,10NUUpEoAJFjLWmXyxjPw5
/Explore/MJ,mct_PDO_Ora,MTT,6weKPLx0fEEbL7vlfnRX8h
/SYS,Linux,AgentGroup,0i0Vy18MPYjdeqpc6atfmo
/Explore/MJ,TF_test,TASKFLOW,iwQb3BpIo4udD3fyPr4iyD
/SYS,IPSDB_GNAGARAJA,Connection,7GF2orUtaqZdfRnHZnXYIM
/Explore/MJ,m_SF_status_dedup,DTEMPLATE,2jY0Vn3fGkWehE1o4zssWQ
/Explore/MJ,m_SYB_ORA,DTEMPLATE,jl6r0mZQMccif7j8FNFEGn
/SYS,Nagaraja_Laptop,AgentGroup,0oXpOP2YKGClGzjkLs3v6z
/SYS,Sybase_OLTP_TEST,Connection,9yWFDexo4Fmiuop0lQVn2b
/SYS,ODBC_RS,Connection,9yFGwDI8bdeehH8IhLnqy7
/Explore/MJ,mct_SF_to_SYBASE,MTT,9ExBEoEGmGgk46Qg9CSlaZ
/SYS,twc4svinfod.twc.state.tx.us,AgentGroup,dk9oUl0wUOSfpEl9x1ZBiW
/Explore/MJ,m_RS_lkp_ODBC,DTEMPLATE,b65tR7d7wGIgF3zdunKGgz
/Explore/MJ,m_Read_Sybase_Data_ODBC_Driver,DTEMPLATE,6bo9SHqwK5odIdTnij7Uex
/Explore/MJ,m_test_gen,DTEMPLATE,aaUqCa26c9vkC8dEhoCFog
/Explore/MJ,m_test_partition_param,DTEMPLATE,5YhOQkSgsC3jktDrfZLPa8
/Explore/MJ,mct_SCD_II,MTT,3lWhb7oGRwucB3sLRAJ8si