{
  "name" : "job-1536932430686",
  "sourceOrgId" : "2fD0URlNcuFfj6fdli77oA",
  "sourceOrgName" : "Informatica IPS IDC",
  "exportedObjects" : [ {
    "objectGuid" : "7nI7564VJpufiPeEDXkug1",
    "objectName" : "Ann",
    "objectType" : "AgentGroup",
    "path" : "/SYS",
    "metadata" : {
      "modelVersion" : {
        "major" : 0,
        "minor" : 0
      },
      "repoInfo" : {
        "repoHandle" : "01002F2500000000000B"
      },
      "objectRefs" : [ ],
      "contextAttributes" : [ {
        "name" : "id",
        "value" : "@1"
      } ],
      "additionalInfo" : {
        "description" : null,
        "contentType" : "JSON",
        "documentState" : "VALID"
      },
      "objectExistence" : "WITH_DEPENDENCIES"
    }
  }, {
    "objectGuid" : "jnI9yKaY70TczBoMyhw0ms",
    "objectName" : "mct_test_partition_param",
    "objectType" : "MTT",
    "path" : "/Explore/MJ",
    "metadata" : {
      "modelVersion" : {
        "major" : 0,
        "minor" : 0
      },
      "repoInfo" : {
        "repoHandle" : "01002F0Z00000000002N"
      },
      "objectRefs" : [ "7GF2orUtaqZdfRnHZnXYIM", "5YhOQkSgsC3jktDrfZLPa8", "aKoI06RvJRygnm9J6eiVW5", "0i0Vy18MPYjdeqpc6atfmo" ],
      "contextAttributes" : [ {
        "name" : "id",
        "value" : "@1"
      } ],
      "additionalInfo" : {
        "description" : "",
        "contentType" : "JSON",
        "documentState" : "VALID"
      },
      "objectExistence" : "WITH_DEPENDENCIES"
    }
  }, {
    "objectGuid" : "erGLEK4qqADkKxCYAIkd2k",
    "objectName" : "MJ1",
    "objectType" : "Folder",
    "path" : "/Explore/MJ",
    "metadata" : {
      "modelVersion" : {
        "major" : 0,
        "minor" : 0
      },
      "repoInfo" : null,
      "objectRefs" : [ ],
      "contextAttributes" : [ ],
      "additionalInfo" : {
        "description" : "",
        "contentType" : "Binary",
        "documentState" : "COMPLETE"
      },
      "objectExistence" : "WITHOUT_DEPENDENCIES"
    }
  }, {
    "objectGuid" : "0xNdthDmSO7kanXKPsQ0cs",
    "objectName" : "m_SF_dups_process",
    "objectType" : "DTEMPLATE",
    "path" : "/Explore/MJ",
    "metadata" : {
      "modelVersion" : {
        "major" : 0,
        "minor" : 0
      },
      "repoInfo" : {
        "repoHandle" : "01002F1700000000001K"
      },
      "objectRefs" : [ "dop6p0vGAcKhan6Bzb3P4I", "969DWvxFK02gUG7c4EcTkW" ],
      "contextAttributes" : [ {
        "name" : "id",
        "value" : "@1"
      } ],
      "additionalInfo" : {
        "description" : "",
        "contentType" : "JSON",
        "documentState" : "VALID"
      },
      "objectExistence" : "WITH_DEPENDENCIES"
    }
  }, {
    "objectGuid" : "969DWvxFK02gUG7c4EcTkW",
    "objectName" : "FF_Ann",
    "objectType" : "Connection",
    "path" : "/SYS",
    "metadata" : {
      "modelVersion" : {
        "major" : 0,
        "minor" : 0
      },
      "repoInfo" : {
        "repoHandle" : "01002F0B00000000000K"
      },
      "objectRefs" : [ "7nI7564VJpufiPeEDXkug1" ],
      "contextAttributes" : [ {
        "name" : "id",
        "value" : "@1"
      } ],
      "additionalInfo" : {
        "description" : null,
        "contentType" : "JSON",
        "documentState" : "COMPLETE"
      },
      "objectExistence" : "WITH_DEPENDENCIES"
    }
  }, {
    "objectGuid" : "8JHksy219WZislxaZvApOg",
    "objectName" : "Validate_PO",
    "objectType" : "PROCESS",
    "path" : "/Explore/MJ/MJ1",
    "metadata" : {
      "modelVersion" : {
        "major" : 1,
        "minor" : 0
      },
      "repoInfo" : {
        "repoHandle" : "p9T6kck8jKBmeK3-gt-210145-2018-05-09T06:37:07.244Z::pd.xml"
      },
      "objectRefs" : [ "92S8bo3NHbrdljLqHWcsis" ],
      "contextAttributes" : null,
      "additionalInfo" : {
        "description" : "",
        "contentType" : "application/json; charset=utf-8",
        "documentState" : "VALID"
      },
      "objectExistence" : "WITH_DEPENDENCIES"
    }
  }, {
    "objectGuid" : "2UceQRDgaKPdBsgVrv9Zat",
    "objectName" : "mct_Read_Sybase_Data_DD_Driver",
    "objectType" : "MTT",
    "path" : "/Explore/MJ",
    "metadata" : {
      "modelVersion" : {
        "major" : 0,
        "minor" : 0
      },
      "repoInfo" : {
        "repoHandle" : "01002F0Z00000000001A"
      },
      "objectRefs" : [ "6bo9SHqwK5odIdTnij7Uex", "dbEirRd5TMfdPzUDFRVHAa", "aKoI06RvJRygnm9J6eiVW5", "0i0Vy18MPYjdeqpc6atfmo" ],
      "contextAttributes" : [ {
        "name" : "id",
        "value" : "@1"
      } ],
      "additionalInfo" : {
        "description" : "",
        "contentType" : "JSON",
        "documentState" : "VALID"
      },
      "objectExistence" : "WITH_DEPENDENCIES"
    }
  }, {
    "objectGuid" : "4HjmGGOFRXccCpG5GhUoUA",
    "objectName" : "m_SYB_ORA_lkp",
    "objectType" : "DTEMPLATE",
    "path" : "/Explore/MJ",
    "metadata" : {
      "modelVersion" : {
        "major" : 0,
        "minor" : 0
      },
      "repoInfo" : {
        "repoHandle" : "01002F17000000000025"
      },
      "objectRefs" : [ "7GF2orUtaqZdfRnHZnXYIM", "dbEirRd5TMfdPzUDFRVHAa", "aKoI06RvJRygnm9J6eiVW5" ],
      "contextAttributes" : [ {
        "name" : "id",
        "value" : "@1"
      } ],
      "additionalInfo" : {
        "description" : "",
        "contentType" : "JSON",
        "documentState" : "VALID"
      },
      "objectExistence" : "WITH_DEPENDENCIES"
    }
  }, {
    "objectGuid" : "2vm1sJ19cACcfTzIYUn5MB",
    "objectName" : "AWS_Redshift_v1",
    "objectType" : "Connection",
    "path" : "/SYS",
    "metadata" : {
      "modelVersion" : {
        "major" : 0,
        "minor" : 0
      },
      "repoInfo" : {
        "repoHandle" : "01002F0B000000000012"
      },
      "objectRefs" : [ "0i0Vy18MPYjdeqpc6atfmo" ],
      "contextAttributes" : [ {
        "name" : "id",
        "value" : "@1"
      } ],
      "additionalInfo" : {
        "description" : null,
        "contentType" : "JSON",
        "documentState" : "COMPLETE"
      },
      "objectExistence" : "WITH_DEPENDENCIES"
    }
  }, {
    "objectGuid" : "aKoI06RvJRygnm9J6eiVW5",
    "objectName" : "PMTargetFileDir",
    "objectType" : "Connection",
    "path" : "/SYS",
    "metadata" : {
      "modelVersion" : {
        "major" : 0,
        "minor" : 0
      },
      "repoInfo" : {
        "repoHandle" : "01002F0B000000000003"
      },
      "objectRefs" : [ "0i0Vy18MPYjdeqpc6atfmo" ],
      "contextAttributes" : [ {
        "name" : "id",
        "value" : "@1"
      } ],
      "additionalInfo" : {
        "description" : null,
        "contentType" : "JSON",
        "documentState" : "COMPLETE"
      },
      "objectExistence" : "WITH_DEPENDENCIES"
    }
  }, {
    "objectGuid" : "70agF05MfqaiSRNFBH4EaQ",
    "objectName" : "DRS_SF_to_Ora",
    "objectType" : "DRS",
    "path" : "/Explore/MJ",
    "metadata" : {
      "modelVersion" : {
        "major" : 0,
        "minor" : 0
      },
      "repoInfo" : {
        "repoHandle" : "01002F0G000000000008"
      },
      "objectRefs" : [ "7GF2orUtaqZdfRnHZnXYIM", "9qlNAXfjFPclw0GYo2Miqm" ],
      "contextAttributes" : [ {
        "name" : "id",
        "value" : "@1"
      } ],
      "additionalInfo" : {
        "description" : null,
        "contentType" : "JSON",
        "documentState" : "VALID"
      },
      "objectExistence" : "WITH_DEPENDENCIES"
    }
  }, {
    "objectGuid" : "2VCIGuKZ4a4broHTckkJuX",
    "objectName" : "m_SCD_II",
    "objectType" : "DTEMPLATE",
    "path" : "/Explore/MJ",
    "metadata" : {
      "modelVersion" : {
        "major" : 0,
        "minor" : 0
      },
      "repoInfo" : {
        "repoHandle" : "01002F1700000000001N"
      },
      "objectRefs" : [ ],
      "contextAttributes" : [ {
        "name" : "id",
        "value" : "@1"
      } ],
      "additionalInfo" : {
        "description" : "In Type 2 Slowly Changing Dimension, for new or changed record a new record is added as insert to the dimension to represent the new information. The old version of the changed record is updated to reset its validity date and its status. This allows all historical information to be accurately preserved.\n\nRequired fields in the slowly changing dimension:\n1. Surrogate key - numeric field of integer or bigint data type\n2. Set of fields (or a single field) that represents the unique record identifier or the primary key of the source object\n3. VALID_FROM - must have exact same name. Represents the record validity start datetime. The starting value is 1900/01/01\n4. VALID_TO - must have exact same name. Represents the record validity end datetime. For the most current record, the value is set to 2099/12/31\n5. CURRENT_FLAG - must have exact same name. Represents the record status.  Y if this is the most recent version; N - historical version\n6. CRC_NUM - must have exact same name. Cyclic Redundancy Check number used to detect the changes\n\nNOTE: Multiple instances of the target connection and the target object are necessary to implement different target field map rules:\n• insert a new record\n• insert a new version of the existing record\n• update the outdated record status and validity date",
        "contentType" : "JSON",
        "documentState" : "VALID"
      },
      "objectExistence" : "WITH_DEPENDENCIES"
    }
  }, {
    "objectGuid" : "9MEg7yjRIawkDIyecN698s",
    "objectName" : "m_syb_partition_read",
    "objectType" : "DTEMPLATE",
    "path" : "/Explore/MJ",
    "metadata" : {
      "modelVersion" : {
        "major" : 0,
        "minor" : 0
      },
      "repoInfo" : {
        "repoHandle" : "01002F1700000000001H"
      },
      "objectRefs" : [ "dbEirRd5TMfdPzUDFRVHAa", "aKoI06RvJRygnm9J6eiVW5" ],
      "contextAttributes" : [ {
        "name" : "id",
        "value" : "@1"
      } ],
      "additionalInfo" : {
        "description" : "",
        "contentType" : "JSON",
        "documentState" : "VALID"
      },
      "objectExistence" : "WITH_DEPENDENCIES"
    }
  }, {
    "objectGuid" : "92S8bo3NHbrdljLqHWcsis",
    "objectName" : "cn-Val-PO",
    "objectType" : "AI_CONNECTION",
    "path" : "/Explore/MJ/MJ1",
    "metadata" : {
      "modelVersion" : {
        "major" : 1,
        "minor" : 0
      },
      "repoInfo" : {
        "repoHandle" : "1g9EW4ARW8UBM7z-gt-125152-2018-05-09T06:26:29.843Z::conn.xml"
      },
      "objectRefs" : [ "4C8Q0s8xEWNeQz1jxOZZEu" ],
      "contextAttributes" : null,
      "additionalInfo" : {
        "description" : "",
        "contentType" : "application/json; charset=utf-8",
        "documentState" : "VALID"
      },
      "objectExistence" : "WITH_DEPENDENCIES"
    }
  }, {
    "objectGuid" : "dop6p0vGAcKhan6Bzb3P4I",
    "objectName" : "SFDC_Sriram",
    "objectType" : "Connection",
    "path" : "/SYS",
    "metadata" : {
      "modelVersion" : {
        "major" : 0,
        "minor" : 0
      },
      "repoInfo" : {
        "repoHandle" : "01002F0B00000000000S"
      },
      "objectRefs" : [ "7nI7564VJpufiPeEDXkug1" ],
      "contextAttributes" : [ {
        "name" : "id",
        "value" : "@1"
      } ],
      "additionalInfo" : {
        "description" : null,
        "contentType" : "JSON",
        "documentState" : "COMPLETE"
      },
      "objectExistence" : "WITH_DEPENDENCIES"
    }
  }, {
    "objectGuid" : "dbEirRd5TMfdPzUDFRVHAa",
    "objectName" : "SYBASE_ASE",
    "objectType" : "Connection",
    "path" : "/SYS",
    "metadata" : {
      "modelVersion" : {
        "major" : 0,
        "minor" : 0
      },
      "repoInfo" : {
        "repoHandle" : "01002F0B00000000000I"
      },
      "objectRefs" : [ "0oXpOP2YKGClGzjkLs3v6z" ],
      "contextAttributes" : [ {
        "name" : "id",
        "value" : "@1"
      } ],
      "additionalInfo" : {
        "description" : null,
        "contentType" : "JSON",
        "documentState" : "COMPLETE"
      },
      "objectExistence" : "WITH_DEPENDENCIES"
    }
  }, {
    "objectGuid" : "aC4rufYPOskftkq2zP1Heg",
    "objectName" : "m_SF_to_SYBASE",
    "objectType" : "DTEMPLATE",
    "path" : "/Explore/MJ",
    "metadata" : {
      "modelVersion" : {
        "major" : 0,
        "minor" : 0
      },
      "repoInfo" : {
        "repoHandle" : "01002F17000000000017"
      },
      "objectRefs" : [ "969DWvxFK02gUG7c4EcTkW", "dbEirRd5TMfdPzUDFRVHAa" ],
      "contextAttributes" : [ {
        "name" : "id",
        "value" : "@1"
      } ],
      "additionalInfo" : {
        "description" : "",
        "contentType" : "JSON",
        "documentState" : "VALID"
      },
      "objectExistence" : "WITH_DEPENDENCIES"
    }
  }, {
    "objectGuid" : "c8ewPuf1v4idQ6NA6YN3Yu",
    "objectName" : "DSS_check_file",
    "objectType" : "DSS",
    "path" : "/Explore/MJ",
    "metadata" : {
      "modelVersion" : {
        "major" : 0,
        "minor" : 0
      },
      "repoInfo" : {
        "repoHandle" : "01002F0I000000000006"
      },
      "objectRefs" : [ "969DWvxFK02gUG7c4EcTkW" ],
      "contextAttributes" : [ {
        "name" : "id",
        "value" : "@1"
      } ],
      "additionalInfo" : {
        "description" : "",
        "contentType" : "JSON",
        "documentState" : "VALID"
      },
      "objectExistence" : "WITH_DEPENDENCIES"
    }
  }, {
    "objectGuid" : "497eMSJ5Io7chY5B1yN9an",
    "objectName" : "mct_test_partition",
    "objectType" : "MTT",
    "path" : "/Explore/MJ",
    "metadata" : {
      "modelVersion" : {
        "major" : 0,
        "minor" : 0
      },
      "repoInfo" : {
        "repoHandle" : "01002F0Z000000000015"
      },
      "objectRefs" : [ "7GF2orUtaqZdfRnHZnXYIM", "5YhOQkSgsC3jktDrfZLPa8", "aKoI06RvJRygnm9J6eiVW5", "0i0Vy18MPYjdeqpc6atfmo" ],
      "contextAttributes" : [ {
        "name" : "id",
        "value" : "@1"
      } ],
      "additionalInfo" : {
        "description" : "",
        "contentType" : "JSON",
        "documentState" : "VALID"
      },
      "objectExistence" : "WITH_DEPENDENCIES"
    }
  }, {
    "objectGuid" : "a36GABj0Pytki4KWkW3hAu",
    "objectName" : "m_join_RS",
    "objectType" : "DTEMPLATE",
    "path" : "/Explore/MJ",
    "metadata" : {
      "modelVersion" : {
        "major" : 0,
        "minor" : 0
      },
      "repoInfo" : {
        "repoHandle" : "01002F17000000000028"
      },
      "objectRefs" : [ "969DWvxFK02gUG7c4EcTkW", "2vm1sJ19cACcfTzIYUn5MB" ],
      "contextAttributes" : [ {
        "name" : "id",
        "value" : "@1"
      } ],
      "additionalInfo" : {
        "description" : "",
        "contentType" : "JSON",
        "documentState" : "VALID"
      },
      "objectExistence" : "WITH_DEPENDENCIES"
    }
  }, {
    "objectGuid" : "25H28g95OG2kn46UUlSIQt",
    "objectName" : "mplt_convert_bin_str_decode",
    "objectType" : "MAPPLET",
    "path" : "/Explore/MJ",
    "metadata" : {
      "modelVersion" : {
        "major" : 0,
        "minor" : 0
      },
      "repoInfo" : {
        "repoHandle" : "01002F0L00000000000A"
      },
      "objectRefs" : [ ],
      "contextAttributes" : [ {
        "name" : "id",
        "value" : "@1"
      } ],
      "additionalInfo" : {
        "description" : null,
        "contentType" : "JSON",
        "documentState" : "VALID"
      },
      "objectExistence" : "WITH_DEPENDENCIES"
    }
  }, {
    "objectGuid" : "c9fNH6C5kowkMiqiefMWK7",
    "objectName" : "Oracle_TWC-AWS-RawVault_RV_DEV",
    "objectType" : "Connection",
    "path" : "/SYS",
    "metadata" : {
      "modelVersion" : {
        "major" : 0,
        "minor" : 0
      },
      "repoInfo" : {
        "repoHandle" : "01002F0B00000000000X"
      },
      "objectRefs" : [ "dk9oUl0wUOSfpEl9x1ZBiW" ],
      "contextAttributes" : [ {
        "name" : "id",
        "value" : "@1"
      } ],
      "additionalInfo" : {
        "description" : "EDW Oracle Connection for RawVault",
        "contentType" : "JSON",
        "documentState" : "COMPLETE"
      },
      "objectExistence" : "WITH_DEPENDENCIES"
    }
  }, {
    "objectGuid" : "dxIQAIB7g4UcH0lHMwtaKH",
    "objectName" : "MJ",
    "objectType" : "Project",
    "path" : "/Explore",
    "metadata" : {
      "modelVersion" : {
        "major" : 0,
        "minor" : 0
      },
      "repoInfo" : null,
      "objectRefs" : [ ],
      "contextAttributes" : [ ],
      "additionalInfo" : {
        "description" : "",
        "contentType" : "Binary",
        "documentState" : "COMPLETE"
      },
      "objectExistence" : "WITHOUT_DEPENDENCIES"
    }
  }, {
    "objectGuid" : "4ZBq0Dh97G5hxVPRJ0LDYA",
    "objectName" : "Sybase_TWIST_REPORTS_TEST",
    "objectType" : "Connection",
    "path" : "/SYS",
    "metadata" : {
      "modelVersion" : {
        "major" : 0,
        "minor" : 0
      },
      "repoInfo" : {
        "repoHandle" : "01002F0B00000000000U"
      },
      "objectRefs" : [ "dk9oUl0wUOSfpEl9x1ZBiW" ],
      "contextAttributes" : [ {
        "name" : "id",
        "value" : "@1"
      } ],
      "additionalInfo" : {
        "description" : null,
        "contentType" : "JSON",
        "documentState" : "COMPLETE"
      },
      "objectExistence" : "WITH_DEPENDENCIES"
    }
  }, {
    "objectGuid" : "iUJvURmbwC9fdUlX1w6l0D",
    "objectName" : "mct_SYB_ORA",
    "objectType" : "MTT",
    "path" : "/Explore/MJ",
    "metadata" : {
      "modelVersion" : {
        "major" : 0,
        "minor" : 0
      },
      "repoInfo" : {
        "repoHandle" : "01002F0Z00000000001D"
      },
      "objectRefs" : [ "7GF2orUtaqZdfRnHZnXYIM", "jl6r0mZQMccif7j8FNFEGn", "dbEirRd5TMfdPzUDFRVHAa", "0i0Vy18MPYjdeqpc6atfmo" ],
      "contextAttributes" : [ {
        "name" : "id",
        "value" : "@1"
      } ],
      "additionalInfo" : {
        "description" : "",
        "contentType" : "JSON",
        "documentState" : "VALID"
      },
      "objectExistence" : "WITH_DEPENDENCIES"
    }
  }, {
    "objectGuid" : "93hszXrLGAghfNN2TMlQ4I",
    "objectName" : "m_RawVault_CC_Fund_INC",
    "objectType" : "DTEMPLATE",
    "path" : "/Explore/MJ",
    "metadata" : {
      "modelVersion" : {
        "major" : 0,
        "minor" : 0
      },
      "repoInfo" : {
        "repoHandle" : "01002F1700000000001Y"
      },
      "objectRefs" : [ "c9fNH6C5kowkMiqiefMWK7", "9yWFDexo4Fmiuop0lQVn2b" ],
      "contextAttributes" : [ {
        "name" : "id",
        "value" : "@1"
      } ],
      "additionalInfo" : {
        "description" : "",
        "contentType" : "JSON",
        "documentState" : "VALID"
      },
      "objectExistence" : "WITH_DEPENDENCIES"
    }
  }, {
    "objectGuid" : "74QGWuehgkRkMJyHZLfPWd",
    "objectName" : "m_RawVault_CC_Claim_Attendance_INC",
    "objectType" : "DTEMPLATE",
    "path" : "/Explore/MJ",
    "metadata" : {
      "modelVersion" : {
        "major" : 0,
        "minor" : 0
      },
      "repoInfo" : {
        "repoHandle" : "01002F1700000000001T"
      },
      "objectRefs" : [ "4ZBq0Dh97G5hxVPRJ0LDYA", "10NUUpEoAJFjLWmXyxjPw5" ],
      "contextAttributes" : [ {
        "name" : "id",
        "value" : "@1"
      } ],
      "additionalInfo" : {
        "description" : "",
        "contentType" : "JSON",
        "documentState" : "VALID"
      },
      "objectExistence" : "WITH_DEPENDENCIES"
    }
  }, {
    "objectGuid" : "9qlNAXfjFPclw0GYo2Miqm",
    "objectName" : "SF_Ann",
    "objectType" : "Connection",
    "path" : "/SYS",
    "metadata" : {
      "modelVersion" : {
        "major" : 0,
        "minor" : 0
      },
      "repoInfo" : {
        "repoHandle" : "01002F0B00000000000L"
      },
      "objectRefs" : [ "7nI7564VJpufiPeEDXkug1" ],
      "contextAttributes" : [ {
        "name" : "id",
        "value" : "@1"
      } ],
      "additionalInfo" : {
        "description" : null,
        "contentType" : "JSON",
        "documentState" : "COMPLETE"
      },
      "objectExistence" : "WITH_DEPENDENCIES"
    }
  }, {
    "objectGuid" : "gg0Y3IRTWYFiCdwLyQhpIu",
    "objectName" : "m_RS_lkp",
    "objectType" : "DTEMPLATE",
    "path" : "/Explore/MJ",
    "metadata" : {
      "modelVersion" : {
        "major" : 0,
        "minor" : 0
      },
      "repoInfo" : {
        "repoHandle" : "01002F17000000000026"
      },
      "objectRefs" : [ "969DWvxFK02gUG7c4EcTkW", "2vm1sJ19cACcfTzIYUn5MB" ],
      "contextAttributes" : [ {
        "name" : "id",
        "value" : "@1"
      } ],
      "additionalInfo" : {
        "description" : "",
        "contentType" : "JSON",
        "documentState" : "VALID"
      },
      "objectExistence" : "WITH_DEPENDENCIES"
    }
  }, {
    "objectGuid" : "5rNTGa0iiJigjtEDhEzFqy",
    "objectName" : "m_Read_Sybase_Data_DD_PC",
    "objectType" : "DTEMPLATE",
    "path" : "/Explore/MJ",
    "metadata" : {
      "modelVersion" : {
        "major" : 0,
        "minor" : 0
      },
      "repoInfo" : {
        "repoHandle" : "01002F17000000000019"
      },
      "objectRefs" : [ "969DWvxFK02gUG7c4EcTkW", "dbEirRd5TMfdPzUDFRVHAa" ],
      "contextAttributes" : [ {
        "name" : "id",
        "value" : "@1"
      } ],
      "additionalInfo" : {
        "description" : "",
        "contentType" : "JSON",
        "documentState" : "VALID"
      },
      "objectExistence" : "WITH_DEPENDENCIES"
    }
  }, {
    "objectGuid" : "5cPa2Hf0d0af5JflDCnfG1",
    "objectName" : "DSS_SF_Account_FF",
    "objectType" : "DSS",
    "path" : "/Explore/MJ",
    "metadata" : {
      "modelVersion" : {
        "major" : 0,
        "minor" : 0
      },
      "repoInfo" : {
        "repoHandle" : "01002F0I000000000005"
      },
      "objectRefs" : [ "9qlNAXfjFPclw0GYo2Miqm", "969DWvxFK02gUG7c4EcTkW" ],
      "contextAttributes" : [ {
        "name" : "id",
        "value" : "@1"
      } ],
      "additionalInfo" : {
        "description" : "",
        "contentType" : "JSON",
        "documentState" : "VALID"
      },
      "objectExistence" : "WITH_DEPENDENCIES"
    }
  }, {
    "objectGuid" : "1gnmkCNchegddsVWuhgoCZ",
    "objectName" : "mct_syb_partition_read_gen_param",
    "objectType" : "MTT",
    "path" : "/Explore/MJ",
    "metadata" : {
      "modelVersion" : {
        "major" : 0,
        "minor" : 0
      },
      "repoInfo" : {
        "repoHandle" : "01002F0Z00000000002M"
      },
      "objectRefs" : [ "9MEg7yjRIawkDIyecN698s", "dbEirRd5TMfdPzUDFRVHAa", "aKoI06RvJRygnm9J6eiVW5", "0i0Vy18MPYjdeqpc6atfmo" ],
      "contextAttributes" : [ {
        "name" : "id",
        "value" : "@1"
      } ],
      "additionalInfo" : {
        "description" : "",
        "contentType" : "JSON",
        "documentState" : "VALID"
      },
      "objectExistence" : "WITH_DEPENDENCIES"
    }
  }, {
    "objectGuid" : "3L1dPpxblkAbjKeBrihgm2",
    "objectName" : "m_PDO_Ora",
    "objectType" : "DTEMPLATE",
    "path" : "/Explore/MJ",
    "metadata" : {
      "modelVersion" : {
        "major" : 0,
        "minor" : 0
      },
      "repoInfo" : {
        "repoHandle" : "01002F1700000000001M"
      },
      "objectRefs" : [ "7GF2orUtaqZdfRnHZnXYIM", "969DWvxFK02gUG7c4EcTkW" ],
      "contextAttributes" : [ {
        "name" : "id",
        "value" : "@1"
      } ],
      "additionalInfo" : {
        "description" : "",
        "contentType" : "JSON",
        "documentState" : "VALID"
      },
      "objectExistence" : "WITH_DEPENDENCIES"
    }
  }, {
    "objectGuid" : "gZqjA9UUiC7f69XeAMaQgm",
    "objectName" : "m_convert_bin_str",
    "objectType" : "DTEMPLATE",
    "path" : "/Explore/MJ",
    "metadata" : {
      "modelVersion" : {
        "major" : 0,
        "minor" : 0
      },
      "repoInfo" : {
        "repoHandle" : "01002F1700000000001E"
      },
      "objectRefs" : [ "25H28g95OG2kn46UUlSIQt", "969DWvxFK02gUG7c4EcTkW" ],
      "contextAttributes" : [ {
        "name" : "id",
        "value" : "@1"
      } ],
      "additionalInfo" : {
        "description" : "",
        "contentType" : "JSON",
        "documentState" : "VALID"
      },
      "objectExistence" : "WITH_DEPENDENCIES"
    }
  }, {
    "objectGuid" : "kK5NEIt3222kWej4d62U4Q",
    "objectName" : "TF_trigger",
    "objectType" : "TASKFLOW",
    "path" : "/Explore/MJ",
    "metadata" : {
      "modelVersion" : {
        "major" : 1,
        "minor" : 0
      },
      "repoInfo" : {
        "repoHandle" : "Ki0lHww43dtQR6k-gt-2321676-2018-09-06T13:08:05.592Z::tf.xml"
      },
      "objectRefs" : [ "c8ewPuf1v4idQ6NA6YN3Yu", "6weKPLx0fEEbL7vlfnRX8h" ],
      "contextAttributes" : null,
      "additionalInfo" : {
        "description" : "",
        "contentType" : "application/json; charset=utf-8",
        "documentState" : "VALID"
      },
      "objectExistence" : "WITH_DEPENDENCIES"
    }
  }, {
    "objectGuid" : "4C8Q0s8xEWNeQz1jxOZZEu",
    "objectName" : "sc_validate_postal_code",
    "objectType" : "AI_SERVICE_CONNECTOR",
    "path" : "/Explore/MJ/MJ1",
    "metadata" : {
      "modelVersion" : {
        "major" : 1,
        "minor" : 0
      },
      "repoInfo" : {
        "repoHandle" : "T830nYNmumf6S3w-gt-125085-2018-05-09T06:08:07.346Z::svc.xml"
      },
      "objectRefs" : [ ],
      "contextAttributes" : null,
      "additionalInfo" : {
        "description" : "",
        "contentType" : "application/json; charset=utf-8",
        "documentState" : "VALID"
      },
      "objectExistence" : "WITH_DEPENDENCIES"
    }
  }, {
    "objectGuid" : "10NUUpEoAJFjLWmXyxjPw5",
    "objectName" : "Oracle_TWC-4SV-KEPLER_RV_DEV",
    "objectType" : "Connection",
    "path" : "/SYS",
    "metadata" : {
      "modelVersion" : {
        "major" : 0,
        "minor" : 0
      },
      "repoInfo" : {
        "repoHandle" : "01002F0B00000000000V"
      },
      "objectRefs" : [ "dk9oUl0wUOSfpEl9x1ZBiW" ],
      "contextAttributes" : [ {
        "name" : "id",
        "value" : "@1"
      } ],
      "additionalInfo" : {
        "description" : "EDW Oracle Connection for RawVault",
        "contentType" : "JSON",
        "documentState" : "COMPLETE"
      },
      "objectExistence" : "WITH_DEPENDENCIES"
    }
  }, {
    "objectGuid" : "6weKPLx0fEEbL7vlfnRX8h",
    "objectName" : "mct_PDO_Ora",
    "objectType" : "MTT",
    "path" : "/Explore/MJ",
    "metadata" : {
      "modelVersion" : {
        "major" : 0,
        "minor" : 0
      },
      "repoInfo" : {
        "repoHandle" : "01002F0Z00000000002P"
      },
      "objectRefs" : [ "7nI7564VJpufiPeEDXkug1", "7GF2orUtaqZdfRnHZnXYIM", "969DWvxFK02gUG7c4EcTkW", "3L1dPpxblkAbjKeBrihgm2" ],
      "contextAttributes" : [ {
        "name" : "id",
        "value" : "@1"
      } ],
      "additionalInfo" : {
        "description" : "",
        "contentType" : "JSON",
        "documentState" : "VALID"
      },
      "objectExistence" : "WITH_DEPENDENCIES"
    }
  }, {
    "objectGuid" : "0i0Vy18MPYjdeqpc6atfmo",
    "objectName" : "Linux",
    "objectType" : "AgentGroup",
    "path" : "/SYS",
    "metadata" : {
      "modelVersion" : {
        "major" : 0,
        "minor" : 0
      },
      "repoInfo" : {
        "repoHandle" : "01002F25000000000002"
      },
      "objectRefs" : [ ],
      "contextAttributes" : [ {
        "name" : "id",
        "value" : "@1"
      } ],
      "additionalInfo" : {
        "description" : null,
        "contentType" : "JSON",
        "documentState" : "VALID"
      },
      "objectExistence" : "WITH_DEPENDENCIES"
    }
  }, {
    "objectGuid" : "iwQb3BpIo4udD3fyPr4iyD",
    "objectName" : "TF_test",
    "objectType" : "TASKFLOW",
    "path" : "/Explore/MJ",
    "metadata" : {
      "modelVersion" : {
        "major" : 1,
        "minor" : 0
      },
      "repoInfo" : {
        "repoHandle" : "JcnZZQSBi9zhFty-gt-1626813-2018-08-21T11:11:33.566Z::tf.xml"
      },
      "objectRefs" : [ "3lWhb7oGRwucB3sLRAJ8si" ],
      "contextAttributes" : null,
      "additionalInfo" : {
        "description" : "",
        "contentType" : "application/json; charset=utf-8",
        "documentState" : "VALID"
      },
      "objectExistence" : "WITH_DEPENDENCIES"
    }
  }, {
    "objectGuid" : "7GF2orUtaqZdfRnHZnXYIM",
    "objectName" : "IPSDB_GNAGARAJA",
    "objectType" : "Connection",
    "path" : "/SYS",
    "metadata" : {
      "modelVersion" : {
        "major" : 0,
        "minor" : 0
      },
      "repoInfo" : {
        "repoHandle" : "01002F0B00000000000B"
      },
      "objectRefs" : [ "0i0Vy18MPYjdeqpc6atfmo" ],
      "contextAttributes" : [ {
        "name" : "id",
        "value" : "@1"
      } ],
      "additionalInfo" : {
        "description" : null,
        "contentType" : "JSON",
        "documentState" : "COMPLETE"
      },
      "objectExistence" : "WITH_DEPENDENCIES"
    }
  }, {
    "objectGuid" : "2jY0Vn3fGkWehE1o4zssWQ",
    "objectName" : "m_SF_status_dedup",
    "objectType" : "DTEMPLATE",
    "path" : "/Explore/MJ",
    "metadata" : {
      "modelVersion" : {
        "major" : 0,
        "minor" : 0
      },
      "repoInfo" : {
        "repoHandle" : "01002F1700000000002B"
      },
      "objectRefs" : [ "969DWvxFK02gUG7c4EcTkW" ],
      "contextAttributes" : [ {
        "name" : "id",
        "value" : "@1"
      } ],
      "additionalInfo" : {
        "description" : "",
        "contentType" : "JSON",
        "documentState" : "VALID"
      },
      "objectExistence" : "WITH_DEPENDENCIES"
    }
  }, {
    "objectGuid" : "jl6r0mZQMccif7j8FNFEGn",
    "objectName" : "m_SYB_ORA",
    "objectType" : "DTEMPLATE",
    "path" : "/Explore/MJ",
    "metadata" : {
      "modelVersion" : {
        "major" : 0,
        "minor" : 0
      },
      "repoInfo" : {
        "repoHandle" : "01002F1700000000001B"
      },
      "objectRefs" : [ "7GF2orUtaqZdfRnHZnXYIM", "dbEirRd5TMfdPzUDFRVHAa" ],
      "contextAttributes" : [ {
        "name" : "id",
        "value" : "@1"
      } ],
      "additionalInfo" : {
        "description" : "",
        "contentType" : "JSON",
        "documentState" : "VALID"
      },
      "objectExistence" : "WITH_DEPENDENCIES"
    }
  }, {
    "objectGuid" : "0oXpOP2YKGClGzjkLs3v6z",
    "objectName" : "Nagaraja_Laptop",
    "objectType" : "AgentGroup",
    "path" : "/SYS",
    "metadata" : {
      "modelVersion" : {
        "major" : 0,
        "minor" : 0
      },
      "repoInfo" : {
        "repoHandle" : "01002F25000000000006"
      },
      "objectRefs" : [ ],
      "contextAttributes" : [ {
        "name" : "id",
        "value" : "@1"
      } ],
      "additionalInfo" : {
        "description" : null,
        "contentType" : "JSON",
        "documentState" : "VALID"
      },
      "objectExistence" : "WITH_DEPENDENCIES"
    }
  }, {
    "objectGuid" : "9yWFDexo4Fmiuop0lQVn2b",
    "objectName" : "Sybase_OLTP_TEST",
    "objectType" : "Connection",
    "path" : "/SYS",
    "metadata" : {
      "modelVersion" : {
        "major" : 0,
        "minor" : 0
      },
      "repoInfo" : {
        "repoHandle" : "01002F0B00000000000W"
      },
      "objectRefs" : [ "dk9oUl0wUOSfpEl9x1ZBiW" ],
      "contextAttributes" : [ {
        "name" : "id",
        "value" : "@1"
      } ],
      "additionalInfo" : {
        "description" : null,
        "contentType" : "JSON",
        "documentState" : "COMPLETE"
      },
      "objectExistence" : "WITH_DEPENDENCIES"
    }
  }, {
    "objectGuid" : "9yFGwDI8bdeehH8IhLnqy7",
    "objectName" : "ODBC_RS",
    "objectType" : "Connection",
    "path" : "/SYS",
    "metadata" : {
      "modelVersion" : {
        "major" : 0,
        "minor" : 0
      },
      "repoInfo" : {
        "repoHandle" : "01002F0B000000000011"
      },
      "objectRefs" : [ "7nI7564VJpufiPeEDXkug1" ],
      "contextAttributes" : [ {
        "name" : "id",
        "value" : "@1"
      } ],
      "additionalInfo" : {
        "description" : null,
        "contentType" : "JSON",
        "documentState" : "COMPLETE"
      },
      "objectExistence" : "WITH_DEPENDENCIES"
    }
  }, {
    "objectGuid" : "9ExBEoEGmGgk46Qg9CSlaZ",
    "objectName" : "mct_SF_to_SYBASE",
    "objectType" : "MTT",
    "path" : "/Explore/MJ",
    "metadata" : {
      "modelVersion" : {
        "major" : 0,
        "minor" : 0
      },
      "repoInfo" : {
        "repoHandle" : "01002F0Z00000000001C"
      },
      "objectRefs" : [ "7nI7564VJpufiPeEDXkug1", "aC4rufYPOskftkq2zP1Heg", "969DWvxFK02gUG7c4EcTkW", "dbEirRd5TMfdPzUDFRVHAa" ],
      "contextAttributes" : [ {
        "name" : "id",
        "value" : "@1"
      } ],
      "additionalInfo" : {
        "description" : "",
        "contentType" : "JSON",
        "documentState" : "VALID"
      },
      "objectExistence" : "WITH_DEPENDENCIES"
    }
  }, {
    "objectGuid" : "dk9oUl0wUOSfpEl9x1ZBiW",
    "objectName" : "twc4svinfod.twc.state.tx.us",
    "objectType" : "AgentGroup",
    "path" : "/SYS",
    "metadata" : {
      "modelVersion" : {
        "major" : 0,
        "minor" : 0
      },
      "repoInfo" : {
        "repoHandle" : "01002F2500000000000F"
      },
      "objectRefs" : [ ],
      "contextAttributes" : [ {
        "name" : "id",
        "value" : "@1"
      } ],
      "additionalInfo" : {
        "description" : null,
        "contentType" : "JSON",
        "documentState" : "VALID"
      },
      "objectExistence" : "WITH_DEPENDENCIES"
    }
  }, {
    "objectGuid" : "b65tR7d7wGIgF3zdunKGgz",
    "objectName" : "m_RS_lkp_ODBC",
    "objectType" : "DTEMPLATE",
    "path" : "/Explore/MJ",
    "metadata" : {
      "modelVersion" : {
        "major" : 0,
        "minor" : 0
      },
      "repoInfo" : {
        "repoHandle" : "01002F17000000000027"
      },
      "objectRefs" : [ "969DWvxFK02gUG7c4EcTkW", "9yFGwDI8bdeehH8IhLnqy7" ],
      "contextAttributes" : [ {
        "name" : "id",
        "value" : "@1"
      } ],
      "additionalInfo" : {
        "description" : "",
        "contentType" : "JSON",
        "documentState" : "VALID"
      },
      "objectExistence" : "WITH_DEPENDENCIES"
    }
  }, {
    "objectGuid" : "6bo9SHqwK5odIdTnij7Uex",
    "objectName" : "m_Read_Sybase_Data_ODBC_Driver",
    "objectType" : "DTEMPLATE",
    "path" : "/Explore/MJ",
    "metadata" : {
      "modelVersion" : {
        "major" : 0,
        "minor" : 0
      },
      "repoInfo" : {
        "repoHandle" : "01002F17000000000016"
      },
      "objectRefs" : [ "dbEirRd5TMfdPzUDFRVHAa", "aKoI06RvJRygnm9J6eiVW5" ],
      "contextAttributes" : [ {
        "name" : "id",
        "value" : "@1"
      } ],
      "additionalInfo" : {
        "description" : "",
        "contentType" : "JSON",
        "documentState" : "VALID"
      },
      "objectExistence" : "WITH_DEPENDENCIES"
    }
  }, {
    "objectGuid" : "aaUqCa26c9vkC8dEhoCFog",
    "objectName" : "m_test_gen",
    "objectType" : "DTEMPLATE",
    "path" : "/Explore/MJ",
    "metadata" : {
      "modelVersion" : {
        "major" : 0,
        "minor" : 0
      },
      "repoInfo" : {
        "repoHandle" : "01002F17000000000012"
      },
      "objectRefs" : [ "7GF2orUtaqZdfRnHZnXYIM", "aKoI06RvJRygnm9J6eiVW5" ],
      "contextAttributes" : [ {
        "name" : "id",
        "value" : "@1"
      } ],
      "additionalInfo" : {
        "description" : "",
        "contentType" : "JSON",
        "documentState" : "VALID"
      },
      "objectExistence" : "WITH_DEPENDENCIES"
    }
  }, {
    "objectGuid" : "5YhOQkSgsC3jktDrfZLPa8",
    "objectName" : "m_test_partition_param",
    "objectType" : "DTEMPLATE",
    "path" : "/Explore/MJ",
    "metadata" : {
      "modelVersion" : {
        "major" : 0,
        "minor" : 0
      },
      "repoInfo" : {
        "repoHandle" : "01002F17000000000014"
      },
      "objectRefs" : [ "7GF2orUtaqZdfRnHZnXYIM", "aKoI06RvJRygnm9J6eiVW5" ],
      "contextAttributes" : [ {
        "name" : "id",
        "value" : "@1"
      } ],
      "additionalInfo" : {
        "description" : "",
        "contentType" : "JSON",
        "documentState" : "VALID"
      },
      "objectExistence" : "WITH_DEPENDENCIES"
    }
  }, {
    "objectGuid" : "3lWhb7oGRwucB3sLRAJ8si",
    "objectName" : "mct_SCD_II",
    "objectType" : "MTT",
    "path" : "/Explore/MJ",
    "metadata" : {
      "modelVersion" : {
        "major" : 0,
        "minor" : 0
      },
      "repoInfo" : {
        "repoHandle" : "01002F0Z00000000002T"
      },
      "objectRefs" : [ "7nI7564VJpufiPeEDXkug1", "7GF2orUtaqZdfRnHZnXYIM", "2VCIGuKZ4a4broHTckkJuX" ],
      "contextAttributes" : [ {
        "name" : "id",
        "value" : "@1"
      } ],
      "additionalInfo" : {
        "description" : "",
        "contentType" : "JSON",
        "documentState" : "VALID"
      },
      "objectExistence" : "WITH_DEPENDENCIES"
    }
  } ]
}