{"EntryId":{"$t":"V7Z06NYcmYsGuDo-gt-15960-2018-06-14T04:29:19.761Z::conn.xml"},"Name":{"$t":"Connection1"},"MimeType":{"$t":"application\/xml+connection"},"Description":{},"AppliesTo":{},"Tags":{},"VersionLabel":{"$t":"1.0"},"State":{"$t":"CURRENT"},"ProcessGroup":{},"CreatedBy":{"$t":"sorabh@na1.dm-us.org"},"CreationDate":{"$t":"2018-06-14T04:29:20Z"},"ModifiedBy":{"$t":"sorabh@na1.dm-us.org"},"ModificationDate":{"$t":"2018-07-12T11:04:38Z"},"PublicationStatus":{"$t":"unpublished"},"AutosaveExists":{"$t":"false"},"Entry":{"connection":{"displayName":"Connection1","label":"Connection1","name":"Connection1","xmlns":"http:\/\/schemas.informatica.com\/socrates\/data-services\/2014\/04\/avosConnections.xsd","xmlns$aetgt":"http:\/\/schemas.active-endpoints.com\/appmodules\/repository\/2010\/10\/avrepository.xsd","description":{},"tags":{},"agent":{},"attributes":{}}},"GUID":{"$t":"6ulEZAkgqC4eklDj5IFlkX"},"DisplayName":{"$t":"Connection1"}}