{"EntryId":{"$t":"txGomUhGdwOLIFv-gt-230035-2018-06-14T04:29:34.322Z::po.xml"},"Name":{"$t":"ProcessObject1"},"MimeType":{"$t":"application\/xml+processobject"},"Description":{},"AppliesTo":{},"Tags":{},"VersionLabel":{"$t":"1.0"},"State":{"$t":"CURRENT"},"ProcessGroup":{},"CreatedBy":{"$t":"sorabh@na1.dm-us.org"},"CreationDate":{"$t":"2018-06-14T04:29:34Z"},"ModifiedBy":{"$t":"sorabh@na1.dm-us.org"},"ModificationDate":{"$t":"2018-07-12T11:04:39Z"},"PublicationStatus":{"$t":"unpublished"},"AutosaveExists":{"$t":"false"},"Entry":{"processObject":{"displayName":"ProcessObject1","isByCopy":"true","name":"ProcessObject1","xmlns":"http:\/\/schemas.active-endpoints.com\/appmodules\/screenflow\/2011\/06\/avosHostEnvironment.xsd","xmlns$aetgt":"http:\/\/schemas.active-endpoints.com\/appmodules\/repository\/2010\/10\/avrepository.xsd","description":{},"tags":{},"detail":{}}},"GUID":{"$t":"0WsyPkoGU7JhuMsq0x8UMf"},"DisplayName":{"$t":"ProcessObject1"}}