objectPath,objectName,objectType,id
/Explore/IW2018/Lab Exercise,Email-Service,AI_CONNECTION,2H9wBo7tk9CdCJr7jn2FCQ
/Explore,IW2018,Project,kdx5QZ5agiCd5GX1abN2gn
/Explore/IW2018/Lab Exercise,Email Service,AI_SERVICE_CONNECTOR,3t9Wk0LXyHxjk62xe1T1Y5
/Explore/IW2018/Shared,Get-Inventory-Detail,AI_CONNECTION,2tyYddlJhO3erl2ZRYvOqx
/Explore/IW2018,Lab Exercise,Folder,0vSCUdfoAUDcMJr1ykRG0V
/Explore/IW2018/Lab Exercise,Send Email,PROCESS,kM9XkTddNalcGeczHSyNS6
/Explore/IW2018/Lab Exercise,Order Management,PROCESS,7dkSA5A4pSdfy5kr0jtyEX
/Explore/IW2018/Shared,Get Inventory Detail,AI_SERVICE_CONNECTOR,0SiA7KhZ6o2hJnAdG6mgog
/Explore/IW2018/Lab Exercise,Get Margin Detail,AI_SERVICE_CONNECTOR,4pZ3m5BUqg0irIkmbHVhkp
/Explore/IW2018/Lab Exercise,Get-Margin-Detail,AI_CONNECTION,3DVsPP1OumReLE6GWuGHEO
/Explore/IW2018,Shared,Folder,0tgpanz6jN9jMZxIV8rlYs