{
  "name" : "job-1537974810764",
  "sourceOrgId" : "aDdeKzHZEoQdwATn5hMqI8",
  "sourceOrgName" : "CAI Service Connectors",
  "exportedObjects" : [ {
    "objectGuid" : "2H9wBo7tk9CdCJr7jn2FCQ",
    "objectName" : "Email-Service",
    "objectType" : "AI_CONNECTION",
    "path" : "/Explore/IW2018/Lab Exercise",
    "metadata" : {
      "modelVersion" : {
        "major" : 1,
        "minor" : 0
      },
      "repoInfo" : {
        "repoHandle" : "oLtVJmojDXJqEhy-gt-490703-2018-09-15T22:07:19.236Z::conn.xml"
      },
      "objectRefs" : [ "3t9Wk0LXyHxjk62xe1T1Y5" ],
      "contextAttributes" : null,
      "additionalInfo" : {
        "description" : "",
        "contentType" : "application/json; charset=utf-8",
        "documentState" : "VALID"
      },
      "objectExistence" : "WITH_DEPENDENCIES"
    }
  }, {
    "objectGuid" : "kdx5QZ5agiCd5GX1abN2gn",
    "objectName" : "IW2018",
    "objectType" : "Project",
    "path" : "/Explore",
    "metadata" : {
      "modelVersion" : {
        "major" : 0,
        "minor" : 0
      },
      "repoInfo" : null,
      "objectRefs" : [ ],
      "contextAttributes" : [ ],
      "additionalInfo" : {
        "description" : "",
        "contentType" : "Binary",
        "documentState" : "COMPLETE"
      },
      "objectExistence" : "WITHOUT_DEPENDENCIES"
    }
  }, {
    "objectGuid" : "3t9Wk0LXyHxjk62xe1T1Y5",
    "objectName" : "Email Service",
    "objectType" : "AI_SERVICE_CONNECTOR",
    "path" : "/Explore/IW2018/Lab Exercise",
    "metadata" : {
      "modelVersion" : {
        "major" : 1,
        "minor" : 0
      },
      "repoInfo" : {
        "repoHandle" : "clLnzYLnzYLnzYL-gt-574322-2018-09-15T22:06:24.043Z::svc.xml"
      },
      "objectRefs" : [ ],
      "contextAttributes" : null,
      "additionalInfo" : {
        "description" : "",
        "contentType" : "application/json; charset=utf-8",
        "documentState" : "VALID"
      },
      "objectExistence" : "WITH_DEPENDENCIES"
    }
  }, {
    "objectGuid" : "2tyYddlJhO3erl2ZRYvOqx",
    "objectName" : "Get-Inventory-Detail",
    "objectType" : "AI_CONNECTION",
    "path" : "/Explore/IW2018/Shared",
    "metadata" : {
      "modelVersion" : {
        "major" : 1,
        "minor" : 0
      },
      "repoInfo" : {
        "repoHandle" : "mumf6S3wOLIFvuk-gt-490588-2018-09-15T20:20:37.208Z::conn.xml"
      },
      "objectRefs" : [ "0SiA7KhZ6o2hJnAdG6mgog" ],
      "contextAttributes" : null,
      "additionalInfo" : {
        "description" : "",
        "contentType" : "application/json; charset=utf-8",
        "documentState" : "VALID"
      },
      "objectExistence" : "WITH_DEPENDENCIES"
    }
  }, {
    "objectGuid" : "0vSCUdfoAUDcMJr1ykRG0V",
    "objectName" : "Lab Exercise",
    "objectType" : "Folder",
    "path" : "/Explore/IW2018",
    "metadata" : {
      "modelVersion" : {
        "major" : 0,
        "minor" : 0
      },
      "repoInfo" : null,
      "objectRefs" : [ ],
      "contextAttributes" : [ ],
      "additionalInfo" : {
        "description" : "This folder is needed for IW2018 deep dive",
        "contentType" : "Binary",
        "documentState" : "COMPLETE"
      },
      "objectExistence" : "WITHOUT_DEPENDENCIES"
    }
  }, {
    "objectGuid" : "kM9XkTddNalcGeczHSyNS6",
    "objectName" : "Send Email",
    "objectType" : "PROCESS",
    "path" : "/Explore/IW2018/Lab Exercise",
    "metadata" : {
      "modelVersion" : {
        "major" : 1,
        "minor" : 0
      },
      "repoInfo" : {
        "repoHandle" : "Vox9AWbg0ZkL0jm-gt-683480-2018-09-15T22:13:15.763Z::pd.xml"
      },
      "objectRefs" : [ "2H9wBo7tk9CdCJr7jn2FCQ" ],
      "contextAttributes" : null,
      "additionalInfo" : {
        "description" : "",
        "contentType" : "application/json; charset=utf-8",
        "documentState" : "VALID"
      },
      "objectExistence" : "WITH_DEPENDENCIES"
    }
  }, {
    "objectGuid" : "7dkSA5A4pSdfy5kr0jtyEX",
    "objectName" : "Order Management",
    "objectType" : "PROCESS",
    "path" : "/Explore/IW2018/Lab Exercise",
    "metadata" : {
      "modelVersion" : {
        "major" : 1,
        "minor" : 0
      },
      "repoInfo" : {
        "repoHandle" : "dreAFLK2D86CjqF-gt-682235-2018-09-15T20:38:59.053Z::pd.xml"
      },
      "objectRefs" : [ "2tyYddlJhO3erl2ZRYvOqx", "kM9XkTddNalcGeczHSyNS6", "3DVsPP1OumReLE6GWuGHEO" ],
      "contextAttributes" : null,
      "additionalInfo" : {
        "description" : "",
        "contentType" : "application/json; charset=utf-8",
        "documentState" : "VALID"
      },
      "objectExistence" : "WITH_DEPENDENCIES"
    }
  }, {
    "objectGuid" : "0SiA7KhZ6o2hJnAdG6mgog",
    "objectName" : "Get Inventory Detail",
    "objectType" : "AI_SERVICE_CONNECTOR",
    "path" : "/Explore/IW2018/Shared",
    "metadata" : {
      "modelVersion" : {
        "major" : 1,
        "minor" : 0
      },
      "repoInfo" : {
        "repoHandle" : "0clmbcjIw8jIw8j-gt-3395268-2018-09-15T20:20:36.995Z::svc.xml"
      },
      "objectRefs" : [ ],
      "contextAttributes" : null,
      "additionalInfo" : {
        "description" : "Connector to interact with InventoryService",
        "contentType" : "application/json; charset=utf-8",
        "documentState" : "VALID"
      },
      "objectExistence" : "WITH_DEPENDENCIES"
    }
  }, {
    "objectGuid" : "4pZ3m5BUqg0irIkmbHVhkp",
    "objectName" : "Get Margin Detail",
    "objectType" : "AI_SERVICE_CONNECTOR",
    "path" : "/Explore/IW2018/Lab Exercise",
    "metadata" : {
      "modelVersion" : {
        "major" : 1,
        "minor" : 0
      },
      "repoInfo" : {
        "repoHandle" : "q78OHDvGFaaaaaa-gt-574316-2018-09-15T21:55:37.263Z::svc.xml"
      },
      "objectRefs" : [ ],
      "contextAttributes" : null,
      "additionalInfo" : {
        "description" : "",
        "contentType" : "application/json; charset=utf-8",
        "documentState" : "VALID"
      },
      "objectExistence" : "WITH_DEPENDENCIES"
    }
  }, {
    "objectGuid" : "3DVsPP1OumReLE6GWuGHEO",
    "objectName" : "Get-Margin-Detail",
    "objectType" : "AI_CONNECTION",
    "path" : "/Explore/IW2018/Lab Exercise",
    "metadata" : {
      "modelVersion" : {
        "major" : 1,
        "minor" : 0
      },
      "repoInfo" : {
        "repoHandle" : "XhFtybduaa-gt-490697-2018-09-15T21:56:37.794Z::conn.xml"
      },
      "objectRefs" : [ "4pZ3m5BUqg0irIkmbHVhkp" ],
      "contextAttributes" : null,
      "additionalInfo" : {
        "description" : "",
        "contentType" : "application/json; charset=utf-8",
        "documentState" : "VALID"
      },
      "objectExistence" : "WITH_DEPENDENCIES"
    }
  }, {
    "objectGuid" : "0tgpanz6jN9jMZxIV8rlYs",
    "objectName" : "Shared",
    "objectType" : "Folder",
    "path" : "/Explore/IW2018",
    "metadata" : {
      "modelVersion" : {
        "major" : 0,
        "minor" : 0
      },
      "repoInfo" : null,
      "objectRefs" : [ ],
      "contextAttributes" : [ ],
      "additionalInfo" : {
        "description" : "",
        "contentType" : "Binary",
        "documentState" : "COMPLETE"
      },
      "objectExistence" : "WITHOUT_DEPENDENCIES"
    }
  } ]
}