{"EntryId":{"$t":"vHWOMzeHbcjqbdp-gt-48122-2018-06-14T04:29:52.354Z::pd.xml"},"Name":{"$t":"Process1-1"},"MimeType":{"$t":"application\/xml+process"},"Description":{},"AppliesTo":{},"Tags":{},"VersionLabel":{"$t":"1.0"},"State":{"$t":"CURRENT"},"ProcessGroup":{},"CreatedBy":{"$t":"sorabh@na1.dm-us.org"},"CreationDate":{"$t":"2018-06-14T04:29:52Z"},"ModifiedBy":{"$t":"sorabh@na1.dm-us.org"},"ModificationDate":{"$t":"2018-07-13T04:43:34Z"},"PublicationStatus":{"$t":"out-of-date"},"PublishedBy":{"$t":"sorabh@na1.dm-us.org"},"PublicationDate":{"$t":"2018-06-14T04:30:00Z"},"PublishedContributionId":{"$t":"project:\/spi.Process1-1\/Process1-1.pd.xml"},"AutosaveExists":{"$t":"false"},"Entry":{"process":{"displayName":"Process1","name":"Process1-1","xmlns":"http:\/\/schemas.active-endpoints.com\/appmodules\/screenflow\/2010\/10\/avosScreenflow.xsd","xmlns$aetgt":"http:\/\/schemas.active-endpoints.com\/appmodules\/repository\/2010\/10\/avrepository.xsd","xmlns$list":"urn:activevos:spi:list:functions","appliesTo":{},"description":{},"tags":{},"generator":{"$t":"Informatica Process Designer 9"},"notes":{},"deployment":{"suspendOnFault":"false","tracingLevel":"none","rest":{}},"flow":{"id":"a","start":{"id":"b","link":{"id":"link1","targetId":"c"}},"end":{"id":"c"}}}},"GUID":{"$t":"0AhfnhE4aTzksnYdr80ASa"},"DisplayName":{"$t":"Process1"}}