{"EntryId":{"$t":"RDVhJEaaaaaaaaa-gt-257969-2018-07-30T14:46:46.703Z::pd.xml"},"Name":{"$t":"Geocode_an_address"},"MimeType":{"$t":"application\/xml+process"},"Description":{"$t":"This process takes an address presented as a string and returns  the latitude and longitude of the address, along with lots of related information."},"AppliesTo":{},"Tags":{"$t":".anonymous"},"VersionLabel":{"$t":"1.0"},"State":{"$t":"CURRENT"},"ProcessGroup":{},"CreatedBy":{"$t":"gstasko@svccon.com"},"CreationDate":{"$t":"2018-07-30T14:46:47Z"},"ModifiedBy":{"$t":"gstasko@svccon.com"},"ModificationDate":{"$t":"2018-08-14T22:17:25Z"},"PublicationStatus":{"$t":"published"},"PublishedBy":{"$t":"gstasko@svccon.com"},"PublicationDate":{"$t":"2018-08-15T14:50:56Z"},"PublishedContributionId":{"$t":"project:\/spi.Geocode_an_address\/Geocode_an_address.pd.xml"},"AutosaveExists":{"$t":"false"},"Entry":{"process":{"displayName":"Geocode an address","name":"Geocode_an_address","xmlns":"http:\/\/schemas.active-endpoints.com\/appmodules\/screenflow\/2010\/10\/avosScreenflow.xsd","xmlns$aetgt":"http:\/\/schemas.active-endpoints.com\/appmodules\/repository\/2010\/10\/avrepository.xsd","xmlns$list":"urn:activevos:spi:list:functions","appliesTo":{},"description":{"$t":"This process takes an address presented as a string and returns  the latitude and longitude of the address, along with lots of related information."},"tags":{"$t":".anonymous"},"generator":{"$t":"Informatica Process Designer 9"},"input":{"parameter":{"description":"","name":"address_input","type":"string","options":{"option":{"name":"required","$t":"false"}}}},"output":{"field":[{"description":"","name":"Latitude_out","type":"double","options":{"option":{"name":"required","$t":"false"}}},{"description":"","name":"Longitude_out","type":"double","options":{"option":{"name":"required","$t":"false"}}},{"description":"","name":"FormattedAddress_out","type":"string","options":{"option":{"name":"required","$t":"false"}}}]},"notes":{},"deployment":{"suspendOnFault":"false","tracingLevel":"none","rest":{"allowAnonymousAccess":{}}},"flow":{"id":"a","start":{"id":"b","link":{"id":"jk1k0apv","targetId":"jk1k0apu"}},"service":{"id":"jk1k0apu","title":{"$t":"geocodeAddress"},"serviceName":{"$t":"Google-Geocode-API-actions:geocodeAddress"},"serviceGUID":{"$t":"6BrncxShdGwdbFoGHVAqYj"},"serviceInput":{"parameter":{"name":"address","source":"field","updatable":"true","$t":"input.address_input"}},"link":{"id":"jk1k0aq3","targetId":"jk1k0aq2"}},"assignment":{"id":"jk1k0aq2","title":{"$t":"Set output variables"},"operation":[{"source":"field","to":"output.Latitude_out","$t":"output.Location Data Object[1]\/lat"},{"source":"field","to":"output.Longitude_out","$t":"output.Location Data Object[1]\/lng"},{"source":"field","to":"output.FormattedAddress_out","$t":"output.formatted_address"}],"link":{"id":"jk1k0aq4","targetId":"c"}},"end":{"id":"c"}}}},"GUID":{"$t":"6PeXolFnhGtf7rquxQLSAr"},"DisplayName":{"$t":"Geocode an address"}}