{"EntryId":{"$t":"zFKbdtqSLlBWlD2-gt-50197-2018-07-30T14:41:30.418Z::conn.xml"},"Name":{"$t":"Google-Geocode-API-actions"},"ParentFlowIds":{"$t":"RDVhJEaaaaaaaaa-gt-257969-2018-07-30T14:46:46.703Z::pd.xml"},"MimeType":{"$t":"application\/xml+connection"},"Description":{},"AppliesTo":{},"Tags":{},"VersionLabel":{"$t":"1.0"},"State":{"$t":"CURRENT"},"ProcessGroup":{},"CreatedBy":{"$t":"gstasko@svccon.com"},"CreationDate":{"$t":"2018-07-30T14:41:30Z"},"ModifiedBy":{"$t":"gstasko@svccon.com"},"ModificationDate":{"$t":"2018-08-14T22:15:23Z"},"PublicationStatus":{"$t":"published"},"PublishedBy":{"$t":"gstasko@svccon.com"},"PublicationDate":{"$t":"2018-08-15T14:50:31Z"},"PublishedContributionId":{"$t":"project:\/rt.connection\/Google-Geocode-API-actions\/Google-Geocode-API-actions.conn.xml"},"AutosaveExists":{"$t":"false"},"Entry":{"connection":{"displayName":"Google-Geocode-API-actions","label":"Google-Geocode-API-actions","name":"Google-Geocode-API-actions","xmlns":"http:\/\/schemas.informatica.com\/socrates\/data-services\/2014\/04\/avosConnections.xsd","xmlns$aetgt":"http:\/\/schemas.active-endpoints.com\/appmodules\/repository\/2010\/10\/avrepository.xsd","description":{},"tags":{},"agent":{},"attributes":{},"businessConnector":{"agentOnly":"false","connectorPath":"project:\/rt.connector\/Google_Geocode_API\/Google_Geocode_API_svcDef.xml","guid":"6zQsuvi3AEjdUVo6EIrVCS","name":"Google_Geocode_API","supportsConnectionTest":"false","uuid":"8084bf62-3511-4d1e-a211-1023577f1a45","xmlns":"http:\/\/schemas.informatica.com\/appmodules\/screenflow\/2014\/04\/avosConnectors.xsd","description":{"$t":"Use Google's Simple Geocoding Web Service.  Takes a delimited address and returns latitude and longitude coordinates, and the fully formatted address. "}}}},"GUID":{"$t":"6BrncxShdGwdbFoGHVAqYj"},"DisplayName":{"$t":"Google-Geocode-API-actions"}}