{"EntryId":{"$t":"rtRuImXycotFgpK-gt-54542-2018-08-14T19:34:31.288Z::pd.xml"},"Name":{"$t":"Marketo_Lead_Retrieval_by_ID-1"},"MimeType":{"$t":"application\/xml+process"},"Description":{"$t":"This process fetches the lead details e.g. email for a specific lead ID. It will first login to Marketo System using Marketo Authentication API and invoke actions using the Lead Database API."},"AppliesTo":{},"Tags":{"$t":".anonymous"},"VersionLabel":{"$t":"1.0"},"State":{"$t":"CURRENT"},"ProcessGroup":{},"CreatedBy":{"$t":"gstasko@svccon.com"},"CreationDate":{"$t":"2018-08-14T19:34:31Z"},"ModifiedBy":{},"PublicationStatus":{"$t":"unpublished"},"AutosaveExists":{"$t":"false"},"Entry":{"process":{"displayName":"Marketo Lead Retrieval by ID","name":"Marketo_Lead_Retrieval_by_ID-1","xmlns":"http:\/\/schemas.active-endpoints.com\/appmodules\/screenflow\/2010\/10\/avosScreenflow.xsd","xmlns$aetgt":"http:\/\/schemas.active-endpoints.com\/appmodules\/repository\/2010\/10\/avrepository.xsd","xmlns$list":"urn:activevos:spi:list:functions","appliesTo":{},"description":{"$t":"This process fetches the lead details e.g. email for a specific lead ID. It will first login to Marketo System using Marketo Authentication API and invoke actions using the Lead Database API."},"tags":{"$t":".anonymous"},"generator":{"$t":"Informatica Process Designer 9"},"input":{"parameter":[{"description":"Client ID needed to gain access to Marketo system","name":"Client ID","required":"true","type":"string","options":{"option":{"name":"required","$t":"false"}}},{"description":"Client Secret needed to gain access to Marketo system","name":"Client Secret","required":"true","type":"string","options":{"option":{"name":"required","$t":"false"}}},{"description":"Grant Type needed to gain access to Marketo system","name":"Grant Type","required":"true","type":"string","options":{"option":{"name":"required","$t":"false"}}},{"description":"Lead ID of the lead whose details are to be fetched","name":"Lead ID","required":"true","type":"int","options":{"option":{"name":"required","$t":"false"}}}]},"output":{"field":{"description":"Status of the actions","name":"Status Message","type":"string","options":{"option":{"name":"required","$t":"false"}}}},"notes":{},"deployment":{"suspendOnFault":"false","tracingLevel":"verbose","rest":{"allowAnonymousAccess":{}}},"flow":{"id":"a","start":{"id":"b","link":{"id":"jk8n7xqi","targetId":"jk8n7xqh"}},"service":[{"id":"jk8n7xqh","title":{"$t":"Get Marketo Access Token"},"serviceName":{"$t":"Marketo-Authentication-API-actions-1:identityUsingGET"},"serviceGUID":{"$t":"gHaNbW5ESmziYZ2phzGved"},"serviceInput":{"parameter":[{"name":"client_id","source":"field","updatable":"true","$t":"input.Client ID"},{"name":"client_secret","source":"field","updatable":"true","$t":"input.Client Secret"},{"name":"grant_type","source":"field","updatable":"true","$t":"input.Grant Type"}]},"link":{"id":"jk8n7xqu","targetId":"jk8n7xqt"}},{"id":"jk8n7xqt","title":{"$t":"Get Lead Details"},"serviceName":{"$t":"Marketo-Lead-Database-API-actions-1:getLeadByIdUsingGET"},"serviceGUID":{"$t":"0xDBJu22hABfzIs5jfBiUt"},"serviceInput":{"parameter":[{"name":"leadId","source":"field","updatable":"true","$t":"input.Lead ID"},{"name":"access_token","source":"field","updatable":"true","$t":"output.access_token"}]},"link":{"id":"jk8n7xrn","targetId":"jk8n7xrm"}}],"container":{"id":"jk8n7xrm","type":"exclusive","title":{"$t":"Valid Lead ID?"},"flow":[{"id":"jk8n7xrw","assignment":{"id":"jk8n7xse","title":{"$t":"Email output failure"},"operation":{"source":"constant","to":"output.Status Message","$t":"Lead Lookup Unsuccessful"}},"link":{"id":"jk8n7xrx","targetId":"jk8n7xrm","type":"containerLink"}},{"id":"jk8n7xry","assignment":{"id":"jk8n7xsx","title":{"$t":"Output email of lead from Marketo"},"operation":{"source":"formula","to":"output.Status Message","expression":{"language":"XQuery","$t":"concat(\"The lead email address is: \", $output.email )"}}},"link":{"id":"jk8n7xrz","targetId":"jk8n7xrm","type":"containerLink"}}],"link":[{"id":"jk8n7xrp","targetId":"jk8n7xrw","type":"containerLink","condition":{"source":"formula","function":{"name":"string-equals","arg":[{"name":"left","$t":"{$output.email}"},{"name":"right"}]}}},{"id":"jk8n7xrs","targetId":"jk8n7xry","type":"containerLink"},{"id":"jk8n7xro","targetId":"c"}]},"end":{"id":"c"}}}},"GUID":{"$t":"0E79jIt6mNlk0cVh2vXqW5"},"DisplayName":{"$t":"Marketo Lead Retrieval by ID"}}