<aetgt:getResponse xmlns:aetgt="http://schemas.active-endpoints.com/appmodules/repository/2010/10/avrepository.xsd"
                   xmlns:types1="http://schemas.active-endpoints.com/appmodules/repository/2010/10/avrepository.xsd">
   <types1:Item>
      <types1:EntryId>ovJjnS24FsWTzIf-gt-16369259-2020-05-15T18:14:04.823Z::po.xml</types1:EntryId>
      <types1:Name>ErrorModel-3</types1:Name>
      <types1:ParentFlowIds>PwLdqcgm8lnCmp6-gt-585907-2020-06-01T20:19:44.666Z::pd.xml,xiggor3rp3yD7ty-gt-515666-2020-05-31T15:10:35.376Z::pd.xml</types1:ParentFlowIds>
      <types1:MimeType>application/xml+processobject</types1:MimeType>
      <types1:Description>Purpose: Error Model for API Response</types1:Description>
      <types1:AppliesTo/>
      <types1:Tags/>
      <types1:VersionLabel>1.0</types1:VersionLabel>
      <types1:State>CURRENT</types1:State>
      <types1:ProcessGroup/>
      <types1:CreatedBy>edis@gmu.edu.sandbox</types1:CreatedBy>
      <types1:CreationDate>2020-05-15T18:14:05Z</types1:CreationDate>
      <types1:ModifiedBy/>
      <types1:PublicationStatus>unpublished</types1:PublicationStatus>
      <types1:AutosaveExists>false</types1:AutosaveExists>
      <types1:Entry>
         <processObject xmlns="http://schemas.active-endpoints.com/appmodules/screenflow/2011/06/avosHostEnvironment.xsd"
                        displayName="ErrorModel"
                        isByCopy="true"
                        name="ErrorModel-3">
            <description>Purpose: Error Model for API Response</description>
            <tags/>
            <detail>
               <field label="code" name="code" type="string"/>
               <field label="detail" name="detail" type="string"/>
               <field label="reason" name="reason" type="string"/>
            </detail>
         </processObject>
      </types1:Entry>
      <types1:GUID>7576eJXk0BEindprhrKSej</types1:GUID>
      <types1:DisplayName>ErrorModel</types1:DisplayName>
   </types1:Item>
   <types1:CurrentServerDateTime>2020-06-23T19:59:46.943Z</types1:CurrentServerDateTime>
</aetgt:getResponse>
