<aetgt:getResponse xmlns:aetgt="http://schemas.active-endpoints.com/appmodules/repository/2010/10/avrepository.xsd"
                   xmlns:types1="http://schemas.active-endpoints.com/appmodules/repository/2010/10/avrepository.xsd">
   <types1:Item>
      <types1:EntryId>9DoWn2sqeErhNzU-gt-456424-2019-05-31T16:22:33.982Z::pd.xml</types1:EntryId>
      <types1:Name>Main</types1:Name>
      <types1:ParentFlowIds>rJ4pbgchwAQlBWl-gt-295580-2019-05-31T16:22:34.275Z::pd.xml</types1:ParentFlowIds>
      <types1:MimeType>application/xml+process</types1:MimeType>
      <types1:Description/>
      <types1:AppliesTo>jdbc-SQLServerTrainer:iu_config</types1:AppliesTo>
      <types1:Tags>.agent:AWS-WIN,.anonymous</types1:Tags>
      <types1:VersionLabel>1.0</types1:VersionLabel>
      <types1:State>CURRENT</types1:State>
      <types1:ProcessGroup/>
      <types1:CreatedBy>dsabella.dev</types1:CreatedBy>
      <types1:CreationDate>2019-05-31T16:22:34Z</types1:CreationDate>
      <types1:ModifiedBy/>
      <types1:PublicationStatus>unpublished</types1:PublicationStatus>
      <types1:AutosaveExists>false</types1:AutosaveExists>
      <types1:Entry>
         <process xmlns="http://schemas.active-endpoints.com/appmodules/screenflow/2010/10/avosScreenflow.xsd"
                  xmlns:list="urn:activevos:spi:list:functions"
                  displayName="Main"
                  name="Main">
            <appliesTo>jdbc-SQLServerTrainer:iu_config</appliesTo>
            <description/>
            <tags>.agent:AWS-WIN,.anonymous</tags>
            <generator>Informatica Process Designer 11</generator>
            <input>
               <parameter description="" name="ConfigData" type="objectlist">
                  <options>
                     <option name="referenceTo">jdbc-SQLServerTrainer:iu_config</option>
                     <option hide="true" name="multiSelect">true</option>
                     <option name="required">false</option>
                     <option name="guid">1nwnHImefXMbANhfcRRlwV</option>
                  </options>
               </parameter>
               <parameter description="" name="icsSessionId" type="string">
                  <options>
                     <option name="required">false</option>
                  </options>
               </parameter>
               <parameter description="" name="icsServerURL" type="string">
                  <options>
                     <option name="required">false</option>
                  </options>
               </parameter>
            </input>
            <tempFields>
               <field description="" name="ftpServer" type="string">
                  <options>
                     <option name="required">false</option>
                  </options>
               </field>
               <field description="" name="sourceFilePattern" type="string">
                  <options>
                     <option name="required">false</option>
                  </options>
               </field>
               <field description="" name="targetDir" type="string">
                  <options>
                     <option name="required">false</option>
                  </options>
               </field>
               <field description="" name="sourceDir" type="string">
                  <options>
                     <option name="required">false</option>
                  </options>
               </field>
               <field description="" name="sourceFileName" type="string">
                  <options>
                     <option name="required">false</option>
                  </options>
               </field>
               <field description="" name="mctTaskName" type="string">
                  <options>
                     <option name="required">false</option>
                  </options>
               </field>
            </tempFields>
            <notes/>
            <deployment suspendOnFault="false" tracingLevel="verbose">
               <targetLocation>AWS-WIN</targetLocation>
               <rest>
                  <allowAnonymousAccess/>
               </rest>
            </deployment>
            <flow id="a">
               <start id="b">
                  <link id="jw6kvdke" targetId="jw6kvdkd"/>
               </start>
               <assignment id="jw6kvdkd">
                  <title>Prepare FTP Params</title>
                  <operation source="field" to="temp.ftpServer">ftpServer</operation>
                  <operation source="field" to="temp.sourceFilePattern">fileNamePattern</operation>
                  <operation source="field" to="temp.targetDir">tgtDir</operation>
                  <operation source="field" to="temp.sourceDir">srcDir</operation>
                  <link id="jw6kvdl5" targetId="jw2bpbej"/>
               </assignment>
               <assignment id="jw84nsfx">
                  <title>Prepare MCT Params</title>
                  <operation source="formula" to="temp.sourceFileName">
                     <expression language="XQuery">fn:normalize-space($output.outputString )</expression>
                  </operation>
                  <operation source="formula" to="temp.mctTaskName">
                     <expression language="XQuery">concat("autogenerate_",util:generateUUID())</expression>
                  </operation>
                  <link id="jw86a8nf" targetId="jw86a8ne"/>
               </assignment>
               <service id="jw2bpbej">
                  <title>FTP</title>
                  <serviceName>avShellService</serviceName>
                  <serviceGUID/>
                  <serviceInput>
                     <parameter name="command" source="formula">
                        <expression language="XQuery">concat("winscpScript.bat"," ", $temp.ftpServer, " ", $temp.sourceDir, " ", $temp.sourceFilePattern, " ", $temp.targetDir )</expression>
                     </parameter>
                     <parameter name="workingDirPath" source="constant">C:\Users\Administrator\Desktop\TestData</parameter>
                  </serviceInput>
                  <link id="jw84nsfy" targetId="jw84nsfx"/>
               </service>
               <service id="jw86a8ne">
                  <title>Create MCT Task</title>
                  <serviceName>IICS-REST-API-IU:CreateMCT</serviceName>
                  <serviceGUID>ia2G76ocnqoegcEPVV9RCi</serviceGUID>
                  <serviceInput>
                     <parameter name="icSessionId" source="field" updatable="true">input.icsSessionId</parameter>
                     <parameter name="icServerURL" source="field" updatable="true">input.icsServerURL</parameter>
                     <parameter name="sourceFile" source="field" updatable="true">temp.sourceFileName</parameter>
                     <parameter name="targetFile" source="field" updatable="true">temp.sourceFileName</parameter>
                     <parameter name="taskName" source="field" updatable="true">temp.mctTaskName</parameter>
                  </serviceInput>
                  <link id="jw86a8ng" targetId="c"/>
               </service>
               <end id="c"/>
            </flow>
         </process>
      </types1:Entry>
      <types1:GUID>47w5QjsCAEhkcWvtfIKD8Y</types1:GUID>
      <types1:DisplayName>Main</types1:DisplayName>
   </types1:Item>
   <types1:CurrentServerDateTime>2019-06-10T21:22:16.71Z</types1:CurrentServerDateTime>
</aetgt:getResponse>
