{"EntryId":{"$t":"Icn6Hbf13ErhNzU-gt-400599-2018-06-14T04:28:55.557Z::svc.xml"},"Name":{"$t":"ServiceConnector1-1"},"MimeType":{"$t":"application\/xml+businesssconnector"},"Description":{},"AppliesTo":{},"Tags":{},"VersionLabel":{"$t":"1.0"},"State":{"$t":"CURRENT"},"ProcessGroup":{},"CreatedBy":{"$t":"sorabh@na1.dm-us.org"},"CreationDate":{"$t":"2018-06-14T04:28:56Z"},"ModifiedBy":{"$t":"sorabh@na1.dm-us.org"},"ModificationDate":{"$t":"2018-07-17T21:33:51Z"},"PublicationStatus":{"$t":"unpublished"},"AutosaveExists":{"$t":"false"},"Entry":{"businessConnector":{"agentOnly":"false","debug":"false","displayName":"ServiceConnector1","label":"","name":"ServiceConnector1-1","uuid":"bed0d96c-5b49-44ab-b2a2-101fd2f8fdc1","xmlns":"http:\/\/schemas.informatica.com\/socrates\/data-services\/2014\/05\/business-connector-model.xsd","xmlns$aetgt":"http:\/\/schemas.active-endpoints.com\/appmodules\/repository\/2010\/10\/avrepository.xsd","description":{},"tags":{},"connectionAttributes":{"xmlns":"http:\/\/schemas.informatica.com\/appmodules\/screenflow\/2014\/04\/avosConnectors.xsd"},"actions":{"action":{"category":"","failOnError":"true","forSearch":"false","label":"Untitled Action","maxRedirects":"100","name":"Untitled Action","preemptiveAuth":"true","responseEncoding":"","description":{},"input":{"parameter":{"name":"","required":"false","testWith":"","type":"string"}},"binding":{"restSimpleBinding":{"multiUsing":"semicolonSeparated","url":"","verb":"GET"}},"output":{}}},"objects":{}}},"GUID":{"$t":"6LwNDeldZoldgwxPnYOo2u"},"DisplayName":{"$t":"ServiceConnector1"}}