objectPath,objectName,objectType,id
/Explore/SourceDataIntegration,Dev_FacultyPracticeSolutionsCenter_Denials,Folder,2qGNbBHj6nBcxM2O8YGYKI
/Explore/SourceDataIntegration/Dev_EPSi_Cost,TASK_DEV_TROOMBOARD_EPSiCostRoomAndBoardBASE_Full,MTT,2AVSls3sEYji7fJK66GC66
/Explore/SourceDataIntegration/Dev_EPSi_Cost,TASK_DEV_TACTIVITYCODEGLSTATMAPPING_EPSiCostActivityCodeStatisticMappingBASE_Full,MTT,aBXSktM06BvlcdEza0s2YW
/Explore/SourceDataIntegration/Dev_EPSi_Cost,TASK_DEV_TRVUASSIGNMENT_EPSiCostRVUAssignmentBASE_Full,MTT,9wt7Uqu5VVUhpZPTPa4U8t
/Explore/SourceDataIntegration,Dev_Cherwell_CherwellRep,Folder,5rnVvu2ZowSfau9tMofFeu
/Explore/SourceDataIntegration,Dev_MCCM_CatalystAdmin,Folder,1ZtfkKq4WSIeFgle3GDVwA
/Explore/SourceDataIntegration,Dev_SecureCorus_Reference,Folder,gvWxpiYRGsKcwj8UADpCup
/SYS,DSA_DEV_FlatFileDelimited,Connection,hL0oFuQoPEWlXYPhEq8I2M
/Explore/SourceDataIntegration/Dev_EPSi_Cost,TASK_DEV_TIPCHARGESKEY_EPSiCostInpatientChargesKeyBASE_Incremental,MTT,kzmL08evAIFcdfeStEYVom
/SYS,DSA - Azure - Dev,AgentGroup,0ZzXgF16Vy3hBfNCfqsl66
/Explore/SourceDataIntegration/POC,Audit_Start,DTEMPLATE,hKL2KSXyhkJd2mb7oi4Uuk
/Explore/SourceDataIntegration/Dev_EPSi_Cost,TASK_DEV_TCOSTPAYROLLEXPENSE_EPSiCostPayrollExpenseBASE_Full,MTT,0EfdgOp8BhjlNXbbSClnKy
/Explore/SourceDataIntegration,Dev_IUHPEmployeeSecured_Employee,Folder,aOWJpChBVEOlR6RAlLHwSc
/Explore/SourceDataIntegration/Dev_EPSi_Cost,TASK_DEV_TPATIENT_EPSiCostPatientBASE_Full,MTT,5wOiT5W2LxabdkBAn6uEwF
/Explore/SourceDataIntegration,Process1,PROCESS,kcscqscy4K6jUlqqzmOfan
/Explore/SourceDataIntegration,Dev_IDEA_ICDProcedurePlus,Folder,bQcgtXVpdo6iftppq7Kkac
/Explore/SourceDataIntegration/Dev_EPSi_Cost,TASK_DEV_TCOSTGLACCOUNTS_EPSiCostGLAccountBASE_Full,MTT,2Ez7Eqvrkuri1tXjBiag4b
/Explore/SourceDataIntegration/Dev_EPSi_Cost,TASK_DEV_TPATOPVARCHARGECOSTS_EPSiCostOutpatientVariableChargeCostBASE_Full,MTT,6vChXmNtSgxeYf8QvRvA6J
/Explore/SourceDataIntegration/Dev_EPSi_Cost,TASK_DEV_TIPCHARGESDETAILCOSTS0001_EPSiCostInpatientChargesDetailCostBASE_Incremental,MTT,lqpJE5J49mKluwW6WyiTyL
/Explore/SourceDataIntegration,Dev_IDEA_DSA_Semantic,Folder,2hCG3UaY0oEhOwHr00wVim
/Explore/SourceDataIntegration/Dev_EPSi_Cost,TASK_DEV_TSERVICECODES_EPSiCostServiceCodeBASE_Full,MTT,22Lowtee7S8crD7WBFjvEG
/Explore/SourceDataIntegration,Dev_IDEA_Reference,Folder,9NgDORJ7zsaknn7ziKlXUi
/Explore/SourceDataIntegration,Dev_Epic_Reference,Folder,jz4HphDKsCRfSZ14nbcS6J
/Explore/SourceDataIntegration/Dev_EPSi_Cost,EPSI Sunday ServiceResult,TASKFLOW,7Up4DGfPUc4dS3upEXwkUy
/Explore/SourceDataIntegration,Dev_IDEA_AmbulatorySurgeryCenters,Folder,gQtR8YsP9IBhcHlikRSgIh
/SYS,SourceDataIntegration_Dev_Source_EPSi_EPSiViews,Connection,0KrFpWCqOVVfzg22vx7aan
/Explore/SourceDataIntegration,Dev_IDEA_CLABSI,Folder,1epXVCZ0Ryde2RdzG2mAYS
/Explore/SourceDataIntegration/Dev_EPSi_Cost,TASK_DEV_TENCOUNTERICD9DX_EPSiCostEncounterICD9DiagnosisBASE_Incremental,MTT,hMyFdyFvEkNgP9fnBeCHa6
/Explore/SourceDataIntegration/Dev_EPSi_Cost,TASK_DEV_TFINANCIALCLASSGROUP_EPSiCostFinancialClassGroupBASE_Full,MTT,eFxTlBBaHUeh4IM347jOkA
/Explore/SourceDataIntegration/Dev_EPSi_Reference,TASK_DEV_THCPCSCODES_EPSiReferenceHCPCSBASE_Full,MTT,9gaWblZUjo1ki9rCniuEuS
/Explore/SourceDataIntegration,Dev_Lawson_GeneralLedger,Folder,2FFl82q65WtdXzFp7dhuWf
/Explore/SourceDataIntegration,Dev_CentricityBusinessRCS_Scheduling,Folder,4sGcPLPIzUuhfa3jfjMKq3
/Explore/SourceDataIntegration,Dev_SecureACO_PartB,Folder,0RhB5KwdEn2g8up7Z4NI0r
/Explore/SourceDataIntegration/POC,POC_Map_UHC_to_DataLake,DTEMPLATE,027HL54wRSnibG3neQ638q
/SYS,IS-Dev,AgentGroup,31evvb9YfVcj7guMopraOq
/Explore/SourceDataIntegration,Dev_Cerner_CernerViews,Folder,3tolcaMn4uLhMWzs4EYB2w
/Explore/SourceDataIntegration,Dev_MFM_Clinical,Folder,0OIax5ll3Jzbb8rB7twwSH
/Explore/SourceDataIntegration/Dev_EPSi_Cost,TASK_DEV_TPAYORMODELS_EPSiCostPayorModelBASE_Full,MTT,1tYEK7BDF7NduxPOd3deij
/Explore/SourceDataIntegration,FlatFile_DataLake_INS,DTEMPLATE,55gOT9EL0NmlozWReXcdWa
/Explore/SourceDataIntegration,Dev_IDEA_PH,Folder,3uCjvvmUfIDeV2AU6pqWyM
/Explore/SourceDataIntegration,Dev_MFM_Person,Folder,1TYWWqjO8uYl8NeybR2l8A
/Explore/SourceDataIntegration,Dev_Cerner_Clinical,Folder,fneAMZd0h6Uk7kEWBQPQOJ
/Explore/SourceDataIntegration,Dev_MCCM_Comments,Folder,aBEKv8Id42WbJkgRxFgZiT
/Explore/SourceDataIntegration/Dev_EPSi_Cost,TASK_DEV_TAPRDRGSEVERITY_EPSiCostAPRDRGSeverityBASE_Full,MTT,3yzigryzboployJMZZhG0o
/Explore/SourceDataIntegration/Dev_EPSi_Cost,TASK_DEV_TRVUTYPES_EPSiCostRVUTypeBASE_Full,MTT,aUlO7LxJFo3eItKNPKFZSE
/Explore/SourceDataIntegration,Dev_SecureACO_PartD,Folder,hifFDTwM5KHbpm6s9CygUi
/Explore/SourceDataIntegration/Dev_EPSi_Cost,TASK_DEV_TCOMORBIDITY_EPSiCostComorbidityBASE_Full,MTT,lNddnPpYOSkb2odSvha14C
/Explore/SourceDataIntegration,Dev_HrEmployeeSecured_Lawson,Folder,6pvVDHqh1OejiSqHMKHiEN
/Explore/SourceDataIntegration,Dev_SecureACO_PartA,Folder,12T5UBBH6kZeEmOIccdbSf
/Explore/SourceDataIntegration/Dev_EPSi_Cost,TASK_DEV_TREFERRALSOURCE_EPSiCostReferralSourceBASE_Full,MTT,bQq6r2OwgEsjd2cSLnCPkm
/Explore/SourceDataIntegration/Dev_EPSi_Cost,TASK_DEV_TRELATIONSHIP_EPSiCostRelationshipBASE_Full,MTT,1SqHY3i1THJf6Ik4AqGfCN
/Explore/SourceDataIntegration,Dev_Cerner_Schedule,Folder,0DSby7RXStEgWqvkXUz7sd
/Explore/SourceDataIntegration/POC,POC_Task_Test,MTT,bJw0BCkyQY8gtOUA4cPXcL
/Explore/SourceDataIntegration,Batch_Test,PROCESS,9DxLh3BqAnXie0n8ebqkSE
/Explore/SourceDataIntegration/Dev_EPSi_Cost,TASK_DEV_TCOSTCENTERTYPES_EPSiCostCostCenterTypeBASE_Full,MTT,2Bf9SDdWDQCjp0UeyK7pwv
/Explore/SourceDataIntegration,TASK_SourceToTarget,MTT,0tXbO9f29ABc78nAD5ys0K
/Explore/SourceDataIntegration/Dev_EPSi_Cost,TASK_DEV_TPHYSICIANGROUP_EPSiCostPhysicianGroupBASE_Full,MTT,kXAM1QqrGIXedT4sNKTzCl
/Explore/SourceDataIntegration/Dev_EPSi_Cost,TASK_DEV_TROOMBOARDSERVICEGROUPS_EPSiCostRoomAndBoardServiceGroupBASE_Full,MTT,90MGItul6c7fwjeztFxbqj
/SYS,DSA_DEV_EtlAdmin,Connection,1Rr9XKS8HaLd9mWlGjJz2A
/Explore/SourceDataIntegration/Dev_EPSi_EPSiViews,Mapping1,DTEMPLATE,abnFuDe6N4Xgy6eO8aniSU
/Explore/SourceDataIntegration/Dev_EPSi_Cost,TASK_DEV_TCPTSTATUSINDICATOR_EPSiCostCPTStatusIndicatorBASE_Full,MTT,bldnf2Lw6enld1eH24u0AE
/Explore/SourceDataIntegration/Dev_EPSi_Cost,TASK_DEV_TICD9DXPOA_EPSiCostICD9DiagnosisPresentOnAdmissionBASE_Full,MTT,3JaLdb4LZiLfT5Hf4FvSsH
/Explore/SourceDataIntegration,Dev_Cerner_HIM,Folder,2Xk2wBOsPuqdqBoYzln8en
/Explore/SourceDataIntegration,Dev_IDEA_IntegrationExcludedFAcilities,Folder,0jjaXILBSVGc5QbFRM6jqP
/Explore/SourceDataIntegration,Dev_MCCM_Patient,Folder,8vluOlK7UsslbesssiXuO3
/Explore/SourceDataIntegration,Dev_IDEA_FPSC,Folder,03rgXqPN5JXcI8GPJOBXyB
/Explore/SourceDataIntegration,Dev_MCCM_LabResult,Folder,hJrHdmXzjwhfANUxrXzkIw
/Explore/SourceDataIntegration/POC,TASKFLOW_Audit_Sample,TASKFLOW,5xw7GQX3WWafoyiISBFj44
/SYS,TEST-SFTP-D-icwiscad01vg,Connection,c29XmXmww0ikRUvFgDNNkn
/Explore/SourceDataIntegration,Dev_MedMined_Reference,Folder,lJZvSKMuV6Cgis3H4Js5Y0
/Explore/SourceDataIntegration,Dev_SecureCorus_ca,Folder,c4sL7CkXj25denAqcw4FAW
/Explore/SourceDataIntegration,POC,Folder,5suILcCF2CtfDtOHN7ZBYU
/Explore/SourceDataIntegration/POC,POC_Task_TestFileProcessor_to_TestFileShare,MTT,5TbdHzqoyBqiDlv6kAuME1
/Explore/SourceDataIntegration/Dev_EPSi_Reference,TASK_DEV_TICD10PXCODES_EPSiReferenceICD10ProcedureBASE_Full,MTT,3IgLhjDj9wee39tiKvcTKo
/Explore/SourceDataIntegration/POC,Taskflow1,TASKFLOW,8jycs6D1hpzkkpaOpPrVEC
/Explore/SourceDataIntegration/Dev_EPSi_Cost,TASK_DEV_TCOMORBIDITYTABLES_EPSiCostComorbidityTableNumberBASE_Full,MTT,0nOcxRtIKangJv734ULdAV
/Explore/SourceDataIntegration,Dev_ICWCOGDBVG_Comp,Folder,grlRFigm2MdjZagRrN79u7
/Explore/SourceDataIntegration/Dev_EPSi_Cost,TASK_DEV_TCOSTPAYROLLACCOUNTS_EPSiCostPayrollAccountBASE_Full,MTT,6K8JTUumljLeWe9szRMfaW
/Explore/SourceDataIntegration,IICS-REST-API-IU,AI_CONNECTION,ia2G76ocnqoegcEPVV9RCi
/Explore/SourceDataIntegration,Dev_IDEA_APP,Folder,aDw1mJebDmBeMzIR6vRR0r
/Explore/SourceDataIntegration,Dev_IDEA_BHC,Folder,9rTmmOhEauYfo0C4zwMICQ
/Explore/SourceDataIntegration/Dev_EPSi_Cost,TASK_DEV_TACTUALPAYMENTTYPES_EPSiCostActualPaymentTypeBASE_Full,MTT,aJ4DFZ8EfdxkaPsqXzhykU
/Explore/SourceDataIntegration/Dev_EPSi_Cost,TASK_DEV_TADMISSIONSOURCE_EPSiCostAdmissionSourceBASE_Full,MTT,5Xv8wL3BbrQcGQiG3gOEYF
/Explore/SourceDataIntegration,Dev_UHC_Reference,Folder,4jRT6PlDxc3hLMQgkQOBS6
/Explore/SourceDataIntegration/POC,TASK_DEV_FileProcessor_FileShare_GET,MTT,4oKNQueqjpXim02HEh13YU
/Explore/SourceDataIntegration/Dev_EPSi_Cost,TASK_DEV_TCOSTSERVICERESULTS_EPSiCostServiceResultBASE_Incremental,MTT,7yZo4k7QhAhdxBlpu9KsW9
/Explore/SourceDataIntegration,Dev_IDEA_UrgentCarePatientList,Folder,ciUA1HC9T2rgk7uLF3hZSQ
/Explore/SourceDataIntegration/Dev_EPSi_Cost,TASK_DEV_TACTIVITYCODE_EPSiCostActivityCodeBASE_Full,MTT,avImPz6RQt4gTVLnS1kGQf
/SYS,POC_TestFileShare,Connection,fdzjX4pFpCBdiZiGfMQwc3
/Explore/SourceDataIntegration,Dev_IDEA_Harm,Folder,fFfhGDgMr8CbfIINDnWimy
/Explore/SourceDataIntegration,Dev_IDEA_NRC,Folder,66O1Lj3MW9aiDuc7VeJhoV
/Explore/SourceDataIntegration/Dev_EPSi_Cost,TASK_DEV_TIPENCOUNTER_EPSiCostInpatientEncounterBASE_Full,MTT,jvk6tZ3T3GbfMax9TRmgEi
/Explore/SourceDataIntegration,Dev_RevenueManagement_Reference,Folder,8PQ7yDN5buRc0ME9a2zYKZ
/Explore/SourceDataIntegration,Dev_HREmployeeSecured_HumanResource,Folder,8moJQc5fhCJexnwDABJ1yr
/Explore/SourceDataIntegration/Test_mpatel,_Infa_AzureDataLake_Template,DTEMPLATE,1m9LfTobctqj2GWRrfT04D
/Explore/SourceDataIntegration,Dev_Cerner_SupplyChain,Folder,2cCVgatQw38cTY6uksJga6
/Explore/SourceDataIntegration/Dev_EPSi_Cost,TASK_DEV_TREADMISSIONCODES_EPSiCostReadmissionCodeBASE_Full,MTT,9cJdRUhZRzuhOTSQ0HtMiQ
/Explore/SourceDataIntegration,Dev_IDEA_Common,Folder,8SrnTUc3p6Od3i9IROswkN
/Explore/SourceDataIntegration/Dev_EPSi_Reference,TASK_DEV_TAPDRGTABLE_EPSiReferenceAPDRGBASE_Full,MTT,1RMjw61vCV4fIgiseXkJWi
/SYS,SourceDataIntegration_Dev_Source_EPSi_Reference,Connection,63PNjR3tXxUfSjPjirGLAF
/Explore/SourceDataIntegration/Dev_EPSi_EPSiViews,TASK_DEV__EPSiEPSiViewsPatientAccountSummaryBASE_Full,MTT,56SHITv8C8LbjS2jzoMQSj
/Explore/SourceDataIntegration,Dev_SecureCorus_CostDriver,Folder,59jx4Edib1QcpdQ48qZCUJ
/Explore/SourceDataIntegration,Dev_Cerner_Person,Folder,k8XC2asvSwafesD9DR1PWx
/Explore/SourceDataIntegration,Dev_IDEA_Cisco,Folder,8586A3hMTSSepDf7Rhq4aV
/Explore/SourceDataIntegration/Dev_EPSi_Cost,EPSi Incremental Batch 36,TASKFLOW,jjP37SC5SyJl1oOMdhLH8J
/Explore/SourceDataIntegration/Dev_EPSi_Cost,TASK_DEV_TCOSTCATEGORYTYPES_EPSiCostCostingCategoryTypeBASE_Full,MTT,7YOHqFRj7gbdl06M29w4oz
/Explore/SourceDataIntegration/Dev_EPSi_Cost,TASK_DEV_TPAYORMODELGROUPS_EPSiCostPayorModelGroupBASE_Full,MTT,d2pCC26PLe9lAZwYjlBzwL
/Explore/SourceDataIntegration/Dev_EPSi_Reference,TASK_DEV_TEPSISYSTEMTABLES_EPSiReferenceEPSISystemTableBASE_Full,MTT,fj6axgX8UWQgxQ9BT1Ln2u
/Explore/SourceDataIntegration/Dev_EPSi_Cost,TASK_DEV_TTYPEOFSERVICE_EPSiCostTypeOfServiceBASE_Full,MTT,7GuvJJ4TnV1g2BXQsRg5KM
/Explore/SourceDataIntegration,Dev_MCCM_CareManagement,Folder,j3skdWqp5S9eKSrgh5aR2r
/Explore/SourceDataIntegration/Dev_EPSi_Cost,TASK_DEV_TPAYORDETAILS_EPSiCostPayorDetailBASE_Full,MTT,0bzX8yriGKtdqmy2SCAVQo
/Explore/SourceDataIntegration,Dev_IDEA_HarmDashboard,Folder,7hAUmN3XMfHjXDypQJpiqp
/Explore/SourceDataIntegration/Dev_EPSi_Cost,TASK_DEV_TIPENCOUNTER_EPSiCostInpatientSummaryCostBASE_Full,MTT,1jyypDteMMdgIhaZUlq0Oz
/Explore/SourceDataIntegration/POC,POC_Task_TestFileShare_To_ADL - Copy 1,MTT,lDXl1HSRQGqhgzFQgMAYim
/SYS,SourceDataIntegration_Dev_Target_AzureDataLakev3,Connection,2gmvBfnFb9okPnKIpv2ky1
/Explore/SourceDataIntegration/POC,TASK_Audit_Start,MTT,1SnEjtHkzqZiR303BoIWsB
/Explore/SourceDataIntegration/Dev_EPSi_Cost,TASK_DEV_TSEVERITY_EPSiCostSeverityCodeBASE_Full,MTT,6v5qL0jUGQ5jV2KPE6RLEy
/Explore/SourceDataIntegration/Dev_EPSi_Cost,EPSi Full Batch 47,TASKFLOW,25cMsqSKbJBiNSrL9JQ4a2
/Explore/SourceDataIntegration/Dev_EPSi_Cost,TASK_DEV_TFACILITY_EPSiCostFacilityBASE_Full,MTT,8MwiIRTEoo6dqU7GQiKI0P
/Explore/SourceDataIntegration,Dev_IDEA_LookUp,Folder,iGuzhMa9IYWcPd0mhz0VCk
/Explore/SourceDataIntegration/Dev_EPSi_Cost,TASK_DEV_TADMISSIONTYPE_EPSiCostAdmissionTypeBASE_Full,MTT,av0PKFbJB2slLkE1JvkRYj
/Explore/SourceDataIntegration,Dev_IDEA_ChangethePlayKidsClub,Folder,86tv9jspWK5kuM1BOZVuuB
/Explore/SourceDataIntegration/POC,PIE_PractitionerSpecialty_DataLake,DTEMPLATE,91PXGkvRR0xjBcMSgEj0wZ
/Explore/SourceDataIntegration,Dev_IDEA_EVSIsolationAudit,Folder,bJXUQ0SVdCGfRAqnvSZgyZ
/Explore/SourceDataIntegration/Dev_EPSi_Cost,EPSi Full Sunday Large Tables Batch,TASKFLOW,jyNq6OZW28jdvBwF4T0RwI
/Explore/SourceDataIntegration/Dev_EPSi_Cost,TASK_DEV_TRACE_EPSiCostRaceBASE_Full,MTT,4VuEJzTrd22fn3Cnmxgckl
/Explore/SourceDataIntegration,Dev_CentricityBusinessRCS_Registration,Folder,9Lwn0wBeikskbAT2sUsB4n
/Explore/SourceDataIntegration/POC,Audit_End,DTEMPLATE,8JQTEBtG88WinWez7kIrkU
/Explore/SourceDataIntegration/POC,POC_MassIngestion,MI_TASK,3opeGIOIBj1cT8KV9d2GOn
/Explore/SourceDataIntegration/Dev_EPSi_Cost,TASK_DEV_TGLACCOUNTINPUT_EPSiCostGLAccountInputBASE_Full,MTT,2WHE5H6Fm6fcteyG0ayQAF
/Explore/SourceDataIntegration/POC,TASK_POC_TEXT,MTT,0CseaRUyMINhz6XmTdI7G0
/Explore/SourceDataIntegration,Dev_Cerner_Lab,Folder,2Bkr0qp0vAjdKooRW6fXik
/Explore/SourceDataIntegration,Dev_FacultyPracticeSolutionsCenter_Billing,Folder,0duaxcv2TACimApBDcd4cc
/Explore/SourceDataIntegration,Dev_SecureNGACO_PartA,Folder,0ljcotl2jOSliNeFGNGbcT
/Explore/SourceDataIntegration,Dev_MedMined_Events,Folder,0Cs96zgbwXBlDYqUtQXU4l
/Explore/SourceDataIntegration/POC,POC_Task_UHC_to_DataLake,MTT,8tvGZXiSbZbe6xfyBM7cKm
/Explore/SourceDataIntegration/Dev_EPSi_Reference,TASK_DEV_TDRGSTATETABLE_EPSiReferenceDRGStateBASE_Full,MTT,6okqhdfjjaqlxwMFTGb3cP
/Explore/SourceDataIntegration/Dev_EPSi_Cost,TASK_DEV_TINSURANCEPLAN_EPSiCostInsurancePlanBASE_Full,MTT,6iQG3koq9pjhYImF9L8K8W
/Explore/SourceDataIntegration/Dev_EPSi_Cost,TASK_DEV_TINSUREDSGROUP_EPSiCostInsuredGroupBASE_Full,MTT,1f4jcB8yY4lintIo427xuF
/SYS,DSA - On-Premise - Dev,AgentGroup,6OQ99LzcNz0bgRR0eP1rEr
/Explore/SourceDataIntegration,Dev_IDEA_OrthoSpecialsItemMapping,Folder,8WDkLyPjEhPbqXeAUk67YZ
/Explore/SourceDataIntegration,Dev_IDEA_OrthoStrategicPartnerGrouping,Folder,bFH20N9YyImjA3m2PeCvEv
/Explore/SourceDataIntegration/POC,TASK_DEV_TACTUALPAYMENTS_ActualPaymentBASE_Incremetnal,MTT,76ZmrjsJc23gVnL1jrliOk
/Explore/SourceDataIntegration/Dev_EPSi_Cost,TASK_DEV_TLOSFACTOR_EPSiCostLOSFactorBASE_Full,MTT,9MtJe5uHJCFiw6facggduR
/Explore/SourceDataIntegration,Dev_FacultyPracticeSolutionsCenter_Clinical,Folder,aGCxLIvqNkJfk3UpaMVrcr
/Explore/SourceDataIntegration/Dev_EPSi_Cost,TASK_DEV_TENCOUNTERCPT_EPSiCostEncounterCPTBASE_Full,MTT,gA0QpmvQjCJdWhI1N7nFYp
/Explore/SourceDataIntegration,Dev_EPSi_EPSiViews,Folder,aoN1b7SV9KRhZedy77vNSI
/Explore/SourceDataIntegration/POC,POC_Flow_TestFileProcessor_to_ADL,WORKFLOW,5z9iMzGncsRgwyVV2bzb4i
/Explore/SourceDataIntegration/Dev_EPSi_Cost,TASK_DEV_TAPDRGTABLENUMS_EPSiCostAPDRGTableNumberBASE_Full,MTT,iDgng1yQ9gEdozemZUpoek
/Explore/SourceDataIntegration,Dev_Lawson_AccountsPayable,Folder,2waERS4qDjJgE771eaULIi
/Explore/SourceDataIntegration/Dev_EPSi_Cost,TASK_DEV_TSTATES_EPSiCostStateBASE_Full,MTT,3qvChAy6N9he52S3JhmZah
/Explore/SourceDataIntegration,Dev_IDEA_IUHP,Folder,1RhRV754rc0iAvG4nIF9iE
/Explore/SourceDataIntegration,Dev_IUHealthPlans_Member,Folder,6wN9ygkNvvXd7kRpIbTrUU
/Explore/SourceDataIntegration/Dev_EPSi_Reference,TASK_DEV__EPSiReferenceEDWTableDistributionColumnsBASE_Full,MTT,hqpMmCGEvshhEaQjFO6Y6p
/Explore/SourceDataIntegration/Dev_EPSi_Cost,TASK_DEV_TACTIVITYTYPE_EPSiCostActivityTypeBASE_Full,MTT,aQcawv98W6viiQP0bulaS6
/Explore/SourceDataIntegration,Dev_Cerner_Reporting,Folder,6crxJQzzXiohccI0BqMMAW
/Explore/SourceDataIntegration/Dev_EPSi_Cost,TASK_DEV_TFACILITYSPECIALTYCODES_EPSiCostFacilitySpecialtyCodeBASE_Full,MTT,jfriaNk4J6QbYkatyg8euN
/Explore/SourceDataIntegration,Dev_SecureACO_Person,Folder,6qD4wP1AI9cjMPSRKDlPmO
/Explore/SourceDataIntegration,Dev_Cerner_Orders,Folder,fjKiCPAf4OjgPnLI1s57IO
/Explore/SourceDataIntegration,Dev_Cerner_Radiology,Folder,lhCZqLcTw0olooOHZnM6CP
/Explore/SourceDataIntegration/Dev_EPSi_Cost,TASK_DEV_TDRGTABLENUMS_EPSiCostDRGTableNumberBASE_Full,MTT,f1bBuGEFlwhczMgcFzYu8A
/Explore/SourceDataIntegration/Dev_EPSi_Cost,TASK_DEV_TSERVICEGROUPS_EPSiCostServiceGroupBASE_Full,MTT,7yWfzD29PIJlKuB1D5W9Qp
/Explore/SourceDataIntegration/Dev_EPSi_Cost,EPSi Incremental Sunday as FULL Batch,TASKFLOW,8zsdQmISvKChkrTwsad1Ot
/Explore/SourceDataIntegration,Dev_IDEA_IUHPPrimaryCarePracticeRegions,Folder,0BpNf1m07A4eZryKDP9oQg
/Explore/SourceDataIntegration/Dev_EPSi_Cost,TASK_DEV_TFINANCIALCLASSGROUPASSIGNMENT_EPSiCostFinancialClassGroupAssignmentBASE_Full,MTT,84K6DioqoDlcWsQJ1o2bCZ
/Explore/SourceDataIntegration/POC,TASK_Audit_End,MTT,2ebaP9fbBIfgSuCGzFv3g3
/Explore/SourceDataIntegration/Dev_EPSi_Cost,TASK_DEV_TENCOUNTERICD10DX_EPSiCostEncounterICD10DiagnosisBASE_Full,MTT,jVwZFO5W1u7jf7ptkn2oog
/Explore/SourceDataIntegration/Dev_EPSi_Cost,TASK_DEV_TMSDRGTABLENUMS_EPSiCostMSDRGTableNumberBASE_Full,MTT,e1LCFuEJk25lB45c3j9BOv
/Explore/SourceDataIntegration/POC,Task_PIE_PractitionerSpecialty,MTT,8B7DO6dA0D0eB7Y3EXkT87
/Explore/SourceDataIntegration/Dev_EPSi_Cost,TASK_DEV_TENCOUNTERPHYSICIAN_EPSiCostEncounterPhysicianBASE_Incremental,MTT,baHctBpgQq6dtAAR4IQHyz
/Explore/SourceDataIntegration,Dev_MCCM_Physician,Folder,3NqBYfJR5AclbE4mikS4cZ
/Explore/SourceDataIntegration,Dev_SecureNGACO_PartB,Folder,9GWuRH8i2QBd90komDn92C
/Explore/SourceDataIntegration/Dev_EPSi_Cost,TASK_DEV_TMARITALSTATUS_EPSiCostMaritalStatusBASE_Full,MTT,4YVy0KFZT2flyq3vg6RcM4
/Explore/SourceDataIntegration,Dev_SecureCJR_Reference,Folder,kcoPVzxcty3dwLEpNzJa6j
/Explore/SourceDataIntegration/Dev_EPSi_Cost,TASK_DEV_TPHYSICIANSERVICE_EPSiCostPhysicianServiceBASE_Full,MTT,9rwOxohL1vjkwxjfCynUCM
/Explore/SourceDataIntegration,Dev_IDEA_ICM,Folder,5isfZMtNikMfkpZy13Sq2r
/Explore/SourceDataIntegration/Dev_EPSi_Cost,TASK_DEV_TENCOUNTERCPT_EPSiCostEncounterCPTBASE_Incremental,MTT,2b4bOhtZ7W9beQQLZOxFKH
/Explore/SourceDataIntegration,Dev_IDEA_ECREasternCentralHandHygieneMeasurementTool,Folder,7xvC0ICVgJ7hNq4XqSpeWZ
/Explore/SourceDataIntegration/Dev_EPSi_Cost,TASK_DEV_TCOSTSTATISTICVALUES_EPSiCostStatisticValueBASE_Full,MTT,6Qn9BQCxa80lKHxXEdjqIg
/Explore/SourceDataIntegration/Dev_EPSi_Reference,TASK_DEV_TICD9DXCODES_EPSiReferenceICD9DiagnosisBASE_Full,MTT,lskg7vVQ6qSjIH7p7vQCID
/Explore/SourceDataIntegration/Dev_EPSi_Cost,TASK_DEV_TOPENCOUNTER_EPSiCostOutpatientEncounterBASE_Incremental,MTT,ksy1nDRPtsKf1E6NwrfFCr
/SYS,POC_UHC,Connection,2vg2SEhcUGmcFuhHyf2R6x
/Explore/SourceDataIntegration/Dev_EPSi_Cost,TASK_DEV_TPHYSICIANINFO_EPSiCostPhysicianInformationBASE_Full,MTT,9KKBNvlQ7VQkdH4vFlZUQ8
/Explore/SourceDataIntegration,Dev_IDEA_OrthoICDDiagnosisGroupings,Folder,cAqUcnfNUkafAdQ6Mm9sSt
/Explore/SourceDataIntegration,Dev_CMS_Reference,Folder,1rYDUt8oM8gf8I53IROaO7
/Explore/SourceDataIntegration,Dev_Kronos_TkcsOwner,Folder,axzlQcrvWgMhzEBCVDc5ai
/Explore/SourceDataIntegration/Dev_EPSi_Cost,TASK_DEV_TPAYORCODEGROUPS_EPSiCostPayorCodeGroupBASE_Full,MTT,9RIbNPGPnbKi4fnIX8yC2A
/Explore/SourceDataIntegration,Dev_IDEA_HomeHealthandHospiceHandHygiene,Folder,8H7HHBbjvKkdirAOpbM4IA
/Explore/SourceDataIntegration,Test_mpatel,Folder,6jLUTbfGuWmlQBqq3rqWo8
/Explore/SourceDataIntegration,Dev_ICWCOGDBVG_Report,Folder,22gtxqTu5QLcHhiGnmSb01
/Explore/SourceDataIntegration/Dev_EPSi_Cost,TASK_DEV_TOPCHARGESKEY_EPSiCostOutpatientChargesKeyBASE_Incremental,MTT,iBnA5cYXukOfJdRXEwp7IT
/Explore/SourceDataIntegration/Dev_EPSi_Cost,TASK_DEV_TSPECIALTYCODES_EPSiCostSpecialtyCodeBASE_Full,MTT,hq7Xk7lihAydWt5k9AqRep
/Explore/SourceDataIntegration,Dev_Cerner_Surgery,Folder,2XzX3faxec4fT7J0luP40p
/Explore/SourceDataIntegration/Dev_EPSi_Cost,TASK_DEV_TRVUS_EPSiCostRVUBASE_Full,MTT,8ShawNOC34LlIr6rZHQB4Y
/Explore/SourceDataIntegration/Dev_EPSi_Reference,TASK_DEV_TAPRDRGTABLE_EPSiReferenceAPRDRGBASE_Full,MTT,9sf1O23l4c0lfsSGf3q3qf
/Explore/SourceDataIntegration/POC,PIE_PractitionerSpecialty,DTEMPLATE,0MfRz8do42ah1AWGVRuOi8
/Explore/SourceDataIntegration,Dev_IDEA_PrimaryCareMonthlyiFTE,Folder,83nriuOkWJpbuhtsJBoUSC
/Explore/SourceDataIntegration,Dev_MCCM_Encounter,Folder,7XY7Pj6LfrAlw0XTGh9eI4
/Explore/SourceDataIntegration,Dev_Lawson_Reference,Folder,9LSjfmJx7Q5kFmXlSZJdci
/Explore/SourceDataIntegration,Dev_Miscellaneous_InfectiousDisease,Folder,766kRsWlA76cH4NUXHzpAp
/Explore/SourceDataIntegration/POC,POC_Map_TestFileProcessor_to_TestFileShare,DTEMPLATE,3Rqw1eHjUgykgRIEgsTgcs
/Explore/SourceDataIntegration/Dev_EPSi_Cost,TASK_DEV_TPHYSICIAN_EPSiCostPhysicianBASE_Full,MTT,5Q1oUPRkjAmbnd0apbnOCa
/Explore/SourceDataIntegration/Dev_EPSi_Cost,TASK_DEV_TDRGSTATETABLENUMS_EPSiCostDRGStateTableNumberBASE_Full,MTT,9tjgzgxFcSPaZNPavStGOk
/Explore/SourceDataIntegration,Dev_IDEA_OrthoManufacturerGrouping,Folder,ahlSXCq7vmVcWOQkNEnCg2
/Explore/SourceDataIntegration,Dev_Cerner_ClinicalView,Folder,awPqQeQe4INlvusvNPrxs9
/SYS,conn_dev_SrcFiles,Connection,3vkhqqfn6qFhJJY8cwKUy6
/Explore/SourceDataIntegration,Dev_IDEA_HealthPlans,Folder,jT2HKOtFj2Tg2WbJfWewKL
/Explore/SourceDataIntegration/Dev_EPSi_Reference,EPSI Full Sunday Batch,TASKFLOW,523e8YYGI5Qdzzgn8BCCIu
/Explore/SourceDataIntegration/Dev_EPSi_Cost,TASK_DEV_TACTIVITYCODERATESETTING_EPSiCostActivityCodeRateSettingBASE_Full,MTT,38elC4ySqNXcuP91jslGQB
/SYS,POC_TestFileProcessor,Connection,aBrlhyo3VU6bfk3wHgVZAM
/Explore/SourceDataIntegration,Dev_IDEA_ACO,Folder,1HPrxgyLfXqbzCv9aWt4mT
/SYS,SourceDataIntegration_Dev_Source_EPSi_Cost,Connection,18lDvfUKmX2gyvexeUuoAm
/Explore/SourceDataIntegration/Dev_EPSi_Cost,TASK_DEV_TPAYORPLANCODES_EPSiCostPayorPlanCodeBASE_Full,MTT,eWEnbxzXGGliVyrdG6pCWU
/Explore/SourceDataIntegration/Test_mpatel,mct_AzureDataLakeTemp,MTT,aB1EFPJxosHl8RrAXnMhsL
/Explore/SourceDataIntegration/POC,POC_PatientSatisfaction_Task,MTT,9GGSu7ScXaKdB7f5UuIicy
/Explore/SourceDataIntegration/Dev_EPSi_Cost,TASK_DEV_TLOSFACTORTABLES_EPSiCostLOSFactorTableNumberBASE_Full,MTT,9HgewmGDUcwelXha5qvCsd
/Explore/SourceDataIntegration/Dev_EPSi_Cost,TASK_DEV_TOPENCOUNTEREXT_EPSiCostOutpatientEncounterExtendedBASE_Incremental,MTT,aaJ8on29z5pbKx4Ly0XY4P
/Explore/SourceDataIntegration,Dev_IDEA_NorthORBlockSchedule,Folder,5lcF1tT4v9WgMuOTvsnesD
/Explore/SourceDataIntegration,Dev_SecureNGACO_IHIE,Folder,6Rjf1R1gS6IfbPT530vze5
/SYS,SourceDataIntegration_Dev_Target_AzureDataLake,Connection,2CZDwHNDrZxlum5MWcTkCK
/Explore/SourceDataIntegration,Dev_SecureCJR_Finance,Folder,diQ0cMbbywmiarim1G5DWN
/Explore/SourceDataIntegration/Dev_EPSi_Reference,TASK_DEV_TMDC_EPSiReferenceMDCBASE_Full,MTT,6gbxcUsqiPWcd9qQvgafUR
/Explore/SourceDataIntegration/Dev_EPSi_Cost,TASK_DEV_TPHYSICIANGROUPASSIGNMENT_EPSiCostPhysicianGroupAssignmentBASE_Full,MTT,4zmKsaa3Gp6ecrLZ5L8r6M
/Explore/SourceDataIntegration,Dev_FacultyPracticeSolutionsCenter_Benchmark,Folder,0zUDuMZgscZl5bE4j6hZU3
/Explore/SourceDataIntegration,Dev_IDEA_QIR,Folder,hVfj2oPlCotjkp5Uk7wPA5
/Explore/SourceDataIntegration/Dev_EPSi_Cost,Process1,PROCESS,2DPsmrYYQ4scqAOfq2XM0v
/Explore/SourceDataIntegration,Dev_IDEA_InternationalPatientServicesDataEntry,Folder,1HnzRm9LZ0ViAHeE6cNMum
/Explore/SourceDataIntegration,Dev_PatientSatisfaction_NRC,Folder,6YJWJCiXJyGdM0xbL1aHoM
/Explore/SourceDataIntegration,Dev_MFM_Reference,Folder,4O8OcBkQBlebwiZk3RhoeC
/Explore/SourceDataIntegration/Dev_EPSi_Cost,TASK_DEV_TACTUALPAYMENTTRANSACTIONCODES_EPSiCostActualPaymentTransactionCodeTypeBASE_Full,MTT,8AUgB4Lo8D6e0AyRfXYI6L
/Explore/SourceDataIntegration,Dev_CentricityBusinessRCS_Billing,Folder,dcXbqLdTE8jhhhub8mMO6u
/Explore/SourceDataIntegration/POC,POC_Map_TestFileShare_to_ADL,DTEMPLATE,0YJAR69SK3ahqE0Li2Sto1
/Explore/SourceDataIntegration/POC,POC_Map_TestFileProcessor_to_TestFileShare_dms,DTEMPLATE,6X0VLQjgK79kjJBoh4E5wj
/Explore/SourceDataIntegration/Dev_EPSi_Cost,TASK_DEV_TOPENCOUNTER_EPSiCostOutpatientSummaryCostBASE_Full,MTT,1ZLn1VfgdEDgqop1HEotwX
/Explore/SourceDataIntegration/Dev_EPSi_Cost,TASK_DEV_TIPENCOUNTEREXT_EPSiCostInpatientEncounterExtendedBASE_Full,MTT,ftRtHC3nW8BgbC1mIfnoKa
/SYS,DSA_EDW_DEV,Connection,akuy0LDNT9KibxNpwuQKAJ
/Explore/SourceDataIntegration,Dev_IDEA_OrthoCPTProcedureGroupings,Folder,iZDzXGymLArc1oa82aopOA
/Explore/SourceDataIntegration,Dev_MCCM_Continuum,Folder,9NIvY2G1GsienBS1g8toaI
/Explore/SourceDataIntegration/Dev_EPSi_Cost,TASK_DEV_TPAYORCODES_EPSiCostPayorBASE_Full,MTT,d1i0cvSmoWac07JfNgMd8d
/Explore/SourceDataIntegration,Dev_IDEA_GLMapping,Folder,2NWpPYmUS3biv91dgUiMcf
/Explore/SourceDataIntegration,Dev_IDEA_HomeCareServicesHandHygiene,Folder,0zddzbxjBBMdpcLA4IjVOH
/Explore/SourceDataIntegration/Dev_EPSi_Cost,TASK_DEV_TENCOUNTERDAYTYPE_EPSiCostEncounterDayTypeBASE_Full,MTT,2ylFB1l4sI6jQOMLSBAHWt
/Explore/SourceDataIntegration/Dev_EPSi_Cost,TASK_DEV_TFINANCIALCLASS_EPSiCostFinancialClassBASE_Full,MTT,bD7REOvG0uheZG9lU2Y8OH
/Explore/SourceDataIntegration,Dev_SecureCorus_Grouper,Folder,4prmkPJbUihgjSreSrlZAU
/Explore/SourceDataIntegration/Dev_EPSi_Cost,TASK_DEV_TYEARDEFINITION_EPSiCostYearDefinitionBASE_Full,MTT,5oJMzCrDEMXcdqr8mKm70i
/Explore/SourceDataIntegration/POC,POC_Map_Test_to_DataLake,DTEMPLATE,910ynYLnPpSfQ4hqVh0SqI
/Explore/SourceDataIntegration,Dev_SecureCorus_GrouperEngine,Folder,64NHyx4UHc8gdJeYr6CcUc
/Explore/SourceDataIntegration/Dev_EPSi_Cost,TASK_DEV_TCOSTGLEXPENSE_EPSiCostGLExpenseBASE_Full,MTT,8G7YL8X3o3pi0lQehfl6q6
/Explore/SourceDataIntegration,jdbc-SQLServerTrainer,AI_CONNECTION,1nwnHImefXMbANhfcRRlwV
/Explore/SourceDataIntegration/POC,POC_Map_CopyExisting,DTEMPLATE,c8LjsGYLM0Tfrdi14iRjCq
/Explore/SourceDataIntegration/POC,POC_Task_CopyExisting,MTT,8oKClSXkfZgeF8uXpuskad
/Explore,SourceDataIntegration,Project,3g7ovmqyR7uhyaSr1AeSwD
/Explore/SourceDataIntegration/POC,POC_Map_Test_to_DataLake - Copy 1,DTEMPLATE,7A3byvmxEaQfwjd2V0u7As
/Explore/SourceDataIntegration,Dev_IHA_Discharge,Folder,6hKK1FHUQ5bbDMXga0iJM2
/Explore/SourceDataIntegration,Dev_eClinicalWorks_Billing,Folder,2BzMJusFTYzc7Gkal3Ea8g
/Explore/SourceDataIntegration,Dev_IDEA_IUHPSchedulingVisitTypeMapping,Folder,dfAMbqnYaYGixFx0iGebUF
/Explore/SourceDataIntegration/Dev_EPSi_Cost,TASK_DEV_TDISCHARGEDISPOSITION_EPSiCostDischargeDispositionBASE_Full,MTT,0cesU4Y0iWiipULx2qffyL
/Explore/SourceDataIntegration/Dev_EPSi_Cost,TASK_DEV_TOPCHARGESKEY_EPSiCostOutpatientChargesBASE_Incremental,MTT,9FR4A8DJ6CRlVD7jDPdXka
/Explore/SourceDataIntegration,Dev_IDEA_Report,Folder,5jNy82Fjat2l5GYMl9XS8O
/Explore/SourceDataIntegration,Dev_NeoData_BMH,Folder,65QcMa6AxVGbkzxQOT7g4K
/Explore/SourceDataIntegration,Dev_IUHealthPlans_Claims,Folder,9atC6YVNL8plzBvkeNSfSF
/Explore/SourceDataIntegration,Dev_IDEA_PIP,Folder,eHwzRKwyAEIdchzGwHrKi3
/Explore/SourceDataIntegration/Dev_EPSi_Cost,TASK_DEV_TPAYORGROUPS_EPSiCostPayorGroupBASE_Full,MTT,2vNpS4JtvvuimsfrN1U1SW
/Explore/SourceDataIntegration,Dev_IDEA_OrthoDRACCULAReportLog,Folder,c2KGvkJ8DGAbWnhWsdDwQC
/Explore/SourceDataIntegration,Dev_IDEA_CHCA,Folder,cKTsxMxgWKVlqMRf5blfaE
/SYS,DSA_OPM_PIE,Connection,bPfp4uXeKUGcIBPaofnWop
/Explore/SourceDataIntegration,SqlOracle_DataLake_INS,DTEMPLATE,6dX3y461ivVjAeMybFtE2a
/Explore/SourceDataIntegration/Dev_EPSi_Reference,TASK_DEV_TDRGTABLE_EPSiReferenceDRGBASE_Full,MTT,18f7eSBVychjVQgRZ8mDaT
/Explore/SourceDataIntegration/Dev_EPSi_Cost,TASK_DEV_TCOSTSTATISTIC_EPSiCostStatisticBASE_Full,MTT,kQApSSNOqYJiGp5pmvGaQG
/Explore/SourceDataIntegration/Dev_EPSi_Cost,TASK_DEV_TDISCHARGEFLAG_EPSiCostDischargeFlagBASE_Full,MTT,3rycC82O0ttiRnsl1DV7wR
/Explore/SourceDataIntegration,Dev_UHC_InpatientEncounter,Folder,40qMwHtN0mWioGEXpidb2L
/Explore/SourceDataIntegration/Dev_EPSi_Cost,TASK_DEV_TENCOUNTERICD10PX_EPSiCostEncounterICD10ProcedureBASE_Full,MTT,jkQZuqqXVszl9Ccp1KcAYv
/SYS,POC_PatientSatisfactionStageNRCPatientSurveyLogBASE,Connection,dCH9pa0nkqajgKEfB9gJm6
/Explore/SourceDataIntegration/Dev_EPSi_Cost,TASK_DEV_TFACILITYTYPE_EPSiCostFacilityTypeBASE_Full,MTT,2UPszM2voHiibH163y07YR
/Explore/SourceDataIntegration/Dev_EPSi_Cost,TASK_DEV_TIPCHARGESKEY_EPSiCostInpatientChargesBASE_Incremental,MTT,0sgGqnKzUMQjKQDBQPgo0M
/Explore/SourceDataIntegration,Dev_CentricityBusinessIUMG_Scheduling,Folder,9oXDSmMezcBdtRsOLRmowv
/Explore/SourceDataIntegration,Dev_IDEA_IsolationandPPECompliance,Folder,jolQc2dWJGQjalo7S4B6gq
/Explore/SourceDataIntegration,Dev_MCCM_Reference,Folder,3o24TWTbMkKgGVmIqGWnEs
/Explore/SourceDataIntegration,Wrapper,PROCESS,2OaqywH7jQPebvmY026fya
/Explore/SourceDataIntegration,Dev_IDEA_IUHPPhysicianscFTELCGSpecialty,Folder,0UK7LCBXHofhI9UlxcWDGC
/Explore/SourceDataIntegration,IICS-RESTV2-IU,AI_SERVICE_CONNECTOR,ixxpdvddLWaeqxk5o9fqGQ
/Explore/SourceDataIntegration,Dev_IDEA_ArnettMainORBlockRelease,Folder,8rs1LcVXrtoeltHaqKMriD
/Explore/SourceDataIntegration,Dev_Epic_Person,Folder,f9SwrdRnEMqdVcueEWnyiv
/Explore/SourceDataIntegration/Dev_EPSi_Cost,TASK_DEV_TDISCHARGESTATUS_EPSiCostDischargeStatusBASE_Full,MTT,7HGSdj0cr6kbQ6fRA0BIMc
/Explore/SourceDataIntegration,Dev_Teletracking_dbo,Folder,c82emmZO2k1dZTqngyfVsZ
/Explore/SourceDataIntegration,Dev_EPSi_Reference,Folder,5U3KvjHiCncf7huS2elWco
/Explore/SourceDataIntegration,Dev_IDEA_WCRHandHygieneMeasurementTool,Folder,9TpkYiY1i4XfKyTGyb9MSD
/Explore/SourceDataIntegration/POC,POC_Task_TestFileShare_To_ADL,MTT,8xN4BDSMCfebj3s60G8G0y
/Explore/SourceDataIntegration,Dev_SecureCJR_StageHistorical,Folder,481Bw2YrukMl23Rsj6yiiI
/Explore/SourceDataIntegration/Dev_EPSi_Cost,EPSI Views with SMD,TASKFLOW,3YSLQVef5cae1rKSHpma6r
/Explore/SourceDataIntegration,Dev_Cherwell_Cherwell,Folder,kxtE8Sk2SEgiccD7eUZYml
/Explore/SourceDataIntegration,Dev_IDEA_TraumaRegistry,Folder,1CktdqS8DVjdhUg7BXqjgU
/Explore/SourceDataIntegration,Dev_NRCPicker_PatientSatisfaction,Folder,9ZlFOH2hsvWkdHtJjny3wp
/Explore/SourceDataIntegration/Dev_EPSi_Reference,EPSi Full Batch Reference,TASKFLOW,1hoj4VUcUaDgy2z1tVMAgh
/Explore/SourceDataIntegration/POC,POC_Taskflow_TestFileProcessor_to_ADL,TASKFLOW,a3khQWMw4faffmlXT0fZse
/Explore/SourceDataIntegration,Dev_CentricityBusinessIUMG_Registration,Folder,1WZLLk4OylwlslLGN6dkyz
/Explore/SourceDataIntegration,Dev_MCCM_Review,Folder,9uqNzA053ifiJtt0m2liiW
/Explore/SourceDataIntegration/Dev_EPSi_Cost,EPSi - EPSi Incremental Sunday as FULL Batch,TASKFLOW,7dggBDwc3qhd5MDVMtzZ0x
/Explore/SourceDataIntegration/POC,POC_PatientSatisfaction,DTEMPLATE,eSBAdmv1vOmgS7c1o6YI6A
/Explore/SourceDataIntegration/POC,Task_PIE_PractitionerSpecialty_DataLake,MTT,8y8QT0jDunHg0xegmAJZ0w
/Explore/SourceDataIntegration,Dev_CentricityBusinessIUMG_Reference,Folder,3AE0pZwN10IkrAHXBiuOkM
/Explore/SourceDataIntegration,Dev_SecureCorus_dbo,Folder,jni5Brh8PE7gkXNus4JkAD
/Explore/SourceDataIntegration/Dev_EPSi_Cost,TASK_DEV_TROOMBOARDTABLE_EPSiCostRoomAndBoardTableNumberBASE_Full,MTT,3y08MQT7B6hc5wOknJIjcy
/Explore/SourceDataIntegration/POC,POC_TEST,MTT,16rdulvHT6JgjBX0mmtN8H
/Explore/SourceDataIntegration/Dev_EPSi_Cost,TASK_DEV_TSERVICEGROUPSTABLES_EPSiCostServiceGroupTableInformationBASE_Full,MTT,8ovR33u1uoYkf8B2c4kPW3
/Explore/SourceDataIntegration/Dev_EPSi_Cost,TASK_DEV_TSEX_EPSiCostSexBASE_Full,MTT,452e9iQubTmdh5eP1Bl5EE
/SYS,POC_SFTPAdvanced,Connection,gQHSOFnGGKVcsQyVXolQy3
/Explore/SourceDataIntegration,Dev_IDEA_SCRSouthcentralRegionHandHygieneMeasurementTool,Folder,cKozXNaxUSfcmsqjKyylWb
/Explore/SourceDataIntegration,Dev_Epic_Appointment,Folder,47DtHsOjyMckTpxoJphRIm
/Explore/SourceDataIntegration,Dev_HealtheIntent_Attribution,Folder,jAjYrEeN60ojFq8jN6Q7OR
/Explore/SourceDataIntegration/Dev_EPSi_Cost,TASK_DEV_TCOSTCENTERS_EPSiCostCostCenterBASE_Full,MTT,a2A2JaZTdUuiFt7jTQ9Reb
/Explore/SourceDataIntegration/Dev_EPSi_Reference,TASK_DEV_TICD10DXCODES_EPSiReferenceICD10DiagnosisBASE_Full,MTT,87moR4lB1YIfJFUTp9Dccc
/Explore/SourceDataIntegration,Dev_Cerner_Finance,Folder,0RtD6ytvXctipsBQzfpMc5
/Explore/SourceDataIntegration,Dev_IDEA_OrthoCJRPROMDataCollection,Folder,2GMA3DM5PTakoYiVnNlUIW
/Explore/SourceDataIntegration,Dev_Lawson_HumanResource,Folder,8HoIRd5j0eQl00HWSFxK0F
/Explore/SourceDataIntegration/Dev_EPSi_Cost,TASK_DEV_TACTUALPAYMENTS_EPSiCostActualPaymentBASE_Incremental,MTT,emPg9OToFQFk8V7Ivmwj8C
/Explore/SourceDataIntegration,Dev_SecureNGACO_Person,Folder,26ck2hmd8yJkzYB9hl6fEq
/Explore/SourceDataIntegration,Dev_SecureCJR_Stage,Folder,jpTzc0pA4eOieg2q3PLre0
/Explore/SourceDataIntegration/Dev_EPSi_Cost,TASK_DEV_TPHYSICIANTYPE_EPSiCostPhysicianTypeBASE_Full,MTT,1THS6oD0ESreAYZu5SQcM1
/Explore/SourceDataIntegration/Dev_EPSi_Cost,TASK_DEV_TENCOUNTERICD9PX_EPSiCostEncounterICD9ProcedureBASE_Incremental,MTT,79QlSU2j8wOiH7LTGL1nah
/Explore/SourceDataIntegration,Dev_Epic_Medication,Folder,jAoo28m7NCTbck4KvwubCF
/Explore/SourceDataIntegration,Dev_ICWCOGDBVG_Reference,Folder,5iTOEPznFANljBmCXWv9Qt
/Explore/SourceDataIntegration,Main,PROCESS,47w5QjsCAEhkcWvtfIKD8Y
/Explore/SourceDataIntegration/Dev_EPSi_Reference,TASK_DEV_TCPTCODES_EPSiReferenceCPTBASE_Full,MTT,4qe85gS8bv8cbAEPzEwBim
/Explore/SourceDataIntegration,Dev_MCCM_Incident,Folder,3J66m9Q6PoAj4J13Ktr9as
/Explore/SourceDataIntegration,Dev_IDEA_IndySuburbanHandHygieneMeasurementTool,Folder,kCmzLepJN07cATKq7naK25
/Explore/SourceDataIntegration,Dev_IDEA_IUHPayerGroupings,Folder,ikLotueLmo6l2qDhqvYl2F
/Explore/SourceDataIntegration/POC,MAP_DEV_FileProcessor_FileShare,DTEMPLATE,4SNwRpRrNYQkfUBAj5jVyK
/Explore/SourceDataIntegration,Dev_IDEA_BallResidents,Folder,8p6Pps1Z0ZBbR9AKbwEfWh
/Explore/SourceDataIntegration,Dev_CentricityBusinessRCS_Reference,Folder,1Wd1vf3G3HNdKqe8WLnf67
/Explore/SourceDataIntegration,Dev_MCCM_Indicator,Folder,7pMH3CgGIcBk6lnX8EYqUw
/Explore/SourceDataIntegration/Dev_EPSi_Cost,TASK_DEV_TDISCHARGESERVICE_EPSiCostDischargeServiceBASE_Full,MTT,ci5olIW9OWUhHiziVO0EUf
/Explore/SourceDataIntegration,Dev_IDEA_InfectionControl,Folder,6m0xT21ITK5jdVk0tSxkWP
/Explore/SourceDataIntegration/Dev_EPSi_Reference,TASK_DEV_TICD9PXCODES_EPSiReferenceICD9ProcedureBASE_Full,MTT,2A0jmEPY2CZhHfrw8NUKkV
/Explore/SourceDataIntegration,Dev_UHC_CoreMeasure,Folder,4ggPVLrupGvcWXx2hXWXIi
/Explore/SourceDataIntegration,Dev_Cerner_CustomApplications,Folder,6mYQNesXHqscdQKiye8uas
/Explore/SourceDataIntegration,Dev_IDEA_OrthoICDProcedureGroupings,Folder,8QoZdyUCFcElVzkZgJmmwN
/Explore/SourceDataIntegration,Dev_IDEA_EGSRegistry,Folder,1uc9HVMFhG3dA6BleOlRu8
/Explore/SourceDataIntegration/Dev_EPSi_Cost,TASK_DEV_TICD10DXPOA_EPSiCostICD10DiagnosisPresentOnAdmissionBASE_Full,MTT,64cgBaNbEk2hp96gtoWuq4
/Explore/SourceDataIntegration,Dev_PIE_Reference,Folder,flJkREqVYc8bBtBfBIx8KC
/Explore/SourceDataIntegration/POC,SourceToTarget,DTEMPLATE,4YkMxGdmGcQgnzj9KqQEyG
/Explore/SourceDataIntegration/Dev_EPSi_Cost,TASK_DEV_TOPCHARGESDETAILCOSTS0001_EPSiCostOutpatientChargesDetailCostBASE_Incremental,MTT,cFhoSllWo2KbBLDHDO0Xcz
/Explore/SourceDataIntegration/Dev_EPSi_Cost,TASK_DEV_TPATIENTTYPES_EPSiCostPatientTypeBASE_Full,MTT,7bkVM07Y1FsjpZjTrChYc9
/Explore/SourceDataIntegration,Dev_IDEA_dbo,Folder,9njeAgnAD8yhPxo1TM8vI9
/Explore/SourceDataIntegration,Dev_IDEA_ProcedureCodes,Folder,fSZJROhcbGAlGJQL1TY6y8
/Explore/SourceDataIntegration,Dev_HREmployeeSecured_Reference,Folder,5T1fgSDs0jlklUlv6Fqj0i
/Explore/SourceDataIntegration/Dev_EPSi_Reference,TASK_DEV_TMSDRGTABLE_EPSiReferenceMSDRGBASE_Full,MTT,0VTeu29QCr4loEQoJiknsC
/Explore/SourceDataIntegration,Dev_IDEA_WestORBlockRelease,Folder,6ZU7Fs1uyFqdBB1LCmURIU
/Explore/SourceDataIntegration/Dev_EPSi_Cost,TASK_DEV_TADMITSERVICE_EPSiCostAdmissionServiceBASE_Full,MTT,fdhEh20gEw4b3qGewUyk20
/Explore/SourceDataIntegration/Dev_EPSi_Cost,TASK_DEV_TOPCHARGESDETAILCOSTS0001_EPSiCostOutpatientChargesDetailCostBASE_Full,MTT,9IR0pztjJ20eodIz6BeTeO
/Explore/SourceDataIntegration,Dev_EPSi_Cost,Folder,f6IDZpc1uAmj8H6hShAsYf
/Explore/SourceDataIntegration,Dev_Epic_CarePlan,Folder,fHOKvgHBUKxjjFnAFOPq0X
/Explore/SourceDataIntegration,Dev_IDEA_EVSIsolAudit,Folder,40NFqtCsQSyh8Ab5QaacMC
/Explore/SourceDataIntegration/Dev_EPSi_Cost,TASK_DEV_TPATIENTCUSTOMTYPES_EPSiCostCustomPatientTypeBASE_Full,MTT,6uGpyXYkOwwiV26WSGQ1aM
/Explore/SourceDataIntegration,Dev_IDEA_AHCHandHygieneMeasurementTool,Folder,f2jxK6FBr86gYcwgLB89Wq
/Explore/SourceDataIntegration,Dev_IDEA_SystemBalanced,Folder,0Q0fc8wKGB0cklgIsB2kak
/Explore/SourceDataIntegration,Dev_Stix_Stix,Folder,fOAaaqJkIugfK1UdtXWiSv
/Explore/SourceDataIntegration,Dev_IUHealthPlans_Reference,Folder,2sx6fsc1QBXec4oNnAhZ2a
/Explore/SourceDataIntegration,Dev_SecureNGACO_PartD,Folder,8mx2UrPjAJUe1OoGs3gFgt
/Explore/SourceDataIntegration,Dev_SecureCorus_Entity,Folder,0H2myoWHDyccHQhhKpT704
/Explore/SourceDataIntegration,Dev_IDEA_QR,Folder,4apIICKEfCMdRE2ln7Lf8E
/Explore/SourceDataIntegration/Dev_EPSi_Cost,TASK_DEV_TPATIPVARCHARGECOSTS_EPSiCostInpatientVariableChargeCostBASE_Full,MTT,aGEvQul3x25dHy75h2WVcx
/Explore/SourceDataIntegration,Dev_CentricityBusinessIUMG_Billing,Folder,f1aJMNZPogcgtFFeVjgJCL
/Explore/SourceDataIntegration,Dev_OTTR_OTTR,Folder,6n21SFimdiXbGp5Ezc9r8g
/Explore/SourceDataIntegration,Dev_Cerner_Pharmacy,Folder,5grXBUaEg0PgvTZYOHHugJ
/Explore/SourceDataIntegration/Dev_EPSi_Cost,TASK_DEV_TCOSTPROCEDURELEVELRCC_EPSiCostProcedureLevelRCCBASE_Full,MTT,2by1BT51w8GkoKYqms1Wqm
/Explore/SourceDataIntegration/Dev_EPSi_Cost,TASK_DEV_TREVENUECENTERS_EPSiCostRevenueCentersBASE_Full,MTT,0iVL9HB5SSod79RcUqZkIx
/Explore/SourceDataIntegration,Dev_Cerner_Reference,Folder,jtieVP3OVAGiplML8FTGOg