<aetgt:getResponse xmlns:aetgt="http://schemas.active-endpoints.com/appmodules/repository/2010/10/avrepository.xsd"
                   xmlns:types1="http://schemas.active-endpoints.com/appmodules/repository/2010/10/avrepository.xsd">
   <types1:Item>
      <types1:EntryId>m7yYwDxomUhGdwO-gt-5095579-2020-04-23T20:05:09.198Z::po.xml</types1:EntryId>
      <types1:Name>ErrorModel-2</types1:Name>
      <types1:ParentFlowIds>chIGMhINciZBpDU-gt-4502396-2020-05-01T12:35:12.035Z::pd.xml,qZx1XmgaabclvAh-gt-5094871-2020-04-23T19:40:47.261Z::pd.xml</types1:ParentFlowIds>
      <types1:MimeType>application/xml+processobject</types1:MimeType>
      <types1:Description>Purpose: Extended Error Model for API Response</types1:Description>
      <types1:AppliesTo/>
      <types1:Tags/>
      <types1:VersionLabel>1.0</types1:VersionLabel>
      <types1:State>CURRENT</types1:State>
      <types1:ProcessGroup/>
      <types1:CreatedBy>edis@gmu.edu.sandbox</types1:CreatedBy>
      <types1:CreationDate>2020-04-23T20:05:09Z</types1:CreationDate>
      <types1:ModifiedBy/>
      <types1:PublicationStatus>unpublished</types1:PublicationStatus>
      <types1:AutosaveExists>false</types1:AutosaveExists>
      <types1:Entry>
         <processObject xmlns="http://schemas.active-endpoints.com/appmodules/screenflow/2011/06/avosHostEnvironment.xsd"
                        displayName="ErrorModel"
                        isByCopy="true"
                        name="ErrorModel-2">
            <description>Purpose: Extended Error Model for API Response</description>
            <tags/>
            <detail>
               <field label="details" name="message" type="string"/>
               <field label="code" name="code" type="int"/>
               <field label="reason" name="reason" type="string"/>
            </detail>
         </processObject>
      </types1:Entry>
      <types1:GUID>4T1mxh4JJg4l48apvflWiq</types1:GUID>
      <types1:DisplayName>ErrorModel</types1:DisplayName>
   </types1:Item>
   <types1:CurrentServerDateTime>2020-06-23T19:59:47.369Z</types1:CurrentServerDateTime>
</aetgt:getResponse>
