<aetgt:getResponse xmlns:aetgt="http://schemas.active-endpoints.com/appmodules/repository/2010/10/avrepository.xsd"
                   xmlns:types1="http://schemas.active-endpoints.com/appmodules/repository/2010/10/avrepository.xsd">
   <types1:Item>
      <types1:EntryId>3gk1AhrswVYx8R8-gt-1986117-2020-04-17T19:48:44.872Z::po.xml</types1:EntryId>
      <types1:Name>Metadatalinks-1</types1:Name>
      <types1:MimeType>application/xml+processobject</types1:MimeType>
      <types1:Description>Common Metadatalinks Model template</types1:Description>
      <types1:AppliesTo/>
      <types1:Tags/>
      <types1:VersionLabel>1.0</types1:VersionLabel>
      <types1:State>CURRENT</types1:State>
      <types1:ProcessGroup/>
      <types1:CreatedBy>edis@gmu.edu.sandbox</types1:CreatedBy>
      <types1:CreationDate>2020-04-17T19:48:45Z</types1:CreationDate>
      <types1:ModifiedBy>edis@gmu.edu.sandbox</types1:ModifiedBy>
      <types1:ModificationDate>2020-04-17T19:54:37Z</types1:ModificationDate>
      <types1:PublicationStatus>unpublished</types1:PublicationStatus>
      <types1:AutosaveExists>false</types1:AutosaveExists>
      <types1:Entry>
         <processObject xmlns="http://schemas.active-endpoints.com/appmodules/screenflow/2011/06/avosHostEnvironment.xsd"
                        displayName="Metadatalinks"
                        isByCopy="true"
                        name="Metadatalinks-1">
            <description>Common Metadatalinks Model template</description>
            <tags/>
            <detail>
               <field label="self" name="self" type="string"/>
               <field label="first" name="first" type="string"/>
               <field label="previous" name="previous" type="string"/>
               <field label="next" name="next" type="string"/>
               <field label="last" name="last" type="string"/>
            </detail>
         </processObject>
      </types1:Entry>
      <types1:GUID>3xVsdQg6fBae2gS1gO6qCp</types1:GUID>
      <types1:DisplayName>Metadatalinks</types1:DisplayName>
   </types1:Item>
   <types1:CurrentServerDateTime>2020-06-23T19:59:47.605Z</types1:CurrentServerDateTime>
</aetgt:getResponse>
