<aetgt:getResponse xmlns:aetgt="http://schemas.active-endpoints.com/appmodules/repository/2010/10/avrepository.xsd"
                   xmlns:types1="http://schemas.active-endpoints.com/appmodules/repository/2010/10/avrepository.xsd">
   <types1:Item>
      <types1:EntryId>vwMbgbdoPVm5Y6t-gt-15493507-2020-05-14T11:15:04.835Z::po.xml</types1:EntryId>
      <types1:Name>ErrorModel-2-1</types1:Name>
      <types1:MimeType>application/xml+processobject</types1:MimeType>
      <types1:Description>Purpose: Input Validations Informatica Error Model for API Response</types1:Description>
      <types1:AppliesTo/>
      <types1:Tags/>
      <types1:VersionLabel>1.0</types1:VersionLabel>
      <types1:State>CURRENT</types1:State>
      <types1:ProcessGroup/>
      <types1:CreatedBy>mlulis@gmu.edu.dev</types1:CreatedBy>
      <types1:CreationDate>2020-05-14T11:15:05Z</types1:CreationDate>
      <types1:ModifiedBy>mlulis@gmu.edu.dev</types1:ModifiedBy>
      <types1:ModificationDate>2020-05-14T11:18:25Z</types1:ModificationDate>
      <types1:PublicationStatus>unpublished</types1:PublicationStatus>
      <types1:AutosaveExists>false</types1:AutosaveExists>
      <types1:Entry>
         <processObject xmlns="http://schemas.active-endpoints.com/appmodules/screenflow/2011/06/avosHostEnvironment.xsd"
                        displayName="ErrorModel-2"
                        isByCopy="true"
                        name="ErrorModel-2-1">
            <description>Purpose: Input Validations Informatica Error Model for API Response</description>
            <tags/>
            <detail>
               <field label="code" name="code" type="string"/>
               <field label="details" name="details" type="objectlist">
                  <options>
                     <option name="referenceTo">$po:$any</option>
                     <option name="relationshipName">Child</option>
                  </options>
               </field>
               <field label="message" name="message" type="string"/>
            </detail>
         </processObject>
      </types1:Entry>
      <types1:GUID>2rSGJyzdFEriOsjUWlSDAV</types1:GUID>
      <types1:DisplayName>ErrorModel-2</types1:DisplayName>
   </types1:Item>
   <types1:CurrentServerDateTime>2020-06-23T19:59:47.594Z</types1:CurrentServerDateTime>
</aetgt:getResponse>
