<aetgt:getResponse xmlns:aetgt="http://schemas.active-endpoints.com/appmodules/repository/2010/10/avrepository.xsd"
                   xmlns:types1="http://schemas.active-endpoints.com/appmodules/repository/2010/10/avrepository.xsd">
   <types1:Item>
      <types1:EntryId>fSmbduaa-gt-12991662-2020-04-03T12:50:02.208Z::po.xml</types1:EntryId>
      <types1:Name>ErrorModel-1</types1:Name>
      <types1:ParentFlowIds>0bdpsaaaa-gt-8543548-2020-05-15T17:16:59.995Z::pd.xml,0fPAreFRqXpIW7W-gt-7485246-2020-05-20T13:54:06.99Z::pd.xml,2n7ZLPJljxcghuI-gt-5324835-2020-05-27T20:57:58.5Z::pd.xml,30thJ6gaabclvAh-gt-17105891-2020-05-08T13:15:21.883Z::pd.xml,5gchwAQlBWlD2pH-gt-11957981-2020-05-08T13:15:48.906Z::pd.xml,5lRuImXycotFgpK-gt-14296725-2020-05-04T19:13:14.912Z::pd.xml,5PiciT6sFsdsFsd-gt-26639150-2020-05-14T20:22:34.909Z::pd.xml,6yV4AdypKwKBqRi-gt-25138237-2020-05-12T14:59:38.929Z::pd.xml,78OHDvGFaaaaaaa-gt-3711281-2020-04-29T03:27:24.943Z::pd.xml,7D2L5SeE1KoJBUh-gt-26033335-2020-05-13T16:12:43.95Z::pd.xml,7k4AdypKwKBqRi9-gt-3044252-2020-05-15T19:43:08.94Z::pd.xml,7Y3AxtPk7HNCnch-gt-16337091-2020-05-07T16:40:17.942Z::pd.xml,8dpgbcggaaaaa-gt-15792917-2020-05-14T20:22:33.954Z::pd.xml,8RVf4VQT53nQciS-gt-15555443-2020-05-06T18:28:09.696Z::pd.xml,9VtsDaaabdvhxiQ-gt-4447118-2020-04-22T19:54:53.973Z::pd.xml,9xGomUhGdwOLIFv-gt-9248836-2020-05-22T04:50:23.971Z::pd.xml,abcjw4ARW8UBM7z-gt-7679770-2020-05-12T15:15:15.014Z::pd.xml,cjAXhNUdyOoMdtl-gt-4903199-2020-05-18T15:54:12.039Z::pd.xml,clQdycotFgpKi9z-gt-17075053-2020-05-08T15:38:24.04Z::pd.xml,dypLK2D86CjqFVN-gt-9604576-2020-05-20T13:57:35.063Z::pd.xml,EqclNE6Eaaaaaaa-gt-15619140-2020-05-06T17:26:53.49Z::pd.xml,FIWk6yQC8WrY1Sy-gt-2457061-2020-05-20T13:54:07.251Z::pd.xml,gbdutaaabbgdoGs-gt-10510556-2020-04-29T20:22:22.101Z::pd.xml,HEJRxZsEi4tciSr-gt-12804658-2020-05-27T20:13:11.543Z::pd.xml,HUPAZf5kck8jKBm-gt-8827380-2020-05-18T04:43:16.545Z::pd.xml,ImXycotFgpKi9zh-gt-24404886-2020-05-11T17:55:32.549Z::pd.xml,jH4oDdvrTdtqSLl-gt-26376498-2020-05-14T12:30:57.159Z::pd.xml,ji4YclFmVSciY3A-gt-286441-2020-05-18T02:22:18.146Z::pd.xml,jlTonQYWeIssjql-gt-15540521-2020-05-06T18:11:34.148Z::pd.xml,JT76i3zymbduaa-gt-26770339-2020-05-14T20:22:34.57Z::pd.xml,KBmeK3jhBjop81V-gt-15993504-2020-04-03T17:30:48.595Z::pd.xml,kcifSB7O2htghGZ-gt-2972905-2020-05-15T19:43:09.217Z::pd.xml,KoEFsWTzIf6riX2-gt-1348643-2020-05-23T15:11:37.585Z::pd.xml,LD6HKoJBUhtycot-gt-25388077-2020-05-12T20:25:34.612Z::pd.xml,LlBWlD2pHALVYxW-gt-1413634-2020-04-09T16:08:47.609Z::pd.xml,llCYAOTMneBjrab-gt-875595-2020-05-12T14:59:39.178Z::pd.xml,m59XW1830nYNmum-gt-2981207-2020-05-15T18:09:32.197Z::pd.xml,mi3wOLIFvukNXHV-gt-277121-2020-05-18T19:49:28.203Z::pd.xml,mtxGomUhGdwOLIF-gt-14074025-2020-05-04T14:09:33.207Z::pd.xml,NLnQciSrZMSPfXB-gt-16474520-2020-05-07T21:36:48.629Z::pd.xml,O6Pw97yV4AdypKw-gt-25270957-2020-05-12T14:56:14.647Z::pd.xml,oHY2KsJlv58pIO3-gt-5587497-2020-04-24T13:55:31.235Z::pd.xml,OznKKvvNtLSVMTo-gt-14772283-2020-05-05T16:09:23.658Z::pd.xml,pzDLdw8jIw8jIw8-gt-9221032-2020-05-04T15:11:26.253Z::pd.xml,QbdqVIKchzt1Y6t-gt-16380185-2020-05-07T17:42:33.678Z::pd.xml,QhNzUzeA8rJ4pbg-gt-13872797-2020-05-04T02:57:06.86Z::pd.xml,QoPVm5Y6tMFygls-gt-11353903-2020-05-27T05:39:34.687Z::pd.xml,QWu8zbgdwUiQLnz-gt-26377340-2020-05-14T12:32:37.691Z::pd.xml,r6zlrMZgpDqotxG-gt-887422-2020-05-12T15:15:15.28Z::pd.xml,ROKx6I1dq2ME9pa-gt-5186512-2020-04-23T22:07:19.704Z::pd.xml,sGuDoWn2sqeErhN-gt-1330225-2020-05-23T15:01:18.292Z::pd.xml,sH7lJjx9AWbg0Zk-gt-15792931-2020-05-14T20:22:34.29Z::pd.xml,Su7O2htghGZ5i4r-gt-1320570-2020-05-23T14:34:12.72Z::pd.xml,toC2g0aaaaaaaaa-gt-27400933-2020-05-15T18:09:31.9Z::pd.xml,TqAJlJjx9AWbg0Z-gt-16399684-2020-05-07T18:07:12.736Z::pd.xml,tRBjISUXL86zqzm-gt-873296-2020-05-12T14:56:14.311Z::pd.xml,tUSptM9hOznKKvv-gt-14932317-2020-05-13T14:23:12.31Z::pd.xml,UJsJGD4ARW8UBM7-gt-9347346-2020-05-04T18:55:00.474Z::pd.xml,WRi8RVf4VQT53nQ-gt-3946904-2020-05-27T20:57:58.785Z::pd.xml,x3kPaaaaaaaaa-gt-9281598-2020-05-04T16:58:08.138Z::pd.xml,xeLeG3vASaaaaa-gt-14803276-2020-05-05T16:20:17.375Z::pd.xml,xTtlI20hELlBWlD-gt-6620809-2020-05-08T15:38:23.8Z::pd.xml</types1:ParentFlowIds>
      <types1:MimeType>application/xml+processobject</types1:MimeType>
      <types1:Description>Purpose: Error Model for API Response</types1:Description>
      <types1:AppliesTo/>
      <types1:Tags/>
      <types1:VersionLabel>1.0</types1:VersionLabel>
      <types1:State>CURRENT</types1:State>
      <types1:ProcessGroup/>
      <types1:CreatedBy>mlulis@gmu.edu.sandbox</types1:CreatedBy>
      <types1:CreationDate>2020-04-03T12:50:02Z</types1:CreationDate>
      <types1:ModifiedBy>edis@gmu.edu.dev</types1:ModifiedBy>
      <types1:ModificationDate>2020-05-27T20:16:08Z</types1:ModificationDate>
      <types1:PublicationStatus>unpublished</types1:PublicationStatus>
      <types1:AutosaveExists>false</types1:AutosaveExists>
      <types1:Entry>
         <processObject xmlns="http://schemas.active-endpoints.com/appmodules/screenflow/2011/06/avosHostEnvironment.xsd"
                        displayName="ErrorModel"
                        isByCopy="true"
                        name="ErrorModel-1">
            <description>Purpose: Error Model for API Response</description>
            <tags/>
            <detail>
               <field label="code" name="code" type="string"/>
               <field label="detail" name="detail" type="string"/>
               <field label="reason" name="reason" type="string"/>
            </detail>
         </processObject>
      </types1:Entry>
      <types1:GUID>45Cm0QkdYHgdgzFBT65SSW</types1:GUID>
      <types1:DisplayName>ErrorModel</types1:DisplayName>
   </types1:Item>
   <types1:CurrentServerDateTime>2020-06-23T19:59:47.6Z</types1:CurrentServerDateTime>
</aetgt:getResponse>
