<aetgt:getResponse xmlns:aetgt="http://schemas.active-endpoints.com/appmodules/repository/2010/10/avrepository.xsd"
                   xmlns:types1="http://schemas.active-endpoints.com/appmodules/repository/2010/10/avrepository.xsd">
   <types1:Item>
      <types1:EntryId>pNVMTonQYWeIssj-gt-4938963-2020-04-03T12:50:54.257Z::po.xml</types1:EntryId>
      <types1:Name>ExtendedErrorModel-1</types1:Name>
      <types1:MimeType>application/xml+processobject</types1:MimeType>
      <types1:Description>Purpose: Extended Error Model for API Response</types1:Description>
      <types1:AppliesTo/>
      <types1:Tags/>
      <types1:VersionLabel>1.0</types1:VersionLabel>
      <types1:State>CURRENT</types1:State>
      <types1:ProcessGroup/>
      <types1:CreatedBy>mlulis@gmu.edu.sandbox</types1:CreatedBy>
      <types1:CreationDate>2020-04-03T12:50:54Z</types1:CreationDate>
      <types1:ModifiedBy>mlulis@gmu.edu.dev</types1:ModifiedBy>
      <types1:ModificationDate>2020-04-10T18:32:37Z</types1:ModificationDate>
      <types1:PublicationStatus>unpublished</types1:PublicationStatus>
      <types1:AutosaveExists>false</types1:AutosaveExists>
      <types1:Entry>
         <processObject xmlns="http://schemas.active-endpoints.com/appmodules/screenflow/2011/06/avosHostEnvironment.xsd"
                        displayName="ExtendedErrorModel"
                        isByCopy="true"
                        name="ExtendedErrorModel-1">
            <description>Purpose: Extended Error Model for API Response</description>
            <tags/>
            <detail>
               <field label="message" name="message" type="string"/>
               <field label="code" name="code" type="int"/>
               <field label="rootCause" name="rootCause" type="string"/>
            </detail>
         </processObject>
      </types1:Entry>
      <types1:GUID>6Q28cbF4Mipd8sZvBDIR2g</types1:GUID>
      <types1:DisplayName>ExtendedErrorModel</types1:DisplayName>
   </types1:Item>
   <types1:CurrentServerDateTime>2020-06-23T19:59:47.851Z</types1:CurrentServerDateTime>
</aetgt:getResponse>
