<aetgt:getResponse xmlns:aetgt="http://schemas.active-endpoints.com/appmodules/repository/2010/10/avrepository.xsd"
                   xmlns:types1="http://schemas.active-endpoints.com/appmodules/repository/2010/10/avrepository.xsd">
   <types1:Item>
      <types1:EntryId>ciW7eLyCnNZPD4A-gt-880310-2020-04-08T21:05:27.036Z::po.xml</types1:EntryId>
      <types1:Name>Metadata</types1:Name>
      <types1:MimeType>application/xml+processobject</types1:MimeType>
      <types1:Description>Common Metadata Model</types1:Description>
      <types1:AppliesTo/>
      <types1:Tags/>
      <types1:VersionLabel>1.0</types1:VersionLabel>
      <types1:State>CURRENT</types1:State>
      <types1:ProcessGroup/>
      <types1:CreatedBy>edis@gmu.edu.sandbox</types1:CreatedBy>
      <types1:CreationDate>2020-04-08T21:05:27Z</types1:CreationDate>
      <types1:ModifiedBy>edis@gmu.edu.dev</types1:ModifiedBy>
      <types1:ModificationDate>2020-05-27T20:16:26Z</types1:ModificationDate>
      <types1:PublicationStatus>unpublished</types1:PublicationStatus>
      <types1:AutosaveExists>false</types1:AutosaveExists>
      <types1:Entry>
         <processObject xmlns="http://schemas.active-endpoints.com/appmodules/screenflow/2011/06/avosHostEnvironment.xsd"
                        displayName="Metadata"
                        isByCopy="true"
                        name="Metadata">
            <description>Common Metadata Model</description>
            <tags/>
            <detail>
               <field label="pageNumber" name="pageNumber" type="int"/>
               <field label="pageSize" name="pageSize" type="int"/>
               <field label="pageCount" name="pageCount" type="int"/>
               <field label="totalCount" name="totalCount" type="int"/>
               <field label="Links" name="Links" type="reference">
                  <options>
                     <option name="referenceTo">$po:Metadatalinks</option>
                     <option name="guid">fxPlxBdIxIWbTERmO54ByB</option>
                     <option name="relationshipName">Child</option>
                  </options>
               </field>
            </detail>
         </processObject>
      </types1:Entry>
      <types1:GUID>7mvUL2jsWiEfvddzwz3DUo</types1:GUID>
      <types1:DisplayName>Metadata</types1:DisplayName>
   </types1:Item>
   <types1:CurrentServerDateTime>2020-06-23T19:59:48.145Z</types1:CurrentServerDateTime>
</aetgt:getResponse>
