<aetgt:getResponse xmlns:aetgt="http://schemas.active-endpoints.com/appmodules/repository/2010/10/avrepository.xsd"
                   xmlns:types1="http://schemas.active-endpoints.com/appmodules/repository/2010/10/avrepository.xsd">
   <types1:Item>
      <types1:EntryId>sOSM8NciZBpDUQb-gt-2257636-2020-04-10T18:32:11.294Z::po.xml</types1:EntryId>
      <types1:Name>REQUESTMetadata</types1:Name>
      <types1:MimeType>application/xml+processobject</types1:MimeType>
      <types1:Description>Purpose: Request Metadata Model for API Request</types1:Description>
      <types1:AppliesTo/>
      <types1:Tags/>
      <types1:VersionLabel>1.0</types1:VersionLabel>
      <types1:State>CURRENT</types1:State>
      <types1:ProcessGroup/>
      <types1:CreatedBy>mlulis@gmu.edu.dev</types1:CreatedBy>
      <types1:CreationDate>2020-04-10T18:32:11Z</types1:CreationDate>
      <types1:ModifiedBy>edis@gmu.edu.sandbox</types1:ModifiedBy>
      <types1:ModificationDate>2020-04-14T17:12:39Z</types1:ModificationDate>
      <types1:PublicationStatus>unpublished</types1:PublicationStatus>
      <types1:AutosaveExists>false</types1:AutosaveExists>
      <types1:Entry>
         <processObject xmlns="http://schemas.active-endpoints.com/appmodules/screenflow/2011/06/avosHostEnvironment.xsd"
                        displayName="REQUESTMetadata"
                        isByCopy="true"
                        name="REQUESTMetadata">
            <description>Purpose: Request Metadata Model for API Request</description>
            <tags/>
            <detail>
               <field label="pageNumber" name="pageNumber" type="int"/>
               <field label="pageSize" name="pageSize" type="int"/>
               <field label="pageCount" name="pageCount" type="int"/>
               <field label="totalCount" name="totalCount" type="int"/>
            </detail>
         </processObject>
      </types1:Entry>
      <types1:GUID>2D4brLX74l9gfK4m7d5Aop</types1:GUID>
      <types1:DisplayName>REQUESTMetadata</types1:DisplayName>
   </types1:Item>
   <types1:CurrentServerDateTime>2020-06-23T19:59:46.92Z</types1:CurrentServerDateTime>
</aetgt:getResponse>
