<aetgt:getResponse xmlns:aetgt="http://schemas.active-endpoints.com/appmodules/repository/2010/10/avrepository.xsd"
                   xmlns:types1="http://schemas.active-endpoints.com/appmodules/repository/2010/10/avrepository.xsd">
   <types1:Item>
      <types1:EntryId>WTzIf6riX2FNBeN-gt-2278708-2020-04-10T18:37:26.779Z::po.xml</types1:EntryId>
      <types1:Name>SampleAPINameV1Request</types1:Name>
      <types1:MimeType>application/xml+processobject</types1:MimeType>
      <types1:Description>ProcessObject as Sample API Request</types1:Description>
      <types1:AppliesTo/>
      <types1:Tags/>
      <types1:VersionLabel>1.0</types1:VersionLabel>
      <types1:State>CURRENT</types1:State>
      <types1:ProcessGroup/>
      <types1:CreatedBy>mlulis@gmu.edu.dev</types1:CreatedBy>
      <types1:CreationDate>2020-04-10T18:37:27Z</types1:CreationDate>
      <types1:ModifiedBy/>
      <types1:PublicationStatus>unpublished</types1:PublicationStatus>
      <types1:AutosaveExists>false</types1:AutosaveExists>
      <types1:Entry>
         <processObject xmlns="http://schemas.active-endpoints.com/appmodules/screenflow/2011/06/avosHostEnvironment.xsd"
                        displayName="SampleAPINameV1Request"
                        isByCopy="true"
                        name="SampleAPINameV1Request">
            <description>ProcessObject as Sample API Request</description>
            <tags/>
            <detail>
               <field label="pageNumber" name="pageNumber" type="int"/>
               <field label="pageSize" name="pageSize" type="int"/>
               <field label="Current_Ind" name="Current_Ind" type="string"/>
               <field label="gNumber" name="gNumber" type="string"/>
               <field label="effectiveFromDate" name="effectiveFromDate" type="date"/>
            </detail>
         </processObject>
      </types1:Entry>
      <types1:GUID>5L6Obam3zpLl7vznkcJrKC</types1:GUID>
      <types1:DisplayName>SampleAPINameV1Request</types1:DisplayName>
   </types1:Item>
   <types1:CurrentServerDateTime>2020-06-23T19:59:47.978Z</types1:CurrentServerDateTime>
</aetgt:getResponse>
